{"type":"FeatureCollection","features":[{"type":"Feature","properties":{"label":"Grand Boulevard","hover_name":null,"color_index":0,"label_lon":-87.61783,"label_lat":41.813445},"geometry":{"type":"Polygon","coordinates":[[[-87.606753,41.819079],[-87.606677,41.8153],[-87.606682,41.81472],[-87.606407,41.802251],[-87.626583,41.801939],[-87.628798,41.801893],[-87.628822,41.802667],[-87.628921,41.803366],[-87.629011,41.806705],[-87.629025,41.807245],[-87.628966,41.80786],[-87.629041,41.810153],[-87.628972,41.811206],[-87.629195,41.819461],[-87.629255,41.819787],[-87.629339,41.823024],[-87.629363,41.823272],[-87.629357,41.823676],[-87.607327,41.823949],[-87.606873,41.823965],[-87.606437,41.823306],[-87.606859,41.823166],[-87.606823,41.821087],[-87.606753,41.819079]]]}},{"type":"Feature","properties":{"label":"Printers Row","hover_name":null,"color_index":1,"label_lon":-87.629042,"label_lat":41.870553},"geometry":{"type":"Polygon","coordinates":[[[-87.627611,41.874552],[-87.627517,41.871524],[-87.627419,41.867414],[-87.630435,41.867374],[-87.630492,41.869648],[-87.630565,41.870576],[-87.630675,41.874522],[-87.627611,41.874552]]]}},{"type":"Feature","properties":{"label":"United Center","hover_name":null,"color_index":4,"label_lon":-87.67952,"label_lat":41.884199},"geometry":{"type":"Polygon","coordinates":[[[-87.667069,41.888852],[-87.666979,41.885404],[-87.666907,41.885122],[-87.66687,41.883212],[-87.666749,41.879992],[-87.666754,41.878925],[-87.666688,41.877643],[-87.666637,41.87549],[-87.669648,41.875432],[-87.671516,41.875452],[-87.676869,41.875369],[-87.6803,41.875333],[-87.683532,41.87533],[-87.691325,41.875256],[-87.691454,41.878396],[-87.691433,41.878397],[-87.691505,41.881113],[-87.692162,41.881106],[-87.692189,41.881333],[-87.69228,41.884404],[-87.691592,41.88443],[-87.691611,41.885436],[-87.691581,41.885667],[-87.691629,41.885719],[-87.691597,41.885819],[-87.691617,41.886004],[-87.691686,41.886094],[-87.691623,41.886177],[-87.69156,41.886457],[-87.691377,41.88681],[-87.691275,41.886958],[-87.691066,41.887181],[-87.690898,41.887328],[-87.690524,41.887578],[-87.690116,41.88776],[-87.689489,41.88794],[-87.68929,41.888021],[-87.688959,41.888058],[-87.688672,41.888175],[-87.688467,41.888173],[-87.68785,41.88832],[-87.687459,41.888386],[-87.687235,41.888403],[-87.686624,41.888411],[-87.686622,41.888635],[-87.685993,41.888572],[-87.685863,41.888573],[-87.67929,41.888688],[-87.672786,41.888782],[-87.670737,41.888828],[-87.667069,41.888852]]]}},{"type":"Feature","properties":{"label":"Sheffield & DePaul","hover_name":null,"color_index":0,"label_lon":-87.65367,"label_lat":41.92769},"geometry":{"type":"Polygon","coordinates":[[[-87.658335,41.921661],[-87.658534,41.927993],[-87.65871,41.932556],[-87.649012,41.93272],[-87.648633,41.921817],[-87.658335,41.921661]]]}},{"type":"Feature","properties":{"label":"Humboldt Park","hover_name":null,"color_index":1,"label_lon":-87.716535,"label_lat":41.904432},"geometry":{"type":"Polygon","coordinates":[[[-87.740596,41.887823],[-87.740694,41.890705],[-87.740749,41.891464],[-87.740581,41.891463],[-87.741152,41.895782],[-87.741168,41.896047],[-87.741155,41.896174],[-87.741098,41.896435],[-87.741021,41.89651],[-87.741074,41.896928],[-87.741119,41.898777],[-87.741212,41.898776],[-87.741232,41.898968],[-87.741325,41.899434],[-87.741342,41.899853],[-87.74134,41.900628],[-87.741164,41.900631],[-87.741354,41.908569],[-87.741411,41.908657],[-87.741367,41.90904],[-87.741377,41.909849],[-87.741324,41.910631],[-87.741343,41.911073],[-87.741285,41.912053],[-87.741335,41.913898],[-87.741027,41.913822],[-87.738782,41.913559],[-87.737713,41.913487],[-87.736724,41.913466],[-87.726448,41.913591],[-87.724193,41.913583],[-87.724003,41.913621],[-87.72215,41.913637],[-87.72134,41.913672],[-87.721002,41.913649],[-87.718563,41.913669],[-87.717882,41.913642],[-87.716658,41.913638],[-87.716656,41.913549],[-87.715921,41.913557],[-87.707025,41.913665],[-87.706855,41.913716],[-87.706857,41.913773],[-87.702325,41.913819],[-87.702328,41.913922],[-87.698239,41.913952],[-87.697986,41.913997],[-87.69765,41.914003],[-87.697097,41.914004],[-87.697094,41.913907],[-87.692203,41.91395],[-87.692105,41.910446],[-87.692115,41.910124],[-87.692042,41.906533],[-87.69193,41.90195],[-87.69178,41.895963],[-87.691668,41.892332],[-87.691701,41.892004],[-87.691648,41.891912],[-87.69157,41.888196],[-87.695202,41.888154],[-87.695946,41.888247],[-87.696667,41.888281],[-87.701412,41.888226],[-87.70141,41.888164],[-87.703868,41.888164],[-87.703871,41.888307],[-87.707234,41.888264],[-87.708634,41.888211],[-87.71986,41.888068],[-87.720983,41.888067],[-87.721175,41.888051],[-87.724213,41.888014],[-87.72465,41.888045],[-87.724645,41.887837],[-87.72587,41.887834],[-87.725874,41.887994],[-87.726975,41.887981],[-87.72766,41.888012],[-87.728619,41.887958],[-87.737963,41.887845],[-87.738169,41.887875],[-87.738515,41.887839],[-87.740596,41.887823]]]}},{"type":"Feature","properties":{"label":"Garfield Park","hover_name":null,"color_index":2,"label_lon":-87.715849,"label_lat":41.878454},"geometry":{"type":"Polygon","coordinates":[[[-87.695946,41.888247],[-87.695202,41.888154],[-87.69157,41.888196],[-87.688672,41.888175],[-87.688959,41.888058],[-87.68929,41.888021],[-87.689489,41.88794],[-87.690116,41.88776],[-87.690327,41.887677],[-87.690619,41.887523],[-87.690807,41.887397],[-87.690984,41.887256],[-87.691152,41.887096],[-87.691329,41.886885],[-87.691438,41.8867],[-87.69156,41.886457],[-87.691623,41.886177],[-87.691686,41.886094],[-87.691617,41.886004],[-87.691597,41.885819],[-87.691629,41.885719],[-87.691581,41.885667],[-87.691611,41.885436],[-87.691592,41.88443],[-87.69228,41.884404],[-87.692189,41.881333],[-87.692162,41.881106],[-87.691505,41.881113],[-87.691433,41.878397],[-87.691454,41.878396],[-87.691154,41.871112],[-87.691297,41.87111],[-87.691232,41.871012],[-87.691224,41.870626],[-87.691263,41.870303],[-87.691213,41.870104],[-87.69124,41.86939],[-87.691193,41.869295],[-87.692566,41.869284],[-87.695737,41.869226],[-87.696306,41.869242],[-87.705756,41.869133],[-87.70579,41.870053],[-87.706419,41.870056],[-87.715771,41.869935],[-87.717969,41.869941],[-87.717986,41.869918],[-87.718041,41.869906],[-87.719645,41.869889],[-87.720239,41.869869],[-87.720196,41.868587],[-87.725271,41.868526],[-87.725287,41.869089],[-87.732578,41.868999],[-87.732639,41.870677],[-87.732652,41.870922],[-87.732673,41.870977],[-87.739894,41.868963],[-87.739977,41.86983],[-87.740009,41.871459],[-87.740085,41.873252],[-87.73939,41.873266],[-87.739502,41.876624],[-87.739515,41.876909],[-87.740212,41.876907],[-87.740596,41.887823],[-87.738515,41.887839],[-87.738169,41.887875],[-87.737963,41.887845],[-87.728619,41.887958],[-87.72766,41.888012],[-87.726975,41.887981],[-87.725874,41.887994],[-87.72587,41.887834],[-87.724645,41.887837],[-87.72465,41.888045],[-87.724213,41.888014],[-87.721175,41.888051],[-87.720983,41.888067],[-87.71986,41.888068],[-87.708634,41.888211],[-87.707234,41.888264],[-87.703871,41.888307],[-87.703868,41.888164],[-87.70141,41.888164],[-87.701412,41.888226],[-87.696667,41.888281],[-87.695946,41.888247]]]}},{"type":"Feature","properties":{"label":"North Lawndale","hover_name":null,"color_index":1,"label_lon":-87.713903,"label_lat":41.859824},"geometry":{"type":"Polygon","coordinates":[[[-87.720239,41.869869],[-87.719645,41.869889],[-87.718041,41.869906],[-87.717986,41.869918],[-87.717969,41.869941],[-87.715771,41.869935],[-87.706034,41.87006],[-87.70579,41.870053],[-87.705756,41.869133],[-87.696306,41.869242],[-87.695737,41.869226],[-87.692566,41.869284],[-87.691193,41.869295],[-87.691151,41.868234],[-87.69109,41.867838],[-87.690948,41.867388],[-87.69095,41.867294],[-87.690872,41.867221],[-87.690842,41.867057],[-87.690714,41.866956],[-87.690475,41.866568],[-87.690754,41.866564],[-87.688783,41.863778],[-87.688182,41.863057],[-87.688116,41.861144],[-87.688215,41.861143],[-87.688195,41.860357],[-87.688215,41.859507],[-87.688169,41.859338],[-87.688073,41.859338],[-87.688023,41.857088],[-87.687962,41.856986],[-87.695559,41.855285],[-87.695569,41.855552],[-87.695744,41.855558],[-87.702929,41.855451],[-87.702877,41.853802],[-87.703771,41.853611],[-87.704014,41.853616],[-87.705187,41.853585],[-87.711203,41.853551],[-87.711143,41.851991],[-87.712422,41.851707],[-87.712562,41.85169],[-87.722281,41.851582],[-87.722227,41.849361],[-87.738378,41.845749],[-87.739323,41.845593],[-87.739449,41.8496],[-87.739469,41.8496],[-87.739505,41.851348],[-87.739771,41.858653],[-87.739982,41.865959],[-87.739766,41.865962],[-87.739894,41.868963],[-87.732673,41.870977],[-87.732652,41.870922],[-87.732639,41.870677],[-87.732578,41.868999],[-87.725287,41.869089],[-87.725271,41.868526],[-87.720196,41.868587],[-87.720239,41.869869]]]}},{"type":"Feature","properties":{"label":"Little Village","hover_name":null,"color_index":2,"label_lon":-87.713234,"label_lat":41.837962},"geometry":{"type":"Polygon","coordinates":[[[-87.687399,41.834801],[-87.695189,41.832348],[-87.696358,41.831995],[-87.696615,41.832195],[-87.697811,41.831731],[-87.700383,41.830917],[-87.704174,41.829874],[-87.704607,41.829798],[-87.704578,41.829116],[-87.714369,41.826041],[-87.714374,41.826321],[-87.717642,41.825291],[-87.717758,41.825237],[-87.719594,41.824678],[-87.726741,41.822429],[-87.727251,41.822253],[-87.727646,41.822149],[-87.738557,41.818706],[-87.738557,41.818803],[-87.738582,41.818851],[-87.738649,41.822118],[-87.738486,41.82212],[-87.738812,41.836726],[-87.738933,41.836724],[-87.738988,41.838549],[-87.739109,41.838548],[-87.739323,41.845593],[-87.738378,41.845749],[-87.722227,41.849361],[-87.722281,41.851582],[-87.712562,41.85169],[-87.712422,41.851707],[-87.711143,41.851991],[-87.711203,41.853551],[-87.705187,41.853585],[-87.704014,41.853616],[-87.703771,41.853611],[-87.702877,41.853802],[-87.702929,41.855451],[-87.695744,41.855558],[-87.695569,41.855552],[-87.695559,41.855285],[-87.688034,41.85697],[-87.688018,41.856891],[-87.687973,41.854971],[-87.687867,41.852009],[-87.687791,41.848368],[-87.68756,41.844795],[-87.687489,41.837019],[-87.687513,41.836812],[-87.687458,41.834913],[-87.687399,41.834801]]]}},{"type":"Feature","properties":{"label":"Armour Square","hover_name":null,"color_index":1,"label_lon":-87.632797,"label_lat":41.832522},"geometry":{"type":"Polygon","coordinates":[[[-87.629201,41.847127],[-87.629168,41.845557],[-87.629965,41.845545],[-87.629561,41.830971],[-87.628996,41.830975],[-87.628923,41.827679],[-87.628935,41.827639],[-87.629048,41.82751],[-87.629092,41.82733],[-87.628968,41.823681],[-87.632144,41.823628],[-87.633964,41.823613],[-87.636064,41.82521],[-87.636072,41.825404],[-87.636165,41.825406],[-87.636203,41.827233],[-87.636404,41.827231],[-87.636576,41.834147],[-87.636532,41.834526],[-87.63589,41.834535],[-87.635932,41.83636],[-87.636431,41.836354],[-87.636476,41.838172],[-87.636376,41.838173],[-87.636512,41.843643],[-87.638291,41.843617],[-87.638358,41.846183],[-87.639525,41.846374],[-87.639981,41.846321],[-87.6416,41.846301],[-87.641603,41.846466],[-87.64185,41.847111],[-87.641727,41.847283],[-87.641206,41.847302],[-87.636226,41.847366],[-87.634307,41.847435],[-87.63314,41.847509],[-87.631924,41.847533],[-87.631467,41.84751],[-87.631189,41.847479],[-87.629597,41.847183],[-87.629201,41.847127]]]}},{"type":"Feature","properties":{"label":"Avalon Park","hover_name":null,"color_index":0,"label_lon":-87.589823,"label_lat":41.746831},"geometry":{"type":"Polygon","coordinates":[[[-87.585655,41.751502],[-87.584457,41.75069],[-87.565701,41.737198],[-87.567453,41.737173],[-87.567561,41.737194],[-87.567653,41.73717],[-87.595347,41.736782],[-87.597174,41.739852],[-87.597486,41.74043],[-87.597659,41.740858],[-87.597777,41.741284],[-87.59785,41.741693],[-87.597882,41.742144],[-87.597832,41.743326],[-87.597875,41.744055],[-87.597614,41.744058],[-87.597506,41.745026],[-87.597412,41.745678],[-87.597325,41.746554],[-87.597281,41.746796],[-87.597834,41.746792],[-87.597664,41.747544],[-87.597618,41.747956],[-87.597224,41.74969],[-87.597181,41.750082],[-87.59708,41.750527],[-87.597383,41.750598],[-87.597208,41.751369],[-87.595491,41.751387],[-87.595596,41.755032],[-87.596216,41.755026],[-87.595798,41.756858],[-87.593062,41.756882],[-87.585821,41.751672],[-87.585824,41.751506],[-87.585655,41.751502]]]}},{"type":"Feature","properties":{"label":"Burnside","hover_name":null,"color_index":1,"label_lon":-87.597417,"label_lat":41.730477},"geometry":{"type":"Polygon","coordinates":[[[-87.58766,41.723747],[-87.587114,41.722821],[-87.586704,41.722322],[-87.591804,41.722248],[-87.593981,41.7222],[-87.595104,41.722197],[-87.601183,41.722105],[-87.60366,41.722039],[-87.604482,41.722044],[-87.604518,41.72313],[-87.604507,41.723614],[-87.604072,41.723516],[-87.603585,41.723427],[-87.603062,41.725729],[-87.603354,41.725724],[-87.60293,41.727556],[-87.603273,41.727551],[-87.602019,41.733031],[-87.601847,41.733033],[-87.601161,41.733132],[-87.600491,41.736077],[-87.600394,41.73671],[-87.595347,41.736782],[-87.594962,41.736141],[-87.594568,41.735543],[-87.594128,41.734944],[-87.593377,41.733975],[-87.59296,41.733366],[-87.588783,41.726334],[-87.588495,41.725746],[-87.587807,41.724047],[-87.58766,41.723747]]]}},{"type":"Feature","properties":{"label":"Hermosa","hover_name":null,"color_index":0,"label_lon":-87.733734,"label_lat":41.924497},"geometry":{"type":"Polygon","coordinates":[[[-87.735222,41.938986],[-87.727702,41.924473],[-87.726769,41.924484],[-87.726738,41.92331],[-87.726689,41.923142],[-87.726442,41.922653],[-87.727075,41.922645],[-87.726696,41.921882],[-87.726615,41.918994],[-87.724876,41.919016],[-87.724058,41.91743],[-87.723906,41.917198],[-87.724217,41.917196],[-87.724212,41.917096],[-87.724105,41.916873],[-87.724059,41.915373],[-87.72314,41.915385],[-87.722348,41.913635],[-87.724003,41.913621],[-87.724193,41.913583],[-87.726448,41.913591],[-87.737037,41.913468],[-87.738013,41.913501],[-87.738782,41.913559],[-87.741027,41.913822],[-87.741335,41.913898],[-87.741648,41.924644],[-87.742175,41.938891],[-87.735222,41.938986]]]}},{"type":"Feature","properties":{"label":"Avondale","hover_name":null,"color_index":1,"label_lon":-87.719322,"label_lat":41.93921},"geometry":{"type":"Polygon","coordinates":[[[-87.687987,41.936104],[-87.687917,41.932577],[-87.687883,41.932179],[-87.688864,41.932157],[-87.693762,41.93213],[-87.696624,41.932096],[-87.707836,41.932032],[-87.73146,41.931734],[-87.735222,41.938986],[-87.727185,41.939095],[-87.727401,41.946373],[-87.714632,41.946533],[-87.708843,41.946623],[-87.70343,41.946655],[-87.700879,41.946654],[-87.70028,41.946669],[-87.696204,41.946696],[-87.696188,41.946573],[-87.695481,41.943579],[-87.695428,41.943204],[-87.695279,41.942766],[-87.694591,41.941699],[-87.694311,41.941339],[-87.694176,41.941122],[-87.694082,41.941023],[-87.693947,41.940789],[-87.69387,41.940695],[-87.693832,41.940569],[-87.69367,41.940362],[-87.693633,41.940255],[-87.693529,41.940136],[-87.693467,41.940096],[-87.693377,41.939986],[-87.69306,41.939777],[-87.692794,41.939523],[-87.692662,41.939457],[-87.692439,41.939381],[-87.692443,41.939312],[-87.692343,41.939218],[-87.692234,41.939178],[-87.692079,41.939085],[-87.691935,41.93903],[-87.691903,41.939001],[-87.69167,41.938925],[-87.691486,41.938792],[-87.691057,41.93824],[-87.690872,41.937854],[-87.690781,41.937542],[-87.690717,41.937399],[-87.690413,41.936905],[-87.690149,41.936699],[-87.690072,41.936648],[-87.689934,41.936608],[-87.68981,41.936601],[-87.689248,41.936515],[-87.688912,41.936498],[-87.688527,41.936447],[-87.68815,41.936195],[-87.687987,41.936104]]]}},{"type":"Feature","properties":{"label":"Logan Square","hover_name":null,"color_index":4,"label_lon":-87.715951,"label_lat":41.91782},"geometry":{"type":"Polygon","coordinates":[[[-87.687316,41.913995],[-87.69087,41.913962],[-87.690928,41.913942],[-87.690959,41.913868],[-87.690991,41.913862],[-87.69104,41.91395],[-87.69116,41.91396],[-87.697094,41.913907],[-87.697097,41.914004],[-87.69765,41.914003],[-87.697986,41.913997],[-87.698239,41.913952],[-87.702328,41.913922],[-87.702325,41.913819],[-87.706857,41.913773],[-87.706855,41.913716],[-87.707025,41.913665],[-87.716656,41.913549],[-87.716658,41.913638],[-87.717882,41.913642],[-87.718563,41.913669],[-87.721002,41.913649],[-87.72134,41.913672],[-87.722348,41.913635],[-87.72314,41.915385],[-87.724059,41.915373],[-87.724105,41.916873],[-87.724212,41.917096],[-87.724217,41.917196],[-87.723906,41.917198],[-87.724058,41.91743],[-87.724876,41.919016],[-87.726615,41.918994],[-87.726696,41.921882],[-87.727075,41.922645],[-87.726442,41.922653],[-87.726689,41.923142],[-87.726738,41.92331],[-87.726769,41.924484],[-87.727702,41.924473],[-87.73146,41.931734],[-87.707836,41.932032],[-87.696624,41.932096],[-87.693762,41.93213],[-87.688864,41.932157],[-87.687883,41.932179],[-87.687893,41.931797],[-87.687633,41.924669],[-87.687416,41.917795],[-87.687316,41.913995]]]}},{"type":"Feature","properties":{"label":"Calumet Heights","hover_name":null,"color_index":2,"label_lon":-87.573082,"label_lat":41.727709},"geometry":{"type":"Polygon","coordinates":[[[-87.545677,41.722821],[-87.545998,41.722789],[-87.546544,41.722764],[-87.548225,41.722754],[-87.548559,41.722777],[-87.549894,41.722778],[-87.565589,41.722589],[-87.565631,41.723888],[-87.567921,41.723614],[-87.568585,41.72356],[-87.572272,41.723502],[-87.575112,41.723469],[-87.57538,41.723479],[-87.583896,41.723347],[-87.585311,41.72332],[-87.585858,41.723275],[-87.587374,41.723256],[-87.58766,41.723747],[-87.587807,41.724047],[-87.588495,41.725746],[-87.588783,41.726334],[-87.59296,41.733366],[-87.593377,41.733975],[-87.594128,41.734944],[-87.594568,41.735543],[-87.594962,41.736141],[-87.595347,41.736782],[-87.567653,41.73717],[-87.567561,41.737194],[-87.567453,41.737173],[-87.565701,41.737198],[-87.550143,41.725989],[-87.549176,41.725296],[-87.547612,41.724243],[-87.546116,41.723168],[-87.545677,41.722821]]]}},{"type":"Feature","properties":{"label":"East Side","hover_name":null,"color_index":1,"label_lon":-87.535012,"label_lat":41.707895},"geometry":{"type":"Polygon","coordinates":[[[-87.52462,41.691801],[-87.530364,41.691826],[-87.530401,41.688204],[-87.53038,41.686369],[-87.530345,41.685131],[-87.530414,41.684566],[-87.531291,41.684579],[-87.531641,41.684567],[-87.531641,41.684501],[-87.534055,41.684518],[-87.536466,41.684519],[-87.537669,41.684494],[-87.538875,41.68451],[-87.54013,41.684507],[-87.540117,41.682776],[-87.541327,41.682788],[-87.54494,41.682754],[-87.54494,41.682773],[-87.545078,41.68277],[-87.545131,41.685519],[-87.545205,41.70031],[-87.545125,41.700738],[-87.544977,41.701088],[-87.544883,41.701245],[-87.544249,41.702103],[-87.544004,41.702484],[-87.543796,41.702763],[-87.545905,41.702767],[-87.545756,41.703049],[-87.54566,41.70338],[-87.545623,41.70393],[-87.545629,41.70464],[-87.545715,41.705144],[-87.545876,41.705612],[-87.545853,41.706302],[-87.545856,41.707333],[-87.545793,41.70747],[-87.545638,41.707698],[-87.545266,41.708142],[-87.544587,41.708675],[-87.544262,41.708895],[-87.543641,41.709404],[-87.543279,41.709848],[-87.543168,41.710101],[-87.54286,41.710557],[-87.542769,41.710723],[-87.542726,41.710754],[-87.542734,41.7108],[-87.542674,41.71095],[-87.542614,41.711399],[-87.542595,41.712883],[-87.542533,41.713522],[-87.542401,41.71397],[-87.542288,41.714255],[-87.542211,41.714622],[-87.54218,41.715643],[-87.542212,41.715762],[-87.542318,41.715862],[-87.54242,41.716439],[-87.54303,41.717148],[-87.543153,41.717941],[-87.543164,41.718022],[-87.542974,41.71969],[-87.542889,41.720135],[-87.542705,41.720506],[-87.542692,41.720816],[-87.542809,41.721233],[-87.542958,41.721632],[-87.543177,41.723126],[-87.543162,41.723313],[-87.542997,41.724028],[-87.542252,41.726579],[-87.541902,41.727136],[-87.541399,41.727586],[-87.540422,41.728282],[-87.539414,41.728794],[-87.537256,41.729622],[-87.532865,41.731521],[-87.529251,41.733014],[-87.529495,41.732367],[-87.529463,41.732314],[-87.529373,41.732319],[-87.529269,41.732283],[-87.529181,41.73213],[-87.529135,41.732087],[-87.52895,41.732049],[-87.525263,41.731531],[-87.52508,41.731472],[-87.524949,41.731408],[-87.524734,41.731221],[-87.524688,41.731093],[-87.524531,41.723499],[-87.524554,41.723203],[-87.524471,41.7232],[-87.524467,41.721898],[-87.524502,41.721884],[-87.524503,41.721793],[-87.524691,41.721794],[-87.524839,41.72169],[-87.525003,41.721523],[-87.5247,41.721254],[-87.524818,41.721179],[-87.525093,41.721415],[-87.525236,41.721221],[-87.525408,41.72092],[-87.525081,41.720848],[-87.525136,41.72073],[-87.525454,41.720797],[-87.525485,41.720722],[-87.525556,41.72037],[-87.525609,41.719436],[-87.525548,41.718994],[-87.525452,41.718755],[-87.525294,41.718487],[-87.525103,41.718254],[-87.524905,41.71805],[-87.524505,41.717988],[-87.524505,41.717814],[-87.524472,41.717791],[-87.524468,41.717403],[-87.525346,41.717382],[-87.525813,41.717331],[-87.525805,41.717318],[-87.526421,41.717114],[-87.526517,41.717267],[-87.526605,41.717236],[-87.526519,41.717085],[-87.526797,41.716991],[-87.526769,41.716922],[-87.526791,41.716882],[-87.526821,41.71687],[-87.52686,41.716876],[-87.526914,41.716925],[-87.526989,41.71695],[-87.527301,41.716825],[-87.52729,41.716806],[-87.527641,41.71662],[-87.527902,41.716454],[-87.528194,41.716224],[-87.528567,41.715852],[-87.528565,41.715813],[-87.528641,41.715744],[-87.528669,41.715686],[-87.528704,41.715423],[-87.528618,41.715019],[-87.528563,41.714869],[-87.528484,41.714725],[-87.528133,41.714239],[-87.527974,41.713873],[-87.527712,41.713422],[-87.527423,41.713085],[-87.526486,41.712355],[-87.525226,41.713368],[-87.525167,41.713327],[-87.526433,41.712313],[-87.528408,41.710803],[-87.527204,41.710032],[-87.5269,41.709914],[-87.526648,41.709849],[-87.526243,41.70982],[-87.5259,41.710145],[-87.526021,41.710255],[-87.525997,41.71035],[-87.525864,41.710412],[-87.52575,41.710411],[-87.525628,41.710341],[-87.525594,41.710269],[-87.525538,41.710228],[-87.525471,41.710129],[-87.525419,41.710102],[-87.52537,41.710108],[-87.52535,41.710056],[-87.525281,41.710046],[-87.525159,41.71],[-87.525093,41.709953],[-87.52504,41.709945],[-87.524568,41.709573],[-87.524191,41.709429],[-87.52414,41.70936],[-87.524142,41.709317],[-87.524164,41.709307],[-87.524204,41.709321],[-87.524233,41.709282],[-87.524326,41.709281],[-87.524377,41.709259],[-87.524452,41.709253],[-87.524551,41.709271],[-87.524613,41.709315],[-87.524727,41.709354],[-87.52476,41.709334],[-87.524882,41.709405],[-87.524884,41.709441],[-87.525123,41.709735],[-87.525167,41.709708],[-87.52521,41.709741],[-87.525258,41.709713],[-87.52553,41.709937],[-87.525587,41.709938],[-87.52622,41.709539],[-87.525769,41.709157],[-87.525307,41.709461],[-87.525356,41.709496],[-87.525339,41.709513],[-87.525275,41.709464],[-87.525261,41.709473],[-87.52513,41.709344],[-87.52516,41.709321],[-87.525225,41.709368],[-87.525679,41.709085],[-87.525422,41.708837],[-87.525374,41.708827],[-87.524862,41.709153],[-87.524784,41.709081],[-87.525019,41.708915],[-87.524961,41.708817],[-87.524942,41.708727],[-87.524889,41.708667],[-87.524535,41.708482],[-87.524552,41.707952],[-87.524527,41.702603],[-87.524537,41.700977],[-87.524613,41.695421],[-87.524636,41.695289],[-87.524659,41.692345],[-87.52462,41.691801]]]}},{"type":"Feature","properties":{"label":"West Pullman","hover_name":null,"color_index":2,"label_lon":-87.638357,"label_lat":41.671348},"geometry":{"type":"Polygon","coordinates":[[[-87.618281,41.659107],[-87.618453,41.659107],[-87.618663,41.659085],[-87.619684,41.659062],[-87.619458,41.659537],[-87.619386,41.660061],[-87.619512,41.660787],[-87.619857,41.661141],[-87.620253,41.661366],[-87.622024,41.66213],[-87.622035,41.662414],[-87.623286,41.662397],[-87.623458,41.66236],[-87.623487,41.66233],[-87.623613,41.662322],[-87.62363,41.662302],[-87.623918,41.662261],[-87.623997,41.662237],[-87.624069,41.662239],[-87.624202,41.662275],[-87.62429,41.662274],[-87.624338,41.662255],[-87.624423,41.662259],[-87.624469,41.662216],[-87.62465,41.662151],[-87.624696,41.662109],[-87.624756,41.662086],[-87.625348,41.661943],[-87.625353,41.661928],[-87.625551,41.661887],[-87.625661,41.661843],[-87.625694,41.661841],[-87.625703,41.661854],[-87.625868,41.66181],[-87.625901,41.661814],[-87.626215,41.661674],[-87.626274,41.661662],[-87.626441,41.661486],[-87.626637,41.661355],[-87.626836,41.661245],[-87.626872,41.661242],[-87.626886,41.661215],[-87.627544,41.660757],[-87.627772,41.660572],[-87.628042,41.660295],[-87.628683,41.659699],[-87.629147,41.659317],[-87.629733,41.659011],[-87.630098,41.658725],[-87.63076,41.658274],[-87.630808,41.658212],[-87.63084,41.658111],[-87.63081,41.658038],[-87.630819,41.657958],[-87.6309,41.657907],[-87.631075,41.657833],[-87.631255,41.657819],[-87.63139,41.657997],[-87.631578,41.65792],[-87.631752,41.657921],[-87.632015,41.657897],[-87.63215,41.657867],[-87.632327,41.657876],[-87.632274,41.657803],[-87.632646,41.657735],[-87.632642,41.657622],[-87.632824,41.657585],[-87.633004,41.657527],[-87.633187,41.657521],[-87.633552,41.657482],[-87.633918,41.65747],[-87.635012,41.657366],[-87.63556,41.657345],[-87.635743,41.657348],[-87.636111,41.657391],[-87.636294,41.657394],[-87.638561,41.657712],[-87.639135,41.657752],[-87.64005,41.657764],[-87.640417,41.657786],[-87.64105,41.657774],[-87.641062,41.658096],[-87.641428,41.658094],[-87.641416,41.657771],[-87.643664,41.65775],[-87.643842,41.65772],[-87.644025,41.657717],[-87.644752,41.657725],[-87.645911,41.65778],[-87.646988,41.65763],[-87.647217,41.663159],[-87.641421,41.663245],[-87.641665,41.67054],[-87.658287,41.670288],[-87.658652,41.670285],[-87.658795,41.670335],[-87.659364,41.670318],[-87.66115,41.670335],[-87.661384,41.677308],[-87.661382,41.677447],[-87.66135,41.677628],[-87.661372,41.67789],[-87.661552,41.683881],[-87.661599,41.68482],[-87.631728,41.685216],[-87.612279,41.685434],[-87.612894,41.682579],[-87.613012,41.682241],[-87.613166,41.681595],[-87.614148,41.67723],[-87.614202,41.676902],[-87.614393,41.676215],[-87.614419,41.676184],[-87.614454,41.675973],[-87.614673,41.675133],[-87.615068,41.673369],[-87.615153,41.673061],[-87.615221,41.672685],[-87.615468,41.671586],[-87.616128,41.668767],[-87.616182,41.668443],[-87.616753,41.666168],[-87.616967,41.66523],[-87.617149,41.66434],[-87.617211,41.663888],[-87.617234,41.663555],[-87.617274,41.663351],[-87.617673,41.661725],[-87.618281,41.659107]]]}},{"type":"Feature","properties":{"label":"Garfield Ridge","hover_name":null,"color_index":3,"label_lon":-87.745486,"label_lat":41.802355},"geometry":{"type":"Polygon","coordinates":[[[-87.738557,41.818706],[-87.738531,41.818628],[-87.738451,41.815313],[-87.738447,41.814969],[-87.738502,41.814969],[-87.737865,41.793846],[-87.737859,41.793676],[-87.737823,41.793621],[-87.737851,41.793464],[-87.737623,41.785783],[-87.738452,41.785793],[-87.741061,41.785746],[-87.742531,41.785735],[-87.762022,41.785326],[-87.762024,41.785393],[-87.781263,41.785015],[-87.797618,41.784758],[-87.797813,41.784745],[-87.801216,41.784689],[-87.801538,41.792195],[-87.801615,41.794815],[-87.801606,41.79576],[-87.801626,41.797995],[-87.797187,41.799402],[-87.796152,41.799429],[-87.795038,41.799439],[-87.794472,41.799463],[-87.79405,41.799453],[-87.793335,41.799472],[-87.792824,41.799465],[-87.790969,41.799508],[-87.789625,41.799565],[-87.787939,41.799607],[-87.783109,41.799675],[-87.781794,41.799669],[-87.779403,41.799716],[-87.773651,41.799835],[-87.772077,41.79989],[-87.764793,41.800037],[-87.762873,41.800063],[-87.762226,41.800053],[-87.752736,41.800187],[-87.753077,41.813311],[-87.744655,41.815963],[-87.744764,41.822032],[-87.738649,41.822118],[-87.738582,41.818851],[-87.738557,41.818803],[-87.738557,41.818706]]]}},{"type":"Feature","properties":{"label":"New City","hover_name":null,"color_index":2,"label_lon":-87.663992,"label_lat":41.808269},"geometry":{"type":"Polygon","coordinates":[[[-87.635457,41.794476],[-87.644944,41.794305],[-87.646283,41.794298],[-87.64986,41.794236],[-87.650149,41.794244],[-87.654674,41.794168],[-87.654987,41.794174],[-87.657123,41.794144],[-87.664832,41.794021],[-87.678815,41.793868],[-87.67883,41.79415],[-87.678873,41.79442],[-87.679253,41.796089],[-87.679382,41.796765],[-87.679413,41.797034],[-87.679549,41.802498],[-87.679533,41.80282],[-87.679389,41.804263],[-87.679406,41.804853],[-87.681922,41.804858],[-87.68199,41.804832],[-87.682224,41.804811],[-87.683761,41.804797],[-87.683753,41.804741],[-87.684372,41.804723],[-87.68435,41.805822],[-87.684425,41.808426],[-87.683874,41.808417],[-87.684089,41.816246],[-87.684227,41.821812],[-87.68424,41.823],[-87.668261,41.823195],[-87.666356,41.823141],[-87.659976,41.823208],[-87.6563,41.82331],[-87.65333,41.823369],[-87.652713,41.823367],[-87.636118,41.823586],[-87.636077,41.821791],[-87.636105,41.821791],[-87.636077,41.819965],[-87.636033,41.819053],[-87.636053,41.819052],[-87.636058,41.819003],[-87.636036,41.818152],[-87.635888,41.818154],[-87.635822,41.817257],[-87.635716,41.816353],[-87.636162,41.816347],[-87.636223,41.815423],[-87.636156,41.81267],[-87.63616,41.812213],[-87.636176,41.811949],[-87.636225,41.811596],[-87.63638,41.810908],[-87.635862,41.810918],[-87.635825,41.809484],[-87.635774,41.809047],[-87.635918,41.809044],[-87.635914,41.808895],[-87.635699,41.801472],[-87.635683,41.801188],[-87.635602,41.800646],[-87.635512,41.798307],[-87.635492,41.797157],[-87.635514,41.796464],[-87.635457,41.794476]]]}},{"type":"Feature","properties":{"label":"Englewood","hover_name":null,"color_index":0,"label_lon":-87.654287,"label_lat":41.775279},"geometry":{"type":"Polygon","coordinates":[[[-87.628555,41.794599],[-87.628431,41.790036],[-87.628403,41.789953],[-87.628426,41.789847],[-87.628247,41.783256],[-87.628262,41.78316],[-87.62897,41.783147],[-87.628889,41.780304],[-87.628599,41.780138],[-87.628542,41.780005],[-87.630149,41.779987],[-87.63009,41.778349],[-87.630107,41.778214],[-87.630085,41.778175],[-87.630055,41.777095],[-87.630036,41.777014],[-87.630085,41.776257],[-87.629955,41.772709],[-87.631039,41.772695],[-87.631253,41.771393],[-87.631359,41.769057],[-87.633546,41.769015],[-87.633502,41.767354],[-87.633537,41.767194],[-87.634712,41.767171],[-87.634643,41.76428],[-87.634678,41.764134],[-87.634843,41.763696],[-87.634843,41.763603],[-87.634481,41.763518],[-87.634432,41.763421],[-87.634558,41.763165],[-87.63461,41.762996],[-87.63453,41.7599],[-87.635747,41.75988],[-87.635702,41.758058],[-87.638593,41.758011],[-87.639274,41.757979],[-87.639282,41.756928],[-87.639335,41.756157],[-87.644084,41.756077],[-87.644184,41.756088],[-87.644235,41.758144],[-87.644327,41.758107],[-87.64568,41.758085],[-87.646525,41.758073],[-87.646662,41.758108],[-87.653933,41.757999],[-87.653931,41.757928],[-87.65401,41.75789],[-87.657177,41.757835],[-87.663608,41.757766],[-87.663608,41.757744],[-87.664505,41.7577],[-87.665475,41.757674],[-87.669697,41.757631],[-87.669692,41.757784],[-87.675463,41.757715],[-87.678151,41.75766],[-87.67854,41.763845],[-87.678551,41.764756],[-87.678351,41.765933],[-87.678451,41.766733],[-87.678451,41.767533],[-87.678356,41.768388],[-87.67862,41.768385],[-87.678715,41.772015],[-87.67835,41.772019],[-87.678557,41.775644],[-87.678808,41.775641],[-87.678816,41.775966],[-87.678483,41.779123],[-87.678485,41.779247],[-87.678751,41.780333],[-87.678946,41.781047],[-87.678975,41.781046],[-87.679123,41.786564],[-87.679672,41.786557],[-87.679643,41.788357],[-87.679663,41.789707],[-87.679372,41.793495],[-87.678806,41.793501],[-87.678815,41.793868],[-87.664832,41.794021],[-87.657123,41.794144],[-87.654987,41.794174],[-87.654674,41.794168],[-87.650149,41.794244],[-87.64986,41.794236],[-87.646283,41.794298],[-87.644944,41.794305],[-87.634028,41.794502],[-87.631165,41.794536],[-87.630672,41.794549],[-87.630205,41.794582],[-87.628555,41.794599]]]}},{"type":"Feature","properties":{"label":"Grand Crossing","hover_name":null,"color_index":2,"label_lon":-87.620918,"label_lat":41.766979},"geometry":{"type":"Polygon","coordinates":[[[-87.615622,41.780239],[-87.61545,41.77297],[-87.61282,41.77106],[-87.605587,41.765869],[-87.605609,41.766173],[-87.605603,41.766533],[-87.605624,41.766846],[-87.605768,41.773141],[-87.592098,41.773275],[-87.592207,41.772805],[-87.592259,41.772404],[-87.592494,41.77132],[-87.592746,41.770278],[-87.592752,41.770154],[-87.592741,41.769901],[-87.592394,41.769899],[-87.592351,41.767821],[-87.592282,41.766012],[-87.593299,41.766005],[-87.59339,41.765024],[-87.593324,41.762354],[-87.594582,41.762346],[-87.595067,41.760203],[-87.59538,41.758697],[-87.59563,41.758696],[-87.594929,41.758186],[-87.594871,41.758166],[-87.59455,41.757954],[-87.593062,41.756882],[-87.595798,41.756858],[-87.596216,41.755026],[-87.595596,41.755032],[-87.595491,41.751387],[-87.605521,41.751282],[-87.614799,41.751115],[-87.623199,41.750976],[-87.62385,41.750975],[-87.625824,41.750926],[-87.626523,41.750936],[-87.627258,41.750904],[-87.634403,41.750776],[-87.639759,41.750705],[-87.6399,41.756146],[-87.639335,41.756157],[-87.639282,41.756928],[-87.639274,41.757979],[-87.638593,41.758011],[-87.635702,41.758058],[-87.635747,41.75988],[-87.63453,41.7599],[-87.63461,41.762996],[-87.634558,41.763165],[-87.634432,41.763421],[-87.634481,41.763518],[-87.634843,41.763603],[-87.634843,41.763696],[-87.634678,41.764134],[-87.634643,41.76428],[-87.634712,41.767171],[-87.633537,41.767194],[-87.633502,41.767354],[-87.633546,41.769015],[-87.631359,41.769057],[-87.631253,41.771393],[-87.631039,41.772695],[-87.629955,41.772709],[-87.630085,41.776257],[-87.630036,41.777014],[-87.630055,41.777095],[-87.630085,41.778175],[-87.630107,41.778214],[-87.63009,41.778349],[-87.630149,41.779987],[-87.628542,41.780005],[-87.628599,41.780138],[-87.628889,41.780304],[-87.62897,41.783147],[-87.625404,41.78321],[-87.625355,41.781173],[-87.625375,41.780058],[-87.624732,41.780048],[-87.623966,41.780013],[-87.623542,41.780011],[-87.621063,41.780048],[-87.62065,41.780076],[-87.619992,41.780159],[-87.615622,41.780239]]]}},{"type":"Feature","properties":{"label":"Ashburn","hover_name":null,"color_index":3,"label_lon":-87.709759,"label_lat":41.745473},"geometry":{"type":"Polygon","coordinates":[[[-87.712548,41.757337],[-87.711728,41.757217],[-87.711005,41.757168],[-87.709644,41.757186],[-87.709022,41.757233],[-87.707432,41.757259],[-87.707447,41.757134],[-87.706849,41.757146],[-87.706119,41.7572],[-87.702781,41.757251],[-87.702618,41.75724],[-87.702617,41.757199],[-87.702129,41.757206],[-87.701297,41.757254],[-87.699338,41.757298],[-87.690175,41.757437],[-87.689544,41.757488],[-87.688769,41.757483],[-87.688169,41.757442],[-87.686746,41.757451],[-87.686682,41.757478],[-87.686697,41.75753],[-87.684807,41.75757],[-87.684103,41.757564],[-87.683828,41.757582],[-87.68348,41.757578],[-87.683249,41.757597],[-87.681996,41.757612],[-87.681539,41.757637],[-87.681201,41.757622],[-87.678588,41.757653],[-87.678535,41.757455],[-87.678513,41.756821],[-87.678388,41.754791],[-87.67821,41.74818],[-87.678242,41.747447],[-87.678137,41.747448],[-87.678118,41.747273],[-87.678118,41.746804],[-87.678158,41.746457],[-87.678114,41.744296],[-87.678043,41.74335],[-87.67789,41.742543],[-87.677639,41.741723],[-87.677481,41.741309],[-87.677193,41.74066],[-87.676889,41.740111],[-87.676091,41.739298],[-87.675299,41.738675],[-87.673015,41.735944],[-87.672981,41.735916],[-87.672791,41.735898],[-87.672785,41.735654],[-87.673807,41.735654],[-87.674781,41.735631],[-87.682993,41.735521],[-87.700485,41.73522],[-87.701244,41.73521],[-87.701471,41.73522],[-87.702151,41.735187],[-87.702798,41.735175],[-87.709157,41.735084],[-87.713991,41.734987],[-87.725956,41.73478],[-87.72716,41.734734],[-87.738258,41.734549],[-87.738607,41.734566],[-87.739527,41.73456],[-87.741067,41.734524],[-87.740936,41.735807],[-87.740933,41.736865],[-87.741304,41.747646],[-87.741307,41.748369],[-87.74132,41.74872],[-87.741392,41.749524],[-87.741413,41.750668],[-87.741466,41.751781],[-87.741467,41.752278],[-87.741497,41.752671],[-87.741496,41.753292],[-87.741308,41.753296],[-87.741212,41.753279],[-87.739119,41.753118],[-87.736582,41.753164],[-87.736582,41.753041],[-87.732329,41.753321],[-87.732315,41.753253],[-87.732273,41.753201],[-87.732185,41.753168],[-87.73213,41.753165],[-87.731079,41.753193],[-87.724945,41.753293],[-87.724282,41.753329],[-87.722036,41.753374],[-87.722102,41.754134],[-87.722147,41.754335],[-87.722171,41.75486],[-87.722147,41.755523],[-87.722177,41.756602],[-87.722178,41.757502],[-87.722287,41.76147],[-87.722074,41.761411],[-87.72157,41.761228],[-87.721298,41.761113],[-87.720621,41.76079],[-87.718615,41.759752],[-87.718345,41.759625],[-87.717882,41.759448],[-87.717229,41.759225],[-87.717103,41.759196],[-87.717003,41.759132],[-87.716838,41.759076],[-87.716226,41.758776],[-87.716222,41.758886],[-87.715538,41.758532],[-87.714607,41.758111],[-87.713921,41.757769],[-87.713632,41.757645],[-87.713277,41.757519],[-87.712972,41.75743],[-87.712548,41.757337]]]}},{"type":"Feature","properties":{"label":"Mount Greenwood","hover_name":null,"color_index":2,"label_lon":-87.708251,"label_lat":41.696859},"geometry":{"type":"Polygon","coordinates":[[[-87.69646,41.707145],[-87.696317,41.702705],[-87.696148,41.698941],[-87.696021,41.698928],[-87.695757,41.691627],[-87.695917,41.691625],[-87.695766,41.688076],[-87.696054,41.688077],[-87.696148,41.688033],[-87.696606,41.687984],[-87.697986,41.687945],[-87.699473,41.687933],[-87.699398,41.686147],[-87.700624,41.686136],[-87.700553,41.684263],[-87.705417,41.684187],[-87.705285,41.680579],[-87.706475,41.680557],[-87.707146,41.680553],[-87.707324,41.680566],[-87.709931,41.680548],[-87.710002,41.680534],[-87.710132,41.680462],[-87.711357,41.680441],[-87.711391,41.681271],[-87.71158,41.681267],[-87.711597,41.681833],[-87.711414,41.681836],[-87.711507,41.684094],[-87.727282,41.683856],[-87.736784,41.683665],[-87.737328,41.683669],[-87.73945,41.683632],[-87.739739,41.69086],[-87.736882,41.691013],[-87.736388,41.691028],[-87.721816,41.6913],[-87.720533,41.691315],[-87.720317,41.691285],[-87.720373,41.692215],[-87.720537,41.696496],[-87.72063,41.69835],[-87.720764,41.70245],[-87.720885,41.705008],[-87.721072,41.71069],[-87.721125,41.71317],[-87.712578,41.713297],[-87.712525,41.711474],[-87.711298,41.711491],[-87.711124,41.706074],[-87.707918,41.706101],[-87.70261,41.706178],[-87.701325,41.706178],[-87.701375,41.707052],[-87.701202,41.707084],[-87.697286,41.707124],[-87.69646,41.707145]]]}},{"type":"Feature","properties":{"label":"Morgan Park","hover_name":null,"color_index":1,"label_lon":-87.668992,"label_lat":41.687682},"geometry":{"type":"Polygon","coordinates":[[[-87.642152,41.685082],[-87.661599,41.68482],[-87.661519,41.682894],[-87.661372,41.67789],[-87.66135,41.677628],[-87.661365,41.677544],[-87.666771,41.677438],[-87.667316,41.675963],[-87.668404,41.676188],[-87.667951,41.677417],[-87.678499,41.677229],[-87.679555,41.677228],[-87.680383,41.677244],[-87.681688,41.677301],[-87.686205,41.677208],[-87.685782,41.678203],[-87.685652,41.678671],[-87.68558,41.679146],[-87.685566,41.679624],[-87.685722,41.684475],[-87.695625,41.684333],[-87.695917,41.691625],[-87.695757,41.691627],[-87.695762,41.691715],[-87.69209,41.69176],[-87.692105,41.692202],[-87.691706,41.692206],[-87.691708,41.692275],[-87.691009,41.692283],[-87.691238,41.698982],[-87.68237,41.699083],[-87.681536,41.699087],[-87.681241,41.699071],[-87.679861,41.699058],[-87.673923,41.699162],[-87.661702,41.699407],[-87.651228,41.699551],[-87.642608,41.699641],[-87.642152,41.685082]]]}},{"type":"Feature","properties":{"label":"O'Hare","hover_name":null,"color_index":2,"label_lon":-87.904506,"label_lat":41.97315},"geometry":{"type":"MultiPolygon","coordinates":[[[[-87.836581,41.986396],[-87.836582,41.979544],[-87.836631,41.974771],[-87.841555,41.97469],[-87.841557,41.974385],[-87.84155,41.973788],[-87.837934,41.973844],[-87.837951,41.971347],[-87.836649,41.971366],[-87.83665,41.970232],[-87.841589,41.970143],[-87.841575,41.971975],[-87.846534,41.97189],[-87.846561,41.96955],[-87.846539,41.968198],[-87.84657,41.966407],[-87.836682,41.966597],[-87.836702,41.96026],[-87.836672,41.957828],[-87.836693,41.954052],[-87.83663,41.950336],[-87.836433,41.944761],[-87.835178,41.944793],[-87.835121,41.944668],[-87.835081,41.944303],[-87.834967,41.941504],[-87.834906,41.940436],[-87.834795,41.937746],[-87.83481,41.937576],[-87.849621,41.937285],[-87.849778,41.93743],[-87.850187,41.937751],[-87.85066,41.938079],[-87.851412,41.938705],[-87.851643,41.938952],[-87.851806,41.93917],[-87.852112,41.93979],[-87.852267,41.940413],[-87.852532,41.941258],[-87.852742,41.941821],[-87.852955,41.942268],[-87.853076,41.942601],[-87.853096,41.94288],[-87.853024,41.943107],[-87.853013,41.943351],[-87.853047,41.94344],[-87.853261,41.943763],[-87.853583,41.945044],[-87.853822,41.945843],[-87.854082,41.946557],[-87.854871,41.947795],[-87.854976,41.948034],[-87.855004,41.948199],[-87.855017,41.948464],[-87.855013,41.948942],[-87.854936,41.949484],[-87.854664,41.950085],[-87.854533,41.950301],[-87.854327,41.95073],[-87.854246,41.950921],[-87.854073,41.951449],[-87.846612,41.951639],[-87.846605,41.955687],[-87.858079,41.955445],[-87.85825,41.955579],[-87.858446,41.955858],[-87.858523,41.956005],[-87.85861,41.95622],[-87.858636,41.956386],[-87.858708,41.956595],[-87.858775,41.956933],[-87.858782,41.957244],[-87.858758,41.957416],[-87.858718,41.957541],[-87.858132,41.958342],[-87.857577,41.95919],[-87.857416,41.959559],[-87.85703,41.960196],[-87.856475,41.961227],[-87.856299,41.961591],[-87.85582,41.962415],[-87.855677,41.962844],[-87.855506,41.964456],[-87.855443,41.964709],[-87.855301,41.965119],[-87.854968,41.965949],[-87.854867,41.966359],[-87.854772,41.966913],[-87.854777,41.9672],[-87.85498,41.96793],[-87.855037,41.968329],[-87.855029,41.968708],[-87.854777,41.96943],[-87.854323,41.970298],[-87.854173,41.970785],[-87.854136,41.971001],[-87.854135,41.971168],[-87.854188,41.971432],[-87.854271,41.971621],[-87.854467,41.971895],[-87.854598,41.972039],[-87.854979,41.972341],[-87.855158,41.972458],[-87.855362,41.972517],[-87.855841,41.972586],[-87.856063,41.972578],[-87.856592,41.97246],[-87.857043,41.972314],[-87.857464,41.972149],[-87.857833,41.971974],[-87.858387,41.971614],[-87.858537,41.971532],[-87.858676,41.971466],[-87.858795,41.971432],[-87.858922,41.971422],[-87.859405,41.971495],[-87.859746,41.971597],[-87.860106,41.971756],[-87.860426,41.971929],[-87.860852,41.972224],[-87.861338,41.972609],[-87.861701,41.972988],[-87.861803,41.973126],[-87.861902,41.973321],[-87.868482,41.973155],[-87.868826,41.97317],[-87.869887,41.973124],[-87.880773,41.972855],[-87.880835,41.965504],[-87.880788,41.9572],[-87.881633,41.957111],[-87.883828,41.957362],[-87.883846,41.9573],[-87.885629,41.95754],[-87.885629,41.957486],[-87.890266,41.958096],[-87.892899,41.958051],[-87.892877,41.950794],[-87.903776,41.950618],[-87.912298,41.952371],[-87.912282,41.951433],[-87.91451,41.951985],[-87.914731,41.952026],[-87.914773,41.954341],[-87.914798,41.954713],[-87.914838,41.955085],[-87.91496,41.955826],[-87.915044,41.956194],[-87.915228,41.956845],[-87.915781,41.957132],[-87.916139,41.957271],[-87.916557,41.957405],[-87.91703,41.957514],[-87.92,41.958012],[-87.92,41.958151],[-87.922171,41.958384],[-87.922187,41.956531],[-87.922169,41.953873],[-87.924752,41.954502],[-87.926353,41.954864],[-87.926357,41.959017],[-87.92839,41.959336],[-87.930735,41.959738],[-87.932082,41.959942],[-87.932254,41.964799],[-87.934771,41.9648],[-87.934764,41.966825],[-87.936805,41.965406],[-87.938126,41.964279],[-87.939718,41.964285],[-87.939713,41.978636],[-87.939858,41.990153],[-87.939878,41.990488],[-87.93993,41.993491],[-87.938801,41.993533],[-87.938651,41.994249],[-87.938387,41.995184],[-87.938047,41.996097],[-87.937615,41.997031],[-87.937274,41.997649],[-87.936668,41.998593],[-87.936122,41.999328],[-87.935525,42.00004],[-87.934655,42.000902],[-87.934286,42.001237],[-87.933769,42.001665],[-87.933322,42.002006],[-87.930403,42.004126],[-87.930363,42.002206],[-87.925463,42.00226],[-87.925445,42.001045],[-87.920516,42.001131],[-87.920519,42.001197],[-87.920437,42.001199],[-87.920511,42.004953],[-87.913771,42.005075],[-87.91377,42.008705],[-87.91331,42.008721],[-87.913306,42.006258],[-87.91303,42.006268],[-87.913027,42.005088],[-87.911335,42.005118],[-87.911334,42.005095],[-87.908274,42.005208],[-87.908274,42.005227],[-87.907674,42.005249],[-87.90768,42.008922],[-87.90575,42.008991],[-87.902383,42.008091],[-87.902384,42.007916],[-87.899162,42.00705],[-87.898354,42.006793],[-87.897564,42.006495],[-87.895983,42.005785],[-87.895983,42.005647],[-87.895763,42.005654],[-87.895763,42.005877],[-87.895309,42.005669],[-87.894295,42.005702],[-87.894346,42.002708],[-87.893547,42.002737],[-87.893578,42.003332],[-87.893229,42.003344],[-87.893265,42.003942],[-87.89189,42.003987],[-87.889997,42.003227],[-87.890265,42.002853],[-87.890382,42.00285],[-87.890385,42.0023],[-87.894355,42.00217],[-87.894357,42.00206],[-87.899236,42.001899],[-87.902406,42.003615],[-87.902404,42.004027],[-87.90406,42.003973],[-87.904062,42.00356],[-87.903115,42.00342],[-87.899543,42.001477],[-87.897441,42.001546],[-87.897458,42.000532],[-87.89297,41.999913],[-87.890811,41.999572],[-87.890753,41.99961],[-87.889828,41.999447],[-87.889398,41.999388],[-87.886751,41.998866],[-87.88496,41.998463],[-87.884955,41.998297],[-87.884533,41.998195],[-87.884543,41.995099],[-87.880355,41.99523],[-87.876911,41.985669],[-87.875857,41.985701],[-87.875863,41.982939],[-87.874894,41.980247],[-87.875022,41.980244],[-87.873731,41.976657],[-87.875883,41.976603],[-87.875893,41.973881],[-87.873008,41.973953],[-87.872976,41.973863],[-87.872576,41.973873],[-87.872646,41.973962],[-87.868605,41.974054],[-87.868607,41.973798],[-87.867837,41.973815],[-87.867839,41.973983],[-87.867492,41.973991],[-87.867493,41.973728],[-87.862009,41.973864],[-87.862008,41.97431],[-87.861758,41.975168],[-87.861684,41.975349],[-87.861245,41.976001],[-87.861021,41.976229],[-87.860675,41.976539],[-87.859964,41.976993],[-87.859379,41.977566],[-87.858456,41.978664],[-87.856274,41.980462],[-87.85604,41.980807],[-87.855877,41.981099],[-87.855784,41.981697],[-87.85578,41.982163],[-87.855971,41.982802],[-87.856234,41.983482],[-87.856572,41.984146],[-87.856639,41.984319],[-87.856648,41.984432],[-87.856645,41.984663],[-87.856571,41.985022],[-87.856471,41.985363],[-87.85636,41.985994],[-87.856306,41.986154],[-87.856088,41.986617],[-87.855874,41.987153],[-87.855582,41.987737],[-87.855537,41.987943],[-87.855568,41.988189],[-87.855681,41.988663],[-87.855766,41.988927],[-87.855835,41.989052],[-87.855502,41.988944],[-87.85483,41.98876],[-87.854122,41.988648],[-87.853607,41.988599],[-87.851327,41.988492],[-87.850583,41.988426],[-87.849904,41.988348],[-87.845365,41.987681],[-87.844404,41.987521],[-87.843836,41.987456],[-87.841742,41.987135],[-87.838925,41.986727],[-87.837657,41.986519],[-87.836581,41.986396]]],[[[-87.940013,41.998108],[-87.940114,42.000789],[-87.935144,42.000889],[-87.935512,42.000481],[-87.935986,42.000014],[-87.936615,41.999233],[-87.93708,41.998586],[-87.940013,41.998108]]],[[[-87.933485,42.005424],[-87.933613,42.004882],[-87.934373,42.004983],[-87.934303,42.001963],[-87.933889,42.001972],[-87.934295,42.001647],[-87.934297,42.001729],[-87.935095,42.000938],[-87.935288,42.008151],[-87.93358,42.008174],[-87.933563,42.008019],[-87.933506,42.005565],[-87.933485,42.005424]]]]}},{"type":"Feature","properties":{"label":"Jackson Park","hover_name":null,"color_index":3,"label_lon":-87.581081,"label_lat":41.778817},"geometry":{"type":"Polygon","coordinates":[[[-87.579301,41.793487],[-87.579278,41.792946],[-87.579324,41.792572],[-87.579406,41.792432],[-87.579521,41.792307],[-87.579628,41.792036],[-87.579449,41.791713],[-87.579274,41.791431],[-87.578678,41.79067],[-87.578582,41.7905],[-87.578423,41.790102],[-87.578272,41.789936],[-87.577946,41.789675],[-87.577816,41.78955],[-87.577462,41.789289],[-87.576649,41.788747],[-87.57639,41.788591],[-87.57632,41.78857],[-87.576317,41.788506],[-87.576679,41.788472],[-87.576681,41.788422],[-87.57715,41.788396],[-87.577189,41.788356],[-87.57722,41.788352],[-87.577315,41.788363],[-87.577334,41.788384],[-87.577667,41.788362],[-87.57767,41.788313],[-87.577759,41.788298],[-87.577747,41.788204],[-87.577661,41.788202],[-87.577638,41.788153],[-87.577319,41.788166],[-87.5773,41.788204],[-87.577261,41.788211],[-87.577196,41.788211],[-87.57715,41.788183],[-87.577152,41.788104],[-87.577273,41.788082],[-87.57733,41.787572],[-87.577338,41.787191],[-87.577321,41.786933],[-87.577242,41.786484],[-87.576996,41.785689],[-87.576818,41.785212],[-87.576382,41.784221],[-87.576099,41.783651],[-87.576046,41.783598],[-87.575325,41.783245],[-87.57488,41.782986],[-87.574207,41.782628],[-87.573377,41.782245],[-87.572478,41.781896],[-87.57135,41.781557],[-87.570606,41.781392],[-87.569987,41.78129],[-87.569862,41.781279],[-87.569683,41.781297],[-87.568397,41.781608],[-87.567644,41.784622],[-87.567532,41.784597],[-87.568305,41.781539],[-87.569116,41.781358],[-87.571282,41.780839],[-87.573079,41.78025],[-87.572927,41.779895],[-87.572954,41.779824],[-87.573025,41.779792],[-87.573696,41.779639],[-87.57411,41.779528],[-87.574438,41.779371],[-87.574562,41.77928],[-87.574735,41.779111],[-87.574943,41.778812],[-87.57493,41.778724],[-87.575,41.77868],[-87.575053,41.778566],[-87.575279,41.777867],[-87.575302,41.777408],[-87.575245,41.777144],[-87.57519,41.777005],[-87.575071,41.776781],[-87.574922,41.776554],[-87.574694,41.776284],[-87.574607,41.776154],[-87.574605,41.776082],[-87.57464,41.776026],[-87.574697,41.775986],[-87.575079,41.775931],[-87.575043,41.775785],[-87.574809,41.775774],[-87.574585,41.775676],[-87.574234,41.775571],[-87.574216,41.775546],[-87.57386,41.775511],[-87.573475,41.775507],[-87.573395,41.775484],[-87.573367,41.775377],[-87.573312,41.775381],[-87.573315,41.775482],[-87.573296,41.775547],[-87.573216,41.775586],[-87.572842,41.775608],[-87.57269,41.775641],[-87.572166,41.775784],[-87.572087,41.775786],[-87.571998,41.775821],[-87.571936,41.775878],[-87.571841,41.776073],[-87.571756,41.776406],[-87.571745,41.776603],[-87.571772,41.776664],[-87.571823,41.776695],[-87.57193,41.776881],[-87.572159,41.777181],[-87.572314,41.777336],[-87.572372,41.777328],[-87.57245,41.777409],[-87.572621,41.777329],[-87.572646,41.777335],[-87.572868,41.77762],[-87.572791,41.777669],[-87.573156,41.778005],[-87.573271,41.778136],[-87.57336,41.778306],[-87.57332,41.778415],[-87.57338,41.778624],[-87.573379,41.778817],[-87.573332,41.778995],[-87.573259,41.779144],[-87.573214,41.779191],[-87.573125,41.779221],[-87.572923,41.779251],[-87.572746,41.779319],[-87.572589,41.779324],[-87.572477,41.779307],[-87.572238,41.779228],[-87.572169,41.779185],[-87.572095,41.779044],[-87.572098,41.778967],[-87.572077,41.778905],[-87.571823,41.77858],[-87.571671,41.77854],[-87.571566,41.778465],[-87.571142,41.778048],[-87.570325,41.777419],[-87.570149,41.777228],[-87.569898,41.776998],[-87.569811,41.776968],[-87.569693,41.776967],[-87.569502,41.776848],[-87.569416,41.776817],[-87.569188,41.776688],[-87.568812,41.776404],[-87.568632,41.776226],[-87.568131,41.775698],[-87.567819,41.775311],[-87.567201,41.774477],[-87.566862,41.774075],[-87.566826,41.77397],[-87.566584,41.773856],[-87.56655,41.773826],[-87.566448,41.773791],[-87.56681,41.773559],[-87.586296,41.773339],[-87.586334,41.77462],[-87.586327,41.774911],[-87.586289,41.775175],[-87.586296,41.77609],[-87.586413,41.778538],[-87.586446,41.779717],[-87.586713,41.791331],[-87.58671,41.791763],[-87.586637,41.793384],[-87.586528,41.793395],[-87.584817,41.793405],[-87.579301,41.793487]]]}},{"type":"Feature","properties":{"label":"Loop","hover_name":null,"color_index":0,"label_lon":-87.631042,"label_lat":41.883711},"geometry":{"type":"Polygon","coordinates":[[[-87.615266,41.888423],[-87.613253,41.888404],[-87.611786,41.888465],[-87.611427,41.888512],[-87.610451,41.88848],[-87.607617,41.88843],[-87.605202,41.888469],[-87.605214,41.888454],[-87.60513,41.888347],[-87.602524,41.888386],[-87.602479,41.888371],[-87.602456,41.888329],[-87.602482,41.888288],[-87.602524,41.888275],[-87.605136,41.888229],[-87.605184,41.888192],[-87.605413,41.888189],[-87.605411,41.888224],[-87.605987,41.888217],[-87.607506,41.88819],[-87.607558,41.888155],[-87.607807,41.888149],[-87.60781,41.888185],[-87.609846,41.88797],[-87.609879,41.88779],[-87.609879,41.887153],[-87.6099,41.887118],[-87.609936,41.887107],[-87.609938,41.887088],[-87.609986,41.88408],[-87.612736,41.884059],[-87.612739,41.883808],[-87.612759,41.883675],[-87.612806,41.88353],[-87.612878,41.883391],[-87.612983,41.883261],[-87.613138,41.883114],[-87.613313,41.88298],[-87.613506,41.88286],[-87.613861,41.882697],[-87.614338,41.882566],[-87.614668,41.882516],[-87.615545,41.882483],[-87.61579,41.882436],[-87.615995,41.882361],[-87.616124,41.882291],[-87.616289,41.882161],[-87.616399,41.882023],[-87.616459,41.881903],[-87.616506,41.881727],[-87.616498,41.881414],[-87.615754,41.881417],[-87.615722,41.880567],[-87.616478,41.880557],[-87.616458,41.879777],[-87.616372,41.87978],[-87.616336,41.877826],[-87.616305,41.877819],[-87.616242,41.877021],[-87.616183,41.875668],[-87.616191,41.874626],[-87.616224,41.87395],[-87.616245,41.873948],[-87.6162,41.87197],[-87.616281,41.871967],[-87.616273,41.871781],[-87.616234,41.871714],[-87.616234,41.871628],[-87.616268,41.871557],[-87.616212,41.868899],[-87.615944,41.868791],[-87.615705,41.868651],[-87.615502,41.868481],[-87.615352,41.868304],[-87.616602,41.868166],[-87.618541,41.86799],[-87.617875,41.868705],[-87.61772,41.868843],[-87.617616,41.86896],[-87.617467,41.869176],[-87.617335,41.869442],[-87.617274,41.869635],[-87.617224,41.869971],[-87.617265,41.871086],[-87.617494,41.880647],[-87.617474,41.881619],[-87.617429,41.881872],[-87.617338,41.882115],[-87.617196,41.882361],[-87.617043,41.882562],[-87.61675,41.882839],[-87.616532,41.882991],[-87.616292,41.883127],[-87.615379,41.88354],[-87.615182,41.883648],[-87.614871,41.88385],[-87.614665,41.884026],[-87.614358,41.884381],[-87.617233,41.88437],[-87.618978,41.884425],[-87.622641,41.884399],[-87.623834,41.88444],[-87.624125,41.884437],[-87.624452,41.884471],[-87.624346,41.881425],[-87.624335,41.880784],[-87.624366,41.880092],[-87.624334,41.878854],[-87.624311,41.878612],[-87.624313,41.877966],[-87.624119,41.869772],[-87.624134,41.869426],[-87.624097,41.867935],[-87.624132,41.867457],[-87.627419,41.867414],[-87.627517,41.871524],[-87.627611,41.874552],[-87.630675,41.874522],[-87.630565,41.870576],[-87.630492,41.869648],[-87.630435,41.867374],[-87.633619,41.867319],[-87.634734,41.867315],[-87.634813,41.868018],[-87.634963,41.868978],[-87.63507,41.869939],[-87.63518,41.870607],[-87.63544,41.871965],[-87.635869,41.873971],[-87.635931,41.874145],[-87.636066,41.874673],[-87.636294,41.875201],[-87.636349,41.875277],[-87.636827,41.875739],[-87.637066,41.876033],[-87.63733,41.876471],[-87.637429,41.876688],[-87.637659,41.877308],[-87.63777,41.87811],[-87.637863,41.878435],[-87.638097,41.879073],[-87.638114,41.879182],[-87.638113,41.879409],[-87.638234,41.879994],[-87.638278,41.88037],[-87.638286,41.88102],[-87.638261,41.88155],[-87.638224,41.881761],[-87.638222,41.882265],[-87.638139,41.88319],[-87.638081,41.883382],[-87.637917,41.884296],[-87.637881,41.884712],[-87.637733,41.885722],[-87.637653,41.88607],[-87.637588,41.886234],[-87.63744,41.88642],[-87.63727,41.886557],[-87.637087,41.886676],[-87.636844,41.886808],[-87.635975,41.887343],[-87.635797,41.887428],[-87.635619,41.887452],[-87.63484,41.887468],[-87.634266,41.887519],[-87.633774,41.887534],[-87.633372,41.887476],[-87.63223,41.88748],[-87.630785,41.887431],[-87.629284,41.887419],[-87.628238,41.887449],[-87.627617,41.887512],[-87.627265,41.88766],[-87.626356,41.888245],[-87.625987,41.888505],[-87.625664,41.888677],[-87.625292,41.888838],[-87.625094,41.888905],[-87.624514,41.888882],[-87.624187,41.888823],[-87.624032,41.888818],[-87.623858,41.888893],[-87.623607,41.888905],[-87.622714,41.888836],[-87.6212,41.888656],[-87.618012,41.888311],[-87.617255,41.888328],[-87.615266,41.888423]]]}},{"type":"Feature","properties":{"label":"Pullman","hover_name":null,"color_index":2,"label_lon":-87.598392,"label_lat":41.70295},"geometry":{"type":"Polygon","coordinates":[[[-87.60157,41.686209],[-87.601676,41.686213],[-87.601942,41.686183],[-87.60218,41.686176],[-87.60258,41.686117],[-87.602928,41.686027],[-87.604103,41.685565],[-87.604417,41.685512],[-87.611395,41.685442],[-87.611439,41.685725],[-87.611417,41.685936],[-87.611351,41.686246],[-87.611283,41.686477],[-87.609758,41.693232],[-87.608323,41.699474],[-87.608148,41.700307],[-87.607944,41.701127],[-87.60683,41.706002],[-87.605897,41.710201],[-87.603182,41.722048],[-87.601183,41.722105],[-87.595104,41.722197],[-87.593981,41.7222],[-87.591804,41.722248],[-87.586704,41.722322],[-87.586652,41.722257],[-87.585909,41.721581],[-87.585467,41.721132],[-87.584963,41.720685],[-87.584889,41.718319],[-87.584891,41.717626],[-87.584737,41.714295],[-87.584684,41.713607],[-87.584683,41.712491],[-87.584628,41.71125],[-87.584737,41.71029],[-87.584829,41.709815],[-87.584938,41.709418],[-87.585086,41.709013],[-87.585256,41.708616],[-87.585425,41.708291],[-87.585746,41.707774],[-87.5873,41.707747],[-87.587315,41.707312],[-87.587413,41.706908],[-87.587506,41.706673],[-87.587668,41.706425],[-87.588143,41.705112],[-87.58836,41.704961],[-87.589584,41.703879],[-87.592054,41.701561],[-87.592717,41.700881],[-87.59307,41.700489],[-87.593688,41.69979],[-87.594159,41.699201],[-87.594366,41.698976],[-87.595707,41.696957],[-87.596167,41.696318],[-87.596798,41.695176],[-87.598856,41.691309],[-87.599737,41.68974],[-87.600694,41.687961],[-87.601368,41.686667],[-87.60157,41.686209]]]}},{"type":"Feature","properties":{"label":"Riverdale","hover_name":null,"color_index":1,"label_lon":-87.605274,"label_lat":41.665466},"geometry":{"type":"Polygon","coordinates":[[[-87.60157,41.686209],[-87.60172,41.685837],[-87.601761,41.68569],[-87.6019,41.685062],[-87.601936,41.684742],[-87.601932,41.683808],[-87.601879,41.682626],[-87.601846,41.680687],[-87.601733,41.676896],[-87.601686,41.676384],[-87.601544,41.675667],[-87.601446,41.675338],[-87.601279,41.674886],[-87.601134,41.674562],[-87.600908,41.674128],[-87.600517,41.673517],[-87.600119,41.673001],[-87.592124,41.663709],[-87.59172,41.66353],[-87.591635,41.663435],[-87.590741,41.66241],[-87.59012,41.661652],[-87.588679,41.660031],[-87.587651,41.658806],[-87.584684,41.655366],[-87.582741,41.653084],[-87.582122,41.652384],[-87.580559,41.65052],[-87.579792,41.649405],[-87.579638,41.649144],[-87.579182,41.648161],[-87.578878,41.64738],[-87.578677,41.646699],[-87.578575,41.646254],[-87.578446,41.645518],[-87.578377,41.644695],[-87.585672,41.644704],[-87.589449,41.644651],[-87.592835,41.644639],[-87.595282,41.644596],[-87.598239,41.644612],[-87.613359,41.644609],[-87.617216,41.644584],[-87.617237,41.647625],[-87.61723,41.650276],[-87.618034,41.650374],[-87.620205,41.650847],[-87.620316,41.650886],[-87.619823,41.65183],[-87.619445,41.652658],[-87.619249,41.653133],[-87.619039,41.653694],[-87.618746,41.654578],[-87.618482,41.655553],[-87.61771,41.659105],[-87.618281,41.659107],[-87.617673,41.661725],[-87.617274,41.663351],[-87.617234,41.663555],[-87.617211,41.663888],[-87.617149,41.66434],[-87.616967,41.66523],[-87.616753,41.666168],[-87.616182,41.668443],[-87.616128,41.668767],[-87.615468,41.671586],[-87.615221,41.672685],[-87.615153,41.673061],[-87.615068,41.673369],[-87.614673,41.675133],[-87.614454,41.675973],[-87.614419,41.676184],[-87.614393,41.676215],[-87.614202,41.676902],[-87.614148,41.67723],[-87.613166,41.681595],[-87.613012,41.682241],[-87.612894,41.682579],[-87.612279,41.685434],[-87.604417,41.685512],[-87.604103,41.685565],[-87.602928,41.686027],[-87.60258,41.686117],[-87.60218,41.686176],[-87.601942,41.686183],[-87.601676,41.686213],[-87.60157,41.686209]]]}},{"type":"Feature","properties":{"label":"Hegewisch","hover_name":null,"color_index":2,"label_lon":-87.535662,"label_lat":41.668224},"geometry":{"type":"Polygon","coordinates":[[[-87.52462,41.691801],[-87.525166,41.644543],[-87.529938,41.644574],[-87.53503,41.644558],[-87.549803,41.644573],[-87.562374,41.644664],[-87.574869,41.64468],[-87.577251,41.644709],[-87.578377,41.644695],[-87.578446,41.645518],[-87.578519,41.645946],[-87.578616,41.646448],[-87.578834,41.647248],[-87.579182,41.648161],[-87.579638,41.649144],[-87.579792,41.649405],[-87.580487,41.650424],[-87.580811,41.650837],[-87.582122,41.652384],[-87.58302,41.653408],[-87.589,41.660392],[-87.58865,41.660394],[-87.588532,41.660419],[-87.588114,41.660383],[-87.58801,41.660363],[-87.587703,41.66038],[-87.586961,41.660363],[-87.586634,41.660341],[-87.58605,41.660269],[-87.585364,41.660125],[-87.584351,41.659806],[-87.583975,41.659665],[-87.583,41.65941],[-87.582435,41.659306],[-87.581589,41.659222],[-87.580662,41.659199],[-87.576947,41.659183],[-87.575504,41.659205],[-87.560854,41.659163],[-87.559286,41.659189],[-87.559259,41.668652],[-87.558826,41.66901],[-87.558738,41.668994],[-87.558643,41.668937],[-87.558365,41.66892],[-87.558175,41.668934],[-87.558064,41.669071],[-87.557845,41.669207],[-87.557858,41.669243],[-87.557817,41.669273],[-87.55775,41.669237],[-87.557695,41.669267],[-87.557721,41.669333],[-87.557399,41.669586],[-87.557052,41.66966],[-87.55684,41.66977],[-87.556839,41.669852],[-87.55675,41.669953],[-87.556641,41.669947],[-87.556597,41.669969],[-87.555731,41.668703],[-87.553196,41.664872],[-87.552344,41.663757],[-87.55202,41.663464],[-87.55127,41.662923],[-87.550411,41.662411],[-87.54801,41.661079],[-87.545864,41.659833],[-87.54487,41.659232],[-87.54471,41.659222],[-87.546452,41.668136],[-87.546389,41.668387],[-87.546287,41.669153],[-87.546215,41.669417],[-87.545714,41.670814],[-87.545271,41.671802],[-87.545199,41.672044],[-87.545105,41.672193],[-87.544991,41.672693],[-87.544919,41.673184],[-87.545077,41.680985],[-87.545078,41.68277],[-87.54494,41.682773],[-87.54494,41.682754],[-87.541327,41.682788],[-87.540117,41.682776],[-87.54013,41.684507],[-87.538875,41.68451],[-87.537669,41.684494],[-87.536466,41.684519],[-87.534055,41.684518],[-87.531641,41.684501],[-87.531641,41.684567],[-87.531291,41.684579],[-87.530414,41.684566],[-87.530345,41.685131],[-87.53038,41.686369],[-87.530401,41.688204],[-87.530364,41.691826],[-87.52462,41.691801]]]}},{"type":"Feature","properties":{"label":"Greektown","hover_name":null,"color_index":0,"label_lon":-87.647142,"label_lat":41.878576},"geometry":{"type":"Polygon","coordinates":[[[-87.645577,41.875417],[-87.648333,41.875367],[-87.648531,41.881762],[-87.645998,41.881794],[-87.645869,41.878774],[-87.645803,41.8777],[-87.64558,41.875512],[-87.645577,41.875417]]]}},{"type":"Feature","properties":{"label":"Douglas","hover_name":null,"color_index":3,"label_lon":-87.623289,"label_lat":41.827592},"geometry":{"type":"Polygon","coordinates":[[[-87.611581,41.845266],[-87.609406,41.845267],[-87.609409,41.845218],[-87.609141,41.844693],[-87.609168,41.844517],[-87.60915,41.844239],[-87.609072,41.844195],[-87.608916,41.843955],[-87.608771,41.843365],[-87.608582,41.843075],[-87.608474,41.842948],[-87.608177,41.842507],[-87.60802,41.842306],[-87.608021,41.84218],[-87.607975,41.841791],[-87.607979,41.841395],[-87.607947,41.84127],[-87.607849,41.841031],[-87.607733,41.840886],[-87.607528,41.84056],[-87.606984,41.840667],[-87.606678,41.840561],[-87.606714,41.840503],[-87.606995,41.8406],[-87.607501,41.840503],[-87.607433,41.840394],[-87.60745,41.840348],[-87.607348,41.840105],[-87.607211,41.839652],[-87.607095,41.839512],[-87.606701,41.839303],[-87.606512,41.839144],[-87.606451,41.839085],[-87.606156,41.838635],[-87.60471,41.83896],[-87.604278,41.839582],[-87.604275,41.839827],[-87.604185,41.839829],[-87.604195,41.839554],[-87.604667,41.83888],[-87.606135,41.838551],[-87.606079,41.838024],[-87.606105,41.837843],[-87.606072,41.837293],[-87.605975,41.836866],[-87.605847,41.836444],[-87.605655,41.836121],[-87.605308,41.835681],[-87.605092,41.835463],[-87.604558,41.834992],[-87.604544,41.834811],[-87.604734,41.83459],[-87.605033,41.834422],[-87.604868,41.833796],[-87.604746,41.833602],[-87.604553,41.833349],[-87.604352,41.833196],[-87.604072,41.833077],[-87.603916,41.833035],[-87.603486,41.833009],[-87.603354,41.832968],[-87.603229,41.832914],[-87.603012,41.832732],[-87.602797,41.832473],[-87.602704,41.832332],[-87.602765,41.831771],[-87.60271,41.831366],[-87.602798,41.831366],[-87.60295,41.831333],[-87.605835,41.831234],[-87.607214,41.831233],[-87.60749,41.831217],[-87.610633,41.831186],[-87.611001,41.829776],[-87.612624,41.823891],[-87.628968,41.823681],[-87.629092,41.82733],[-87.629048,41.82751],[-87.628935,41.827639],[-87.628923,41.827679],[-87.628996,41.830975],[-87.629561,41.830971],[-87.629965,41.845545],[-87.61784,41.845726],[-87.617671,41.845723],[-87.61721,41.845655],[-87.616551,41.845632],[-87.616438,41.845526],[-87.616217,41.845178],[-87.616139,41.845128],[-87.616008,41.845093],[-87.614993,41.84511],[-87.615001,41.845166],[-87.612401,41.845166],[-87.611581,41.845266]]]}},{"type":"Feature","properties":{"label":"Museum Campus","hover_name":null,"color_index":1,"label_lon":-87.615196,"label_lat":41.863718},"geometry":{"type":"Polygon","coordinates":[[[-87.612347,41.867473],[-87.612395,41.867325],[-87.612459,41.86721],[-87.612588,41.867058],[-87.612689,41.866969],[-87.612688,41.866753],[-87.610656,41.86678],[-87.610602,41.866817],[-87.607749,41.866859],[-87.607526,41.867041],[-87.607319,41.867144],[-87.607007,41.867225],[-87.606759,41.867242],[-87.606513,41.867219],[-87.606354,41.867182],[-87.606134,41.867097],[-87.606002,41.867021],[-87.605835,41.866884],[-87.605747,41.866779],[-87.605654,41.866607],[-87.60562,41.866486],[-87.605612,41.8663],[-87.605683,41.866059],[-87.605842,41.865842],[-87.606051,41.865681],[-87.606045,41.864794],[-87.606293,41.864785],[-87.606297,41.864935],[-87.606313,41.864966],[-87.606586,41.865213],[-87.606674,41.865233],[-87.60687,41.865181],[-87.607092,41.865059],[-87.607244,41.864933],[-87.607358,41.864812],[-87.607451,41.864682],[-87.60751,41.864557],[-87.607573,41.86436],[-87.607579,41.864274],[-87.607575,41.864102],[-87.607525,41.863846],[-87.606955,41.862374],[-87.606919,41.862346],[-87.606807,41.862312],[-87.606765,41.862206],[-87.606737,41.862187],[-87.606624,41.862165],[-87.606532,41.862204],[-87.606413,41.86207],[-87.606086,41.862074],[-87.60608,41.862056],[-87.606042,41.862052],[-87.606021,41.862005],[-87.605965,41.86008],[-87.606838,41.860057],[-87.607072,41.859958],[-87.606597,41.853411],[-87.606513,41.853415],[-87.606511,41.853359],[-87.608394,41.853195],[-87.608758,41.85317],[-87.609004,41.853181],[-87.609317,41.853256],[-87.609588,41.853393],[-87.609775,41.853559],[-87.609897,41.85377],[-87.609923,41.85388],[-87.609914,41.854037],[-87.60945,41.856407],[-87.609342,41.85667],[-87.609335,41.856817],[-87.609407,41.857005],[-87.609464,41.857078],[-87.609662,41.85725],[-87.60977,41.857378],[-87.609925,41.857656],[-87.609974,41.857831],[-87.609994,41.858083],[-87.60998,41.858186],[-87.60988,41.858488],[-87.609885,41.858643],[-87.609942,41.858791],[-87.610008,41.858882],[-87.610221,41.85906],[-87.610393,41.859164],[-87.610476,41.859281],[-87.610476,41.85939],[-87.610364,41.859708],[-87.610363,41.859864],[-87.610426,41.860081],[-87.610461,41.860131],[-87.610547,41.860183],[-87.610668,41.860206],[-87.610675,41.860651],[-87.61053,41.860687],[-87.610455,41.860752],[-87.610425,41.860849],[-87.610348,41.860848],[-87.610361,41.861396],[-87.610285,41.861398],[-87.610036,41.861803],[-87.609898,41.862109],[-87.609776,41.862488],[-87.609799,41.862492],[-87.609713,41.862867],[-87.609674,41.863246],[-87.609657,41.863248],[-87.609655,41.863288],[-87.609628,41.86329],[-87.609628,41.863374],[-87.609652,41.863377],[-87.60965,41.863403],[-87.609605,41.863405],[-87.609611,41.863508],[-87.609645,41.863508],[-87.60974,41.864091],[-87.609885,41.864468],[-87.609969,41.864629],[-87.609955,41.864634],[-87.6101,41.864903],[-87.610371,41.865322],[-87.610448,41.865319],[-87.61048,41.865865],[-87.612669,41.865843],[-87.61265,41.865279],[-87.612741,41.865288],[-87.613131,41.864449],[-87.613286,41.864029],[-87.61344,41.863371],[-87.613457,41.863091],[-87.613445,41.86294],[-87.61331,41.862494],[-87.613101,41.862058],[-87.612872,41.861674],[-87.612648,41.861372],[-87.612561,41.861373],[-87.612548,41.860825],[-87.612471,41.860828],[-87.612463,41.860773],[-87.612418,41.860705],[-87.612358,41.860666],[-87.612286,41.860642],[-87.612203,41.860634],[-87.612205,41.860461],[-87.612391,41.860455],[-87.612393,41.860354],[-87.61215,41.860346],[-87.612153,41.860265],[-87.612187,41.860265],[-87.612183,41.860175],[-87.612316,41.860152],[-87.612409,41.860084],[-87.612443,41.859988],[-87.612403,41.859787],[-87.612201,41.859265],[-87.612165,41.858668],[-87.612187,41.858584],[-87.612265,41.858508],[-87.612403,41.85849],[-87.612539,41.858494],[-87.612725,41.858359],[-87.612861,41.858127],[-87.613042,41.857611],[-87.61307,41.857261],[-87.613055,41.857032],[-87.61301,41.856859],[-87.612899,41.856582],[-87.612853,41.856356],[-87.612684,41.856064],[-87.612476,41.855843],[-87.612236,41.855661],[-87.611426,41.85515],[-87.611306,41.855043],[-87.611162,41.854864],[-87.61109,41.854729],[-87.611022,41.854505],[-87.611,41.854093],[-87.610937,41.853708],[-87.610821,41.853325],[-87.610717,41.853078],[-87.61059,41.852836],[-87.610373,41.852505],[-87.609388,41.851283],[-87.609305,41.851138],[-87.609222,41.850909],[-87.609188,41.850687],[-87.609199,41.850448],[-87.609498,41.848981],[-87.609521,41.8487],[-87.609543,41.848696],[-87.60949,41.848074],[-87.609433,41.84785],[-87.609326,41.847636],[-87.608538,41.846576],[-87.608429,41.84629],[-87.608408,41.846066],[-87.608431,41.845879],[-87.608505,41.845672],[-87.608614,41.845496],[-87.609002,41.845006],[-87.609077,41.844872],[-87.609141,41.844693],[-87.609409,41.845218],[-87.609406,41.845267],[-87.611411,41.845267],[-87.61219,41.847304],[-87.613979,41.851617],[-87.615031,41.853902],[-87.61627,41.856971],[-87.617537,41.859632],[-87.618242,41.861299],[-87.618527,41.862077],[-87.618845,41.862644],[-87.619313,41.863952],[-87.619937,41.865813],[-87.620062,41.866134],[-87.620414,41.867251],[-87.6204,41.867513],[-87.619215,41.867537],[-87.618962,41.867503],[-87.618541,41.86799],[-87.616602,41.868166],[-87.615352,41.868304],[-87.61474,41.868324],[-87.614403,41.868447],[-87.614139,41.868495],[-87.613972,41.868503],[-87.613638,41.868506],[-87.613295,41.868491],[-87.612982,41.86841],[-87.612773,41.868308],[-87.612549,41.868126],[-87.612416,41.867938],[-87.612338,41.867695],[-87.612347,41.867473]]]}},{"type":"Feature","properties":{"label":"Edgewater","hover_name":null,"color_index":2,"label_lon":-87.663829,"label_lat":41.99386},"geometry":{"type":"Polygon","coordinates":[[[-87.64729,41.977748],[-87.64886,41.977042],[-87.648958,41.976961],[-87.649043,41.976814],[-87.649115,41.97684],[-87.64932,41.97685],[-87.6496,41.976823],[-87.650142,41.976701],[-87.650817,41.976525],[-87.651074,41.976477],[-87.65126,41.97646],[-87.651861,41.976445],[-87.661142,41.976303],[-87.661344,41.983604],[-87.67426,41.983403],[-87.674474,41.983394],[-87.674609,41.983357],[-87.674697,41.986527],[-87.674691,41.986604],[-87.6746,41.986793],[-87.674705,41.990763],[-87.67485,41.990762],[-87.674835,41.992078],[-87.675013,41.997993],[-87.670858,41.998073],[-87.6569,41.99823],[-87.656004,41.998236],[-87.655847,41.998221],[-87.655737,41.998175],[-87.654556,41.998166],[-87.654499,41.997992],[-87.654487,41.997847],[-87.654431,41.997588],[-87.654423,41.997368],[-87.654438,41.997277],[-87.654285,41.996364],[-87.654262,41.995993],[-87.654271,41.995958],[-87.654295,41.995951],[-87.654315,41.995967],[-87.654354,41.996075],[-87.654451,41.996086],[-87.654595,41.996063],[-87.654638,41.996041],[-87.654644,41.995946],[-87.654664,41.995943],[-87.654639,41.995684],[-87.65458,41.99553],[-87.654485,41.99537],[-87.654498,41.995272],[-87.654485,41.995128],[-87.654559,41.994956],[-87.654557,41.994763],[-87.6546,41.994531],[-87.654391,41.994533],[-87.654361,41.994295],[-87.6543,41.994265],[-87.654266,41.994108],[-87.654259,41.993966],[-87.65428,41.993881],[-87.654433,41.993861],[-87.654505,41.993668],[-87.654506,41.993657],[-87.654449,41.993654],[-87.654471,41.993626],[-87.654472,41.993572],[-87.654466,41.99348],[-87.654451,41.993478],[-87.654455,41.993464],[-87.654511,41.99346],[-87.654527,41.993392],[-87.654286,41.99308],[-87.654257,41.993064],[-87.6541,41.993051],[-87.654093,41.993006],[-87.654149,41.992584],[-87.65421,41.992371],[-87.6543,41.991814],[-87.654325,41.990996],[-87.654413,41.990993],[-87.654382,41.990925],[-87.654238,41.990867],[-87.654189,41.990292],[-87.654187,41.990216],[-87.654209,41.990167],[-87.654306,41.990122],[-87.654289,41.990068],[-87.654202,41.989964],[-87.654193,41.989924],[-87.654233,41.989689],[-87.654227,41.989532],[-87.654198,41.989464],[-87.654196,41.989376],[-87.654238,41.988659],[-87.654231,41.988541],[-87.654244,41.98852],[-87.654304,41.988502],[-87.654308,41.988406],[-87.653931,41.987976],[-87.653543,41.98757],[-87.653388,41.987458],[-87.653092,41.987297],[-87.652664,41.986968],[-87.652262,41.986692],[-87.651926,41.986429],[-87.65159,41.986137],[-87.651405,41.986026],[-87.651056,41.985764],[-87.650977,41.985723],[-87.650665,41.985608],[-87.65028,41.985545],[-87.650138,41.985509],[-87.650048,41.985467],[-87.649894,41.985422],[-87.649396,41.986404],[-87.649352,41.986393],[-87.650221,41.984669],[-87.650365,41.984339],[-87.650539,41.983834],[-87.650683,41.983192],[-87.650724,41.982859],[-87.650741,41.982481],[-87.650705,41.9811],[-87.650669,41.980661],[-87.650608,41.980411],[-87.650555,41.980277],[-87.650221,41.979723],[-87.650384,41.979616],[-87.650439,41.979545],[-87.650475,41.979457],[-87.650281,41.979392],[-87.650233,41.979358],[-87.649765,41.978906],[-87.648774,41.978153],[-87.648651,41.977997],[-87.648604,41.97784],[-87.647543,41.977783],[-87.64729,41.977748]]]}},{"type":"Feature","properties":{"label":"Lake View","hover_name":null,"color_index":3,"label_lon":-87.665018,"label_lat":41.945961},"geometry":{"type":"Polygon","coordinates":[[[-87.664215,41.954355],[-87.664015,41.947068],[-87.656849,41.947184],[-87.656516,41.947202],[-87.654537,41.944747],[-87.654245,41.944466],[-87.654545,41.954488],[-87.649897,41.954557],[-87.644309,41.954663],[-87.643996,41.954654],[-87.641024,41.954803],[-87.640845,41.95425],[-87.640782,41.954177],[-87.640668,41.953892],[-87.640592,41.953612],[-87.640487,41.953601],[-87.640224,41.952888],[-87.639792,41.9519],[-87.639204,41.950625],[-87.638447,41.949044],[-87.637906,41.948013],[-87.637546,41.947433],[-87.636885,41.946556],[-87.63649,41.946078],[-87.636253,41.945764],[-87.635062,41.944476],[-87.634712,41.944141],[-87.633402,41.942963],[-87.633051,41.94262],[-87.63301,41.942548],[-87.632996,41.94248],[-87.633028,41.942335],[-87.633082,41.942267],[-87.633155,41.942213],[-87.633369,41.942149],[-87.633453,41.942144],[-87.633544,41.942159],[-87.633643,41.942185],[-87.633715,41.942222],[-87.633836,41.942317],[-87.633877,41.942387],[-87.634056,41.942913],[-87.634268,41.943109],[-87.634493,41.943191],[-87.634689,41.943214],[-87.634842,41.943183],[-87.635017,41.943111],[-87.635199,41.942985],[-87.635424,41.942911],[-87.63567,41.942905],[-87.63579,41.942928],[-87.635922,41.942979],[-87.636074,41.9431],[-87.636184,41.943243],[-87.636965,41.944897],[-87.636822,41.945045],[-87.637313,41.945752],[-87.637363,41.945793],[-87.638101,41.946035],[-87.638698,41.946201],[-87.638683,41.946241],[-87.638887,41.946311],[-87.639694,41.946333],[-87.639841,41.946374],[-87.639884,41.946396],[-87.639874,41.946416],[-87.639974,41.946455],[-87.640021,41.946397],[-87.640265,41.946519],[-87.6401,41.946716],[-87.640203,41.946761],[-87.640269,41.946698],[-87.640304,41.94672],[-87.640834,41.947369],[-87.641105,41.947604],[-87.64154,41.947865],[-87.64187,41.948005],[-87.642007,41.948013],[-87.642065,41.947997],[-87.642126,41.947947],[-87.642134,41.947858],[-87.64202,41.94768],[-87.641893,41.947531],[-87.641632,41.947285],[-87.641361,41.947043],[-87.640642,41.946464],[-87.640326,41.946176],[-87.640101,41.946008],[-87.640049,41.945947],[-87.640018,41.945878],[-87.640027,41.9458],[-87.640197,41.945516],[-87.640133,41.945444],[-87.640124,41.945381],[-87.640199,41.945293],[-87.640413,41.945239],[-87.640448,41.945187],[-87.6405,41.94501],[-87.64046,41.944832],[-87.639586,41.943596],[-87.63933,41.943522],[-87.639111,41.943373],[-87.638905,41.943181],[-87.638718,41.942939],[-87.638578,41.942684],[-87.638512,41.942507],[-87.638434,41.942124],[-87.638405,41.941775],[-87.638405,41.941428],[-87.638346,41.941288],[-87.638154,41.941001],[-87.638028,41.94087],[-87.637541,41.940284],[-87.637529,41.940288],[-87.637115,41.939826],[-87.637038,41.939813],[-87.636951,41.940259],[-87.636734,41.94023],[-87.636816,41.939758],[-87.636677,41.939743],[-87.636314,41.939742],[-87.635841,41.939777],[-87.6358,41.939611],[-87.635469,41.939732],[-87.635167,41.939953],[-87.634988,41.940149],[-87.634783,41.940688],[-87.63517,41.940711],[-87.635153,41.940859],[-87.63513,41.94087],[-87.635097,41.940854],[-87.635112,41.940748],[-87.634775,41.940728],[-87.634764,41.940742],[-87.634727,41.940993],[-87.6347,41.941414],[-87.634602,41.941537],[-87.634448,41.941594],[-87.634453,41.941861],[-87.634341,41.94186],[-87.634335,41.941732],[-87.6342,41.94172],[-87.634118,41.941697],[-87.634,41.941624],[-87.633904,41.941495],[-87.633853,41.941344],[-87.633882,41.940725],[-87.633856,41.940385],[-87.633733,41.940016],[-87.633554,41.939357],[-87.633168,41.938434],[-87.632985,41.938076],[-87.632365,41.937381],[-87.632292,41.937235],[-87.632426,41.937182],[-87.632327,41.937003],[-87.632236,41.936697],[-87.632188,41.936476],[-87.632206,41.936387],[-87.63217,41.936137],[-87.632101,41.93584],[-87.632043,41.935752],[-87.632028,41.935687],[-87.63196,41.935595],[-87.63192,41.935482],[-87.631875,41.935447],[-87.631721,41.935188],[-87.631592,41.935047],[-87.631448,41.934812],[-87.630707,41.933914],[-87.630504,41.933747],[-87.630443,41.933666],[-87.630424,41.933504],[-87.630472,41.933328],[-87.63053,41.933215],[-87.630612,41.933164],[-87.630713,41.933062],[-87.630705,41.932707],[-87.630692,41.932584],[-87.630662,41.932555],[-87.630664,41.932534],[-87.630709,41.932522],[-87.630762,41.932568],[-87.630773,41.933026],[-87.630731,41.933036],[-87.630731,41.933063],[-87.630908,41.932984],[-87.631384,41.93297],[-87.63138,41.9328],[-87.6314,41.93269],[-87.631474,41.932615],[-87.6316,41.932579],[-87.631818,41.932582],[-87.631997,41.932604],[-87.632442,41.932589],[-87.632562,41.932629],[-87.632822,41.932933],[-87.633926,41.932906],[-87.63393,41.933013],[-87.633998,41.933015],[-87.634115,41.933007],[-87.634361,41.932958],[-87.634578,41.932879],[-87.634724,41.932803],[-87.63624,41.932854],[-87.637346,41.932931],[-87.638089,41.932932],[-87.64987,41.9327],[-87.667069,41.932421],[-87.673364,41.932343],[-87.673382,41.933395],[-87.673473,41.935986],[-87.673352,41.935987],[-87.673355,41.936111],[-87.673447,41.940235],[-87.673499,41.940859],[-87.673545,41.942994],[-87.673645,41.945801],[-87.673653,41.946465],[-87.673722,41.946927],[-87.673611,41.947165],[-87.673646,41.948459],[-87.673681,41.948828],[-87.673724,41.950481],[-87.67371,41.950682],[-87.673792,41.954361],[-87.673895,41.957795],[-87.673877,41.957963],[-87.673977,41.961525],[-87.665954,41.961635],[-87.665906,41.961473],[-87.665186,41.959628],[-87.664645,41.95833],[-87.664471,41.957956],[-87.66225,41.954378],[-87.664215,41.954355]],[[-87.649267,41.939981],[-87.64547,41.940021],[-87.6444,41.940045],[-87.644485,41.942728],[-87.644545,41.942871],[-87.644719,41.943165],[-87.647182,41.947195],[-87.64938,41.950846],[-87.64962,41.951198],[-87.649619,41.950643],[-87.649589,41.950439],[-87.649536,41.948947],[-87.649267,41.939981]]]}},{"type":"Feature","properties":{"label":"Lincoln Park","hover_name":null,"color_index":1,"label_lon":-87.638901,"label_lat":41.922937},"geometry":{"type":"Polygon","coordinates":[[[-87.626405,41.911373],[-87.626566,41.911673],[-87.626865,41.911338],[-87.626941,41.9113],[-87.627125,41.911251],[-87.631006,41.911189],[-87.631382,41.911198],[-87.631682,41.911181],[-87.631712,41.911292],[-87.631861,41.911553],[-87.636117,41.918473],[-87.63653,41.918357],[-87.636717,41.91835],[-87.648509,41.91818],[-87.648376,41.914752],[-87.648272,41.91092],[-87.656861,41.910785],[-87.65693,41.911076],[-87.657057,41.911436],[-87.657595,41.912815],[-87.657715,41.913425],[-87.657862,41.913809],[-87.658077,41.914108],[-87.658651,41.914708],[-87.659235,41.915147],[-87.65987,41.915451],[-87.660268,41.915712],[-87.660735,41.91597],[-87.66093,41.916118],[-87.661132,41.916177],[-87.661329,41.916179],[-87.661513,41.916121],[-87.661781,41.916014],[-87.662066,41.91592],[-87.662276,41.915809],[-87.662449,41.915692],[-87.662649,41.915591],[-87.662789,41.915568],[-87.663029,41.915488],[-87.663706,41.915633],[-87.663771,41.915678],[-87.663896,41.91589],[-87.664216,41.916796],[-87.664297,41.917119],[-87.664445,41.917554],[-87.664535,41.917703],[-87.664752,41.917992],[-87.664958,41.918152],[-87.665426,41.918588],[-87.665722,41.91893],[-87.666463,41.920028],[-87.667339,41.920879],[-87.667678,41.921343],[-87.668096,41.92203],[-87.668366,41.922171],[-87.668925,41.922284],[-87.669285,41.922389],[-87.66951,41.922414],[-87.669758,41.922408],[-87.670151,41.922372],[-87.670627,41.922384],[-87.670889,41.922376],[-87.671112,41.922411],[-87.67165,41.922551],[-87.672161,41.922806],[-87.672974,41.923398],[-87.67346,41.923784],[-87.673767,41.923996],[-87.674255,41.92439],[-87.67442,41.92463],[-87.674465,41.924837],[-87.674513,41.925952],[-87.674555,41.926142],[-87.674746,41.926431],[-87.674938,41.926658],[-87.675831,41.927226],[-87.676524,41.927591],[-87.677202,41.927845],[-87.67779,41.928023],[-87.678289,41.928124],[-87.679705,41.928464],[-87.67984,41.928605],[-87.680805,41.93064],[-87.681294,41.930935],[-87.682149,41.931404],[-87.682842,41.932153],[-87.68284,41.932229],[-87.66779,41.932411],[-87.65871,41.932556],[-87.658534,41.927993],[-87.658335,41.921661],[-87.648633,41.921817],[-87.649012,41.93272],[-87.638089,41.932932],[-87.637346,41.932931],[-87.63624,41.932854],[-87.634724,41.932803],[-87.634578,41.932879],[-87.634361,41.932958],[-87.634115,41.933007],[-87.633998,41.933015],[-87.63393,41.933013],[-87.633926,41.932906],[-87.632822,41.932933],[-87.632562,41.932629],[-87.632506,41.932601],[-87.632246,41.932587],[-87.631997,41.932604],[-87.631818,41.932582],[-87.631821,41.932444],[-87.631397,41.932433],[-87.631255,41.932394],[-87.631281,41.932419],[-87.631152,41.932576],[-87.631072,41.932592],[-87.631054,41.932558],[-87.63111,41.932539],[-87.631239,41.932386],[-87.631032,41.932292],[-87.63085,41.932167],[-87.630736,41.931983],[-87.630687,41.931869],[-87.630674,41.931772],[-87.630697,41.931599],[-87.630786,41.931389],[-87.630952,41.930812],[-87.631,41.930407],[-87.63101,41.930084],[-87.630965,41.92964],[-87.630834,41.929013],[-87.630749,41.928818],[-87.630694,41.928602],[-87.630396,41.928082],[-87.630611,41.927996],[-87.630521,41.927858],[-87.630327,41.927627],[-87.629981,41.927291],[-87.629791,41.927079],[-87.629639,41.9268],[-87.629598,41.92658],[-87.629603,41.92635],[-87.629629,41.926223],[-87.629706,41.926092],[-87.629876,41.92616],[-87.630177,41.925886],[-87.630259,41.92579],[-87.630275,41.925748],[-87.630259,41.925282],[-87.630192,41.924678],[-87.630084,41.924154],[-87.63008,41.924037],[-87.629979,41.923678],[-87.629903,41.923482],[-87.629581,41.923199],[-87.629273,41.922997],[-87.629003,41.92275],[-87.628383,41.923118],[-87.628336,41.923074],[-87.629268,41.922521],[-87.629304,41.922551],[-87.629486,41.922441],[-87.62948,41.922397],[-87.629427,41.922286],[-87.629258,41.922042],[-87.628988,41.921692],[-87.6289,41.921601],[-87.628852,41.921483],[-87.62868,41.921294],[-87.628536,41.921033],[-87.627757,41.921405],[-87.627728,41.921397],[-87.627705,41.921368],[-87.628761,41.920857],[-87.628795,41.92089],[-87.628934,41.920821],[-87.628917,41.920729],[-87.628731,41.920374],[-87.628561,41.920123],[-87.628427,41.919978],[-87.628175,41.919783],[-87.627956,41.919505],[-87.62735,41.9198],[-87.627325,41.919747],[-87.628365,41.91924],[-87.628397,41.919272],[-87.628419,41.919259],[-87.628436,41.919239],[-87.628425,41.919172],[-87.628294,41.919025],[-87.628152,41.918804],[-87.627893,41.918528],[-87.627494,41.918219],[-87.627354,41.918003],[-87.626832,41.918301],[-87.6268,41.918251],[-87.627856,41.917643],[-87.627891,41.917673],[-87.627915,41.917654],[-87.627909,41.9176],[-87.627582,41.917215],[-87.627354,41.917057],[-87.627085,41.916838],[-87.626935,41.916691],[-87.626846,41.916562],[-87.626771,41.91651],[-87.626705,41.916435],[-87.626093,41.916836],[-87.626044,41.916794],[-87.626813,41.916286],[-87.626632,41.916134],[-87.626288,41.915758],[-87.626086,41.915633],[-87.625921,41.915586],[-87.6258,41.91553],[-87.625644,41.915367],[-87.625451,41.915225],[-87.625093,41.914899],[-87.624867,41.914725],[-87.624547,41.914547],[-87.624339,41.914385],[-87.624025,41.914176],[-87.623194,41.913776],[-87.622906,41.913681],[-87.622427,41.913573],[-87.621732,41.913528],[-87.621164,41.913588],[-87.621012,41.913641],[-87.620773,41.913771],[-87.620617,41.913793],[-87.620553,41.91376],[-87.62052,41.913715],[-87.620486,41.91361],[-87.620494,41.913562],[-87.620565,41.913432],[-87.620572,41.91337],[-87.620442,41.913489],[-87.620374,41.913575],[-87.620292,41.913709],[-87.620212,41.913907],[-87.62019,41.914085],[-87.620208,41.914556],[-87.62024,41.914626],[-87.620306,41.914703],[-87.620467,41.914794],[-87.620615,41.914822],[-87.620742,41.91482],[-87.620841,41.914798],[-87.620955,41.914749],[-87.620989,41.914785],[-87.620879,41.914835],[-87.620718,41.914869],[-87.620606,41.914869],[-87.620477,41.914847],[-87.620378,41.914809],[-87.620255,41.914726],[-87.620195,41.914656],[-87.620146,41.914538],[-87.620138,41.913991],[-87.620221,41.913716],[-87.620294,41.913589],[-87.620442,41.913413],[-87.620632,41.913261],[-87.620779,41.913176],[-87.621053,41.913061],[-87.621368,41.912972],[-87.621587,41.912934],[-87.622092,41.912896],[-87.622323,41.912863],[-87.622634,41.912787],[-87.622934,41.912674],[-87.62329,41.91247],[-87.624465,41.911567],[-87.624706,41.911565],[-87.626405,41.911373]]]}},{"type":"Feature","properties":{"label":"Magnificent Mile","hover_name":null,"color_index":2,"label_lon":-87.624218,"label_lat":41.892214},"geometry":{"type":"Polygon","coordinates":[[[-87.623726,41.889853],[-87.624007,41.888829],[-87.624032,41.888818],[-87.624187,41.888823],[-87.624514,41.888882],[-87.624764,41.888895],[-87.624494,41.890012],[-87.624649,41.896486],[-87.624512,41.897558],[-87.624451,41.897889],[-87.624547,41.90048],[-87.624504,41.900806],[-87.623751,41.900834],[-87.623824,41.900503],[-87.623758,41.899204],[-87.623737,41.898379],[-87.623744,41.897753],[-87.623839,41.896952],[-87.623917,41.896533],[-87.62382,41.892548],[-87.623726,41.889853]]]}},{"type":"Feature","properties":{"label":"Lincoln Square","hover_name":null,"color_index":0,"label_lon":-87.689594,"label_lat":41.974002},"geometry":{"type":"Polygon","coordinates":[[[-87.674458,41.977817],[-87.674338,41.973455],[-87.674285,41.973274],[-87.674237,41.971685],[-87.674195,41.970253],[-87.674208,41.970043],[-87.673977,41.961525],[-87.688932,41.961309],[-87.694746,41.961273],[-87.694845,41.961475],[-87.695013,41.961902],[-87.695072,41.96199],[-87.695088,41.96209],[-87.69518,41.962214],[-87.695477,41.962931],[-87.695624,41.963179],[-87.695784,41.963369],[-87.695972,41.963561],[-87.696051,41.963682],[-87.696673,41.964288],[-87.69693,41.964574],[-87.697038,41.964721],[-87.697292,41.96491],[-87.698247,41.96582],[-87.698472,41.966077],[-87.698957,41.966553],[-87.699106,41.966731],[-87.699486,41.967082],[-87.699558,41.967175],[-87.699765,41.967353],[-87.69987,41.967469],[-87.700111,41.96765],[-87.700732,41.968255],[-87.700908,41.96837],[-87.701083,41.968521],[-87.701439,41.968942],[-87.701453,41.969063],[-87.701545,41.969197],[-87.701883,41.969545],[-87.702021,41.969624],[-87.702564,41.970232],[-87.702782,41.970532],[-87.703219,41.971241],[-87.703569,41.971953],[-87.703761,41.972681],[-87.703858,41.973159],[-87.703931,41.973282],[-87.704026,41.973519],[-87.704295,41.974275],[-87.704391,41.97469],[-87.704456,41.974855],[-87.704487,41.975031],[-87.704492,41.9752],[-87.704592,41.97539],[-87.704629,41.975591],[-87.704714,41.975699],[-87.704729,41.975851],[-87.704789,41.976049],[-87.704827,41.976113],[-87.704806,41.976199],[-87.704821,41.976273],[-87.704871,41.976447],[-87.704933,41.976568],[-87.704955,41.976728],[-87.705016,41.976932],[-87.705156,41.977371],[-87.705193,41.97744],[-87.705422,41.978401],[-87.705662,41.979031],[-87.705911,41.979829],[-87.705955,41.979922],[-87.706068,41.980406],[-87.706198,41.980713],[-87.706247,41.980955],[-87.706297,41.98103],[-87.706304,41.981089],[-87.706356,41.981188],[-87.706489,41.981649],[-87.706512,41.981788],[-87.706664,41.982125],[-87.706718,41.98244],[-87.706817,41.982739],[-87.706902,41.98308],[-87.689448,41.983168],[-87.689479,41.984664],[-87.689673,41.9905],[-87.674705,41.990763],[-87.6746,41.986793],[-87.674691,41.986604],[-87.674697,41.986527],[-87.674508,41.979813],[-87.674418,41.979683],[-87.674405,41.979265],[-87.674373,41.97801],[-87.674452,41.977896],[-87.674458,41.977817]]]}},{"type":"Feature","properties":{"label":"Oakland","hover_name":null,"color_index":1,"label_lon":-87.605107,"label_lat":41.82109},"geometry":{"type":"Polygon","coordinates":[[[-87.592153,41.816929],[-87.595261,41.816943],[-87.595959,41.816833],[-87.596249,41.816833],[-87.5964,41.816817],[-87.596463,41.816908],[-87.596883,41.816928],[-87.606708,41.816814],[-87.606753,41.819079],[-87.606823,41.821087],[-87.606859,41.823166],[-87.606437,41.823306],[-87.606873,41.823965],[-87.607327,41.823949],[-87.612624,41.823891],[-87.611001,41.829776],[-87.610633,41.831186],[-87.60749,41.831217],[-87.607214,41.831233],[-87.605835,41.831234],[-87.60295,41.831333],[-87.602798,41.831366],[-87.60271,41.831366],[-87.602594,41.831022],[-87.602502,41.830846],[-87.602395,41.830693],[-87.602086,41.830382],[-87.601637,41.829975],[-87.600296,41.828266],[-87.600165,41.82816],[-87.599972,41.82793],[-87.599212,41.827394],[-87.5987,41.827057],[-87.598258,41.826797],[-87.597948,41.826555],[-87.597755,41.826344],[-87.597578,41.82605],[-87.597482,41.825641],[-87.597508,41.825354],[-87.597623,41.824934],[-87.597697,41.824566],[-87.597662,41.824198],[-87.597633,41.824034],[-87.597535,41.823706],[-87.597338,41.823208],[-87.597328,41.823112],[-87.597257,41.82292],[-87.597246,41.822797],[-87.597281,41.822803],[-87.597328,41.822845],[-87.597348,41.822827],[-87.597327,41.822737],[-87.597251,41.822682],[-87.597248,41.822652],[-87.597271,41.822618],[-87.597196,41.822614],[-87.597206,41.822571],[-87.597128,41.822539],[-87.597113,41.822518],[-87.597093,41.822411],[-87.597057,41.822367],[-87.59702,41.822229],[-87.596868,41.822048],[-87.59684,41.821965],[-87.596679,41.821826],[-87.59659,41.821694],[-87.596418,41.82151],[-87.596204,41.821333],[-87.596063,41.821142],[-87.595862,41.82084],[-87.595779,41.820655],[-87.59571,41.820562],[-87.595694,41.820489],[-87.59573,41.820434],[-87.595677,41.820363],[-87.59549,41.82016],[-87.595115,41.819814],[-87.594688,41.819735],[-87.594621,41.819696],[-87.594502,41.819574],[-87.594327,41.819433],[-87.593701,41.819039],[-87.593485,41.818812],[-87.593345,41.818729],[-87.592957,41.818575],[-87.592683,41.818401],[-87.592616,41.818343],[-87.59239,41.818045],[-87.592191,41.817681],[-87.592153,41.816929]]]}},{"type":"Feature","properties":{"label":"Grant Park","hover_name":null,"color_index":3,"label_lon":-87.620779,"label_lat":41.874167},"geometry":{"type":"Polygon","coordinates":[[[-87.618354,41.868192],[-87.618962,41.867503],[-87.619215,41.867537],[-87.624132,41.867457],[-87.624097,41.867935],[-87.624134,41.869426],[-87.624119,41.869772],[-87.624313,41.877966],[-87.624311,41.878612],[-87.624334,41.878854],[-87.624366,41.880092],[-87.624335,41.880827],[-87.617488,41.880918],[-87.617265,41.871086],[-87.617227,41.87014],[-87.617236,41.869829],[-87.617274,41.869635],[-87.617335,41.869442],[-87.617467,41.869176],[-87.617616,41.86896],[-87.618354,41.868192]]]}},{"type":"Feature","properties":{"label":"West Loop","hover_name":null,"color_index":1,"label_lon":-87.639987,"label_lat":41.869317},"geometry":{"type":"Polygon","coordinates":[[[-87.644468,41.859954],[-87.644631,41.864884],[-87.644792,41.867525],[-87.644897,41.868604],[-87.6453,41.871695],[-87.645393,41.872294],[-87.645657,41.873707],[-87.645671,41.874197],[-87.645593,41.874992],[-87.64558,41.875512],[-87.645803,41.8777],[-87.645869,41.878774],[-87.645998,41.881794],[-87.648531,41.881762],[-87.648333,41.875367],[-87.649504,41.875329],[-87.651365,41.875295],[-87.653308,41.875411],[-87.65585,41.875532],[-87.65867,41.875599],[-87.660809,41.875593],[-87.666637,41.87549],[-87.666688,41.877643],[-87.666754,41.878925],[-87.666749,41.879992],[-87.66687,41.883212],[-87.666907,41.885122],[-87.666979,41.885404],[-87.667069,41.888852],[-87.665118,41.888855],[-87.660845,41.888904],[-87.660676,41.888861],[-87.66048,41.888911],[-87.659018,41.888921],[-87.658921,41.88895],[-87.658831,41.888923],[-87.654857,41.888978],[-87.65333,41.888977],[-87.649633,41.889015],[-87.647583,41.88905],[-87.647566,41.888568],[-87.644322,41.888582],[-87.644334,41.889034],[-87.641589,41.889051],[-87.640813,41.889077],[-87.640632,41.889041],[-87.639828,41.889048],[-87.639361,41.88908],[-87.639259,41.888786],[-87.639202,41.888449],[-87.639064,41.888136],[-87.638848,41.887373],[-87.638765,41.887162],[-87.638564,41.886872],[-87.638392,41.886726],[-87.637588,41.886234],[-87.637653,41.88607],[-87.637761,41.88558],[-87.637881,41.884712],[-87.637917,41.884296],[-87.638081,41.883382],[-87.638139,41.88319],[-87.638232,41.882117],[-87.638224,41.881761],[-87.63827,41.881393],[-87.638289,41.88069],[-87.638278,41.88037],[-87.638199,41.879774],[-87.638113,41.879409],[-87.638114,41.879182],[-87.638097,41.879073],[-87.637863,41.878435],[-87.63777,41.87811],[-87.637659,41.877308],[-87.637429,41.876688],[-87.63733,41.876471],[-87.637066,41.876033],[-87.636827,41.875739],[-87.636349,41.875277],[-87.636294,41.875201],[-87.636066,41.874673],[-87.635931,41.874145],[-87.635869,41.873971],[-87.635757,41.873463],[-87.63544,41.871965],[-87.63518,41.870607],[-87.63507,41.869939],[-87.634963,41.868978],[-87.634813,41.868018],[-87.634686,41.866746],[-87.634697,41.86631],[-87.634637,41.864259],[-87.634571,41.862903],[-87.634557,41.860989],[-87.634517,41.860415],[-87.634509,41.859384],[-87.634564,41.859215],[-87.634797,41.858879],[-87.635093,41.8582],[-87.635158,41.857722],[-87.636016,41.857729],[-87.638936,41.857665],[-87.639014,41.860018],[-87.644468,41.859954]]]}},{"type":"Feature","properties":{"label":"Fuller Park","hover_name":null,"color_index":3,"label_lon":-87.632395,"label_lat":41.807539},"geometry":{"type":"Polygon","coordinates":[[[-87.628822,41.802667],[-87.628795,41.801494],[-87.628849,41.800898],[-87.628817,41.799594],[-87.628809,41.79937],[-87.628685,41.79937],[-87.628555,41.794599],[-87.630205,41.794582],[-87.630672,41.794549],[-87.631165,41.794536],[-87.635457,41.794476],[-87.635514,41.796464],[-87.635492,41.797157],[-87.635512,41.798307],[-87.635602,41.800646],[-87.635683,41.801188],[-87.635699,41.801472],[-87.635914,41.808895],[-87.635918,41.809044],[-87.635774,41.809047],[-87.635825,41.809484],[-87.635862,41.810918],[-87.63638,41.810908],[-87.636225,41.811596],[-87.636176,41.811949],[-87.63616,41.812213],[-87.636156,41.81267],[-87.636223,41.815423],[-87.636162,41.816347],[-87.635716,41.816353],[-87.635822,41.817257],[-87.635888,41.818154],[-87.636036,41.818152],[-87.636058,41.819003],[-87.636053,41.819052],[-87.636033,41.819053],[-87.636077,41.819965],[-87.636105,41.821791],[-87.636077,41.821791],[-87.636118,41.823586],[-87.632144,41.823628],[-87.629357,41.823676],[-87.629363,41.823272],[-87.629339,41.823024],[-87.629255,41.819787],[-87.629195,41.819461],[-87.628972,41.811206],[-87.629041,41.810153],[-87.628966,41.80786],[-87.629025,41.807245],[-87.629011,41.806705],[-87.628921,41.803366],[-87.628822,41.802667]]]}},{"type":"Feature","properties":{"label":"Andersonville","hover_name":null,"color_index":3,"label_lon":-87.668559,"label_lat":41.979883},"geometry":{"type":"Polygon","coordinates":[[[-87.661142,41.976303],[-87.674408,41.976103],[-87.674458,41.977817],[-87.674452,41.977896],[-87.674373,41.97801],[-87.674405,41.979265],[-87.674418,41.979683],[-87.674508,41.979813],[-87.674609,41.983357],[-87.674474,41.983394],[-87.67426,41.983403],[-87.661344,41.983604],[-87.661142,41.976303]]]}},{"type":"Feature","properties":{"label":"Woodlawn","hover_name":null,"color_index":0,"label_lon":-87.609787,"label_lat":41.772918},"geometry":{"type":"Polygon","coordinates":[[[-87.586296,41.773339],[-87.605768,41.773141],[-87.605624,41.766846],[-87.605603,41.766533],[-87.605609,41.766173],[-87.605587,41.765869],[-87.61282,41.77106],[-87.61545,41.77297],[-87.615759,41.785699],[-87.605609,41.785881],[-87.596929,41.78597],[-87.596581,41.785986],[-87.596,41.786043],[-87.595636,41.786056],[-87.586595,41.786142],[-87.586413,41.778538],[-87.586296,41.77609],[-87.586289,41.775175],[-87.586327,41.774911],[-87.586334,41.77462],[-87.586296,41.773339]]]}},{"type":"Feature","properties":{"label":"Portage Park","hover_name":null,"color_index":1,"label_lon":-87.764707,"label_lat":41.953656},"geometry":{"type":"Polygon","coordinates":[[[-87.760556,41.967869],[-87.747722,41.968029],[-87.747725,41.967083],[-87.747644,41.964716],[-87.747613,41.964296],[-87.747415,41.963833],[-87.747181,41.963391],[-87.747908,41.963482],[-87.747664,41.963395],[-87.747095,41.963232],[-87.746981,41.962992],[-87.746963,41.9629],[-87.74701,41.962793],[-87.74717,41.962635],[-87.747013,41.962482],[-87.746506,41.961911],[-87.744439,41.960756],[-87.746484,41.960736],[-87.744263,41.956498],[-87.743613,41.955158],[-87.742733,41.953474],[-87.742499,41.953474],[-87.742353,41.946185],[-87.742249,41.94254],[-87.74296,41.942532],[-87.742895,41.940694],[-87.742156,41.940705],[-87.742108,41.938892],[-87.776215,41.938448],[-87.776775,41.953056],[-87.778968,41.953016],[-87.78656,41.952917],[-87.786792,41.959087],[-87.7868,41.960064],[-87.786882,41.962503],[-87.78689,41.962691],[-87.786963,41.963143],[-87.787048,41.963304],[-87.786804,41.963448],[-87.786779,41.963471],[-87.786769,41.96355],[-87.786736,41.967343],[-87.786757,41.96763],[-87.786752,41.968326],[-87.786772,41.968427],[-87.777318,41.968544],[-87.776618,41.968568],[-87.767505,41.96869],[-87.767477,41.967783],[-87.765246,41.967811],[-87.764776,41.967798],[-87.761355,41.967595],[-87.76075,41.967877],[-87.760556,41.967869]]]}},{"type":"Feature","properties":{"label":"Rush & Division","hover_name":null,"color_index":3,"label_lon":-87.629183,"label_lat":41.900225},"geometry":{"type":"Polygon","coordinates":[[[-87.62611,41.897835],[-87.625614,41.896712],[-87.625505,41.896713],[-87.625481,41.895722],[-87.631223,41.895635],[-87.631445,41.903901],[-87.628678,41.903942],[-87.628661,41.903264],[-87.628321,41.902373],[-87.62809,41.901985],[-87.627316,41.900347],[-87.626965,41.899552],[-87.62685,41.899166],[-87.626768,41.899118],[-87.626724,41.899059],[-87.62611,41.897835]]]}},{"type":"Feature","properties":{"label":"Little Italy, UIC","hover_name":null,"color_index":3,"label_lon":-87.667768,"label_lat":41.863957},"geometry":{"type":"Polygon","coordinates":[[[-87.648333,41.875367],[-87.645577,41.875417],[-87.645593,41.874992],[-87.645671,41.874197],[-87.645657,41.873707],[-87.645393,41.872294],[-87.645255,41.871373],[-87.644897,41.868604],[-87.64475,41.866962],[-87.644594,41.863967],[-87.644468,41.859954],[-87.645222,41.859933],[-87.671343,41.859534],[-87.673079,41.859513],[-87.673599,41.859517],[-87.674273,41.859546],[-87.676046,41.859419],[-87.677852,41.859121],[-87.678571,41.859042],[-87.681316,41.858882],[-87.684822,41.858607],[-87.685811,41.858415],[-87.685834,41.859366],[-87.688169,41.859338],[-87.688215,41.859507],[-87.688195,41.860357],[-87.688215,41.861143],[-87.688116,41.861144],[-87.688182,41.863057],[-87.688783,41.863778],[-87.690754,41.866564],[-87.690475,41.866568],[-87.690714,41.866956],[-87.690842,41.867057],[-87.690872,41.867221],[-87.69095,41.867294],[-87.690948,41.867388],[-87.69109,41.867838],[-87.691162,41.868358],[-87.691193,41.869295],[-87.69124,41.86939],[-87.691213,41.870104],[-87.691263,41.870303],[-87.691224,41.870626],[-87.691232,41.871012],[-87.691297,41.87111],[-87.691154,41.871112],[-87.691325,41.875256],[-87.683532,41.87533],[-87.6803,41.875333],[-87.676869,41.875369],[-87.671516,41.875452],[-87.669648,41.875432],[-87.65974,41.875604],[-87.657698,41.875584],[-87.65585,41.875532],[-87.653308,41.875411],[-87.651365,41.875295],[-87.649504,41.875329],[-87.648333,41.875367]]]}},{"type":"Feature","properties":{"label":"Kenwood","hover_name":null,"color_index":3,"label_lon":-87.596556,"label_lat":41.807555},"geometry":{"type":"Polygon","coordinates":[[[-87.592153,41.816929],[-87.592157,41.81658],[-87.592014,41.816323],[-87.59178,41.816122],[-87.591712,41.816034],[-87.591606,41.815982],[-87.591502,41.815982],[-87.591456,41.815958],[-87.591302,41.815691],[-87.591179,41.815406],[-87.591155,41.815378],[-87.59111,41.815362],[-87.590891,41.815004],[-87.590693,41.814827],[-87.590678,41.814782],[-87.590619,41.814715],[-87.590504,41.81468],[-87.590458,41.814649],[-87.590398,41.814553],[-87.590346,41.814376],[-87.590368,41.814346],[-87.590416,41.814346],[-87.590496,41.814372],[-87.590517,41.814349],[-87.590424,41.814212],[-87.590324,41.814145],[-87.590288,41.813938],[-87.590254,41.813893],[-87.590219,41.813748],[-87.590134,41.813621],[-87.59006,41.813564],[-87.590036,41.813516],[-87.589827,41.813296],[-87.589724,41.813222],[-87.589662,41.813132],[-87.589566,41.813058],[-87.589344,41.812969],[-87.58913,41.812817],[-87.588911,41.812546],[-87.588794,41.812316],[-87.588626,41.81219],[-87.58844,41.812089],[-87.5883,41.812041],[-87.587998,41.811997],[-87.587783,41.811992],[-87.587656,41.81197],[-87.587644,41.811944],[-87.587557,41.811935],[-87.587377,41.811875],[-87.587337,41.811837],[-87.587319,41.811725],[-87.587292,41.811673],[-87.587254,41.811637],[-87.587215,41.811628],[-87.587192,41.811586],[-87.587222,41.811509],[-87.587041,41.811404],[-87.586988,41.811317],[-87.586986,41.811226],[-87.58694,41.811197],[-87.586934,41.811174],[-87.586952,41.811088],[-87.587008,41.811063],[-87.586989,41.810907],[-87.587037,41.810637],[-87.587017,41.810441],[-87.586925,41.810107],[-87.586747,41.809794],[-87.586642,41.809713],[-87.586451,41.809439],[-87.586441,41.80937],[-87.586484,41.809311],[-87.586388,41.809259],[-87.586339,41.809252],[-87.586273,41.809196],[-87.586291,41.809097],[-87.586222,41.809084],[-87.586105,41.808841],[-87.586105,41.808796],[-87.586148,41.808718],[-87.585705,41.808073],[-87.585683,41.808],[-87.585698,41.807977],[-87.585667,41.807902],[-87.585625,41.807848],[-87.585586,41.807846],[-87.585458,41.807617],[-87.585158,41.807215],[-87.584895,41.80694],[-87.584725,41.806812],[-87.584524,41.806624],[-87.584256,41.80644],[-87.583903,41.806239],[-87.583649,41.806032],[-87.583198,41.80576],[-87.582979,41.80559],[-87.582898,41.805583],[-87.582869,41.805542],[-87.582253,41.805117],[-87.581742,41.80474],[-87.581505,41.804545],[-87.581367,41.804377],[-87.581269,41.804311],[-87.58117,41.804255],[-87.581032,41.804211],[-87.580895,41.804194],[-87.580666,41.804206],[-87.580256,41.804016],[-87.580115,41.803927],[-87.580045,41.803836],[-87.580025,41.803771],[-87.580017,41.803587],[-87.58006,41.803502],[-87.58011,41.803472],[-87.580191,41.803355],[-87.580447,41.802931],[-87.580289,41.802865],[-87.580335,41.802739],[-87.580376,41.802525],[-87.580608,41.802584],[-87.581048,41.802634],[-87.581648,41.802434],[-87.582648,41.802534],[-87.583823,41.80253],[-87.590171,41.802441],[-87.606407,41.802251],[-87.606682,41.81472],[-87.606677,41.8153],[-87.606708,41.816814],[-87.596883,41.816928],[-87.596463,41.816908],[-87.5964,41.816817],[-87.596249,41.816833],[-87.595959,41.816833],[-87.595261,41.816943],[-87.592153,41.816929]]]}},{"type":"Feature","properties":{"label":"Rogers Park","hover_name":null,"color_index":0,"label_lon":-87.670989,"label_lat":42.010498},"geometry":{"type":"Polygon","coordinates":[[[-87.654556,41.998166],[-87.655737,41.998175],[-87.655847,41.998221],[-87.656004,41.998236],[-87.6569,41.99823],[-87.670858,41.998073],[-87.676837,41.997959],[-87.681682,42.008478],[-87.681931,42.009055],[-87.684135,42.015315],[-87.684181,42.015533],[-87.684653,42.019485],[-87.67728,42.019427],[-87.677079,42.019408],[-87.67607,42.019395],[-87.673118,42.019386],[-87.676241,42.021928],[-87.676646,42.02246],[-87.677056,42.023039],[-87.665126,42.022948],[-87.665267,42.022747],[-87.665284,42.022696],[-87.665267,42.022618],[-87.665165,42.022472],[-87.665051,42.022362],[-87.664939,42.022291],[-87.664846,42.022266],[-87.664793,42.022225],[-87.664749,42.022089],[-87.664699,42.022025],[-87.664632,42.021872],[-87.664649,42.021785],[-87.664718,42.021734],[-87.664645,42.02161],[-87.664449,42.021428],[-87.664186,42.021252],[-87.664009,42.021332],[-87.663858,42.020728],[-87.663885,42.020719],[-87.663809,42.02045],[-87.663739,42.02039],[-87.663729,42.020361],[-87.663754,42.020346],[-87.663927,42.020317],[-87.663885,42.020181],[-87.664008,42.020177],[-87.663855,42.019659],[-87.663878,42.019642],[-87.663927,42.019642],[-87.663928,42.019603],[-87.663879,42.019515],[-87.663642,42.019504],[-87.663638,42.019373],[-87.663834,42.019364],[-87.663856,42.019348],[-87.663869,42.019204],[-87.663986,42.019185],[-87.66398,42.019076],[-87.663715,42.018741],[-87.663566,42.018628],[-87.663418,42.018621],[-87.663355,42.018583],[-87.663282,42.018434],[-87.663282,42.018322],[-87.663327,42.018301],[-87.663333,42.018151],[-87.663412,42.018149],[-87.663344,42.017968],[-87.663288,42.017922],[-87.663269,42.017852],[-87.663302,42.01782],[-87.663273,42.017765],[-87.663143,42.017723],[-87.66313,42.017294],[-87.663195,42.01729],[-87.663184,42.017211],[-87.663153,42.017172],[-87.662999,42.017139],[-87.662995,42.017093],[-87.663059,42.016882],[-87.663094,42.016855],[-87.663005,42.016742],[-87.662878,42.016699],[-87.662841,42.016649],[-87.662805,42.016648],[-87.662766,42.016536],[-87.66275,42.016265],[-87.662725,42.016191],[-87.662625,42.016122],[-87.662554,42.016045],[-87.662539,42.015948],[-87.662583,42.015857],[-87.662547,42.015804],[-87.662527,42.015606],[-87.662465,42.015427],[-87.662291,42.015215],[-87.662219,42.015105],[-87.662171,42.014981],[-87.662086,42.014963],[-87.661999,42.014584],[-87.661895,42.014426],[-87.661784,42.014043],[-87.661699,42.013973],[-87.661572,42.013731],[-87.661504,42.013473],[-87.661515,42.013406],[-87.661605,42.01336],[-87.661621,42.01332],[-87.6615,42.013124],[-87.661326,42.01295],[-87.661249,42.012773],[-87.661191,42.01277],[-87.661197,42.012693],[-87.661176,42.012588],[-87.661132,42.012499],[-87.660934,42.012227],[-87.660939,42.012209],[-87.661074,42.012168],[-87.661014,42.012026],[-87.660788,42.011753],[-87.660643,42.01162],[-87.660384,42.011447],[-87.660147,42.01124],[-87.660139,42.011219],[-87.660278,42.011155],[-87.66012,42.010981],[-87.659217,42.01024],[-87.658897,42.009849],[-87.65889,42.009783],[-87.658953,42.00976],[-87.658841,42.009749],[-87.65879,42.00971],[-87.658661,42.00954],[-87.658116,42.009051],[-87.657519,42.008454],[-87.657338,42.008316],[-87.65698,42.008001],[-87.65684,42.007844],[-87.656745,42.00768],[-87.65646,42.007422],[-87.655371,42.006709],[-87.655096,42.006922],[-87.655062,42.006899],[-87.655844,42.006307],[-87.657394,42.006279],[-87.657412,42.006201],[-87.657421,42.005616],[-87.657312,42.005072],[-87.657072,42.004623],[-87.657046,42.004596],[-87.657022,42.004595],[-87.657026,42.004531],[-87.656968,42.004418],[-87.656821,42.004242],[-87.656744,42.004243],[-87.656744,42.004296],[-87.656712,42.004296],[-87.656711,42.004216],[-87.657287,42.004212],[-87.657289,42.003925],[-87.657238,42.003711],[-87.657114,42.003563],[-87.656975,42.003201],[-87.657005,42.003129],[-87.656919,42.002949],[-87.656875,42.002753],[-87.656897,42.0026],[-87.656865,42.002521],[-87.656589,42.002151],[-87.656445,42.002064],[-87.656042,42.00122],[-87.655993,42.001096],[-87.655965,42.000933],[-87.656038,42.000795],[-87.656007,42.00066],[-87.655622,41.99955],[-87.655308,41.99911],[-87.655214,41.99906],[-87.655091,41.998902],[-87.654826,41.998503],[-87.654596,41.998241],[-87.654556,41.998166]]]}},{"type":"Feature","properties":{"label":"Jefferson Park","hover_name":null,"color_index":2,"label_lon":-87.772772,"label_lat":41.980524},"geometry":{"type":"Polygon","coordinates":[[[-87.752635,41.967967],[-87.760556,41.967869],[-87.76075,41.967877],[-87.761355,41.967595],[-87.764776,41.967798],[-87.765246,41.967811],[-87.767477,41.967783],[-87.767505,41.96869],[-87.776618,41.968568],[-87.777318,41.968544],[-87.788014,41.968411],[-87.787735,41.982899],[-87.784678,41.982898],[-87.783778,41.982915],[-87.78314,41.982902],[-87.778038,41.982905],[-87.777835,41.99368],[-87.777819,41.993857],[-87.780048,41.994891],[-87.782869,41.996161],[-87.782852,41.9974],[-87.782417,41.99739],[-87.780022,41.997414],[-87.779971,41.997135],[-87.779903,41.996952],[-87.779713,41.996784],[-87.779624,41.996733],[-87.779489,41.996715],[-87.779229,41.996713],[-87.77888,41.996765],[-87.778752,41.996824],[-87.778519,41.99705],[-87.778332,41.997128],[-87.778256,41.99714],[-87.778007,41.997123],[-87.777539,41.997015],[-87.777306,41.996986],[-87.777208,41.996999],[-87.777138,41.997028],[-87.776973,41.997192],[-87.776916,41.99722],[-87.77671,41.997249],[-87.776607,41.99723],[-87.776553,41.9972],[-87.77641,41.997041],[-87.776046,41.996733],[-87.775956,41.996683],[-87.775867,41.996663],[-87.775321,41.996722],[-87.775131,41.996769],[-87.774868,41.996868],[-87.77438,41.997008],[-87.774071,41.997054],[-87.773577,41.997058],[-87.77333,41.997039],[-87.772957,41.996986],[-87.77253,41.996904],[-87.771885,41.996683],[-87.771552,41.996502],[-87.771396,41.996355],[-87.771254,41.996118],[-87.771199,41.995947],[-87.771157,41.995714],[-87.771149,41.995606],[-87.771181,41.99534],[-87.771233,41.995189],[-87.771366,41.994912],[-87.771515,41.994698],[-87.771613,41.994589],[-87.771981,41.994262],[-87.772219,41.994083],[-87.772724,41.993844],[-87.77309,41.993761],[-87.773534,41.993615],[-87.77363,41.993528],[-87.773684,41.993448],[-87.773711,41.993303],[-87.773703,41.993122],[-87.773584,41.992687],[-87.773453,41.992401],[-87.773023,41.991893],[-87.772899,41.991789],[-87.7727,41.99171],[-87.772387,41.991636],[-87.772139,41.991613],[-87.771822,41.991544],[-87.771195,41.991519],[-87.770935,41.991426],[-87.770882,41.991356],[-87.770841,41.991253],[-87.770867,41.991119],[-87.770945,41.991029],[-87.77103,41.990989],[-87.771127,41.990953],[-87.771404,41.9909],[-87.771485,41.990839],[-87.77157,41.990689],[-87.771693,41.990377],[-87.771733,41.990237],[-87.771738,41.990101],[-87.771703,41.990002],[-87.7714,41.989539],[-87.771118,41.98931],[-87.771011,41.989252],[-87.770479,41.989059],[-87.770217,41.989017],[-87.769469,41.988977],[-87.768877,41.988885],[-87.768447,41.988795],[-87.768197,41.988768],[-87.767964,41.988772],[-87.76783,41.9888],[-87.767757,41.988858],[-87.767618,41.989064],[-87.767605,41.989235],[-87.767666,41.989478],[-87.767642,41.989584],[-87.767581,41.989643],[-87.767234,41.989868],[-87.767062,41.989954],[-87.766896,41.99001],[-87.766176,41.990149],[-87.765965,41.990155],[-87.76576,41.990136],[-87.765646,41.990105],[-87.7655,41.990012],[-87.764932,41.98983],[-87.764827,41.989783],[-87.764691,41.98971],[-87.764329,41.989406],[-87.764262,41.989372],[-87.764155,41.989357],[-87.764027,41.989387],[-87.763941,41.989435],[-87.763834,41.98962],[-87.763733,41.989692],[-87.763553,41.989742],[-87.763172,41.989763],[-87.763037,41.989785],[-87.76298,41.989812],[-87.762766,41.989968],[-87.762674,41.990159],[-87.762603,41.990247],[-87.762484,41.990262],[-87.762403,41.990245],[-87.762166,41.99015],[-87.7621,41.990144],[-87.762037,41.99008],[-87.762054,41.989922],[-87.762044,41.989854],[-87.7617,41.989207],[-87.761589,41.988898],[-87.76159,41.988793],[-87.761622,41.988659],[-87.761687,41.988557],[-87.761762,41.988487],[-87.761837,41.98844],[-87.762168,41.988322],[-87.762268,41.988238],[-87.76231,41.988162],[-87.762318,41.988083],[-87.762286,41.987953],[-87.762093,41.987783],[-87.761941,41.987698],[-87.761825,41.987673],[-87.761617,41.987683],[-87.761519,41.98771],[-87.761137,41.987743],[-87.760925,41.987817],[-87.760744,41.987946],[-87.760675,41.987974],[-87.759093,41.985047],[-87.758795,41.984303],[-87.758157,41.982946],[-87.75801,41.982955],[-87.75506,41.977287],[-87.75533,41.977453],[-87.755282,41.975096],[-87.755194,41.972505],[-87.752894,41.972535],[-87.752847,41.972518],[-87.752814,41.972486],[-87.752799,41.97179],[-87.752738,41.97149],[-87.752635,41.967967]]]}},{"type":"Feature","properties":{"label":"Sauganash,Forest Glen","hover_name":null,"color_index":0,"label_lon":-87.751661,"label_lat":41.993224},"geometry":{"type":"Polygon","coordinates":[[[-87.769949,42.006376],[-87.769171,42.004861],[-87.767855,42.004253],[-87.767715,42.00423],[-87.765795,42.003325],[-87.765467,42.003735],[-87.767543,42.004706],[-87.767462,42.008322],[-87.761664,42.008272],[-87.761858,42.003543],[-87.761885,42.00324],[-87.761953,42.002657],[-87.761993,42.002489],[-87.76227,42.001687],[-87.761433,42.001316],[-87.758653,42.000018],[-87.75662,41.999048],[-87.756367,41.998944],[-87.755465,41.998524],[-87.754443,41.99804],[-87.754348,41.997977],[-87.7529,41.997301],[-87.740938,41.997252],[-87.729032,41.997239],[-87.72642,41.997249],[-87.727858,41.995462],[-87.729153,41.993688],[-87.731862,41.990094],[-87.732866,41.990083],[-87.733056,41.989805],[-87.734065,41.988469],[-87.734138,41.988324],[-87.734178,41.988292],[-87.736503,41.987154],[-87.737374,41.986784],[-87.738406,41.98632],[-87.738306,41.982713],[-87.740611,41.982658],[-87.740854,41.982665],[-87.741832,41.982644],[-87.742793,41.98261],[-87.743057,41.982617],[-87.743085,41.982632],[-87.743109,41.982702],[-87.745796,41.982625],[-87.746987,41.982631],[-87.747044,41.982853],[-87.74713,41.98308],[-87.747306,41.983329],[-87.747429,41.983437],[-87.747716,41.983576],[-87.747983,41.983665],[-87.74826,41.983677],[-87.748178,41.98142],[-87.748193,41.980792],[-87.748147,41.980238],[-87.747932,41.973098],[-87.747901,41.972768],[-87.747916,41.972453],[-87.747863,41.969939],[-87.747851,41.969724],[-87.747738,41.969226],[-87.747701,41.969111],[-87.74762,41.96899],[-87.747643,41.968961],[-87.747502,41.968604],[-87.74752,41.96848],[-87.747625,41.968134],[-87.747722,41.968029],[-87.752635,41.967967],[-87.752738,41.97149],[-87.752799,41.97179],[-87.752814,41.972486],[-87.752847,41.972518],[-87.752894,41.972535],[-87.755194,41.972505],[-87.755282,41.975096],[-87.75533,41.977453],[-87.75506,41.977287],[-87.75801,41.982955],[-87.758157,41.982946],[-87.758795,41.984303],[-87.759093,41.985047],[-87.760675,41.987974],[-87.760744,41.987946],[-87.760925,41.987817],[-87.761137,41.987743],[-87.761519,41.98771],[-87.761617,41.987683],[-87.761825,41.987673],[-87.761941,41.987698],[-87.762093,41.987783],[-87.762286,41.987953],[-87.762318,41.988083],[-87.76231,41.988162],[-87.762268,41.988238],[-87.762168,41.988322],[-87.761837,41.98844],[-87.761762,41.988487],[-87.761687,41.988557],[-87.761622,41.988659],[-87.76159,41.988793],[-87.761589,41.988898],[-87.7617,41.989207],[-87.762044,41.989854],[-87.762054,41.989922],[-87.762037,41.99008],[-87.7621,41.990144],[-87.762166,41.99015],[-87.762403,41.990245],[-87.762484,41.990262],[-87.762603,41.990247],[-87.762674,41.990159],[-87.762766,41.989968],[-87.76298,41.989812],[-87.763037,41.989785],[-87.763172,41.989763],[-87.763553,41.989742],[-87.763733,41.989692],[-87.763834,41.98962],[-87.763941,41.989435],[-87.764027,41.989387],[-87.764155,41.989357],[-87.764262,41.989372],[-87.764329,41.989406],[-87.764691,41.98971],[-87.764827,41.989783],[-87.764932,41.98983],[-87.7655,41.990012],[-87.765646,41.990105],[-87.76576,41.990136],[-87.765965,41.990155],[-87.766176,41.990149],[-87.766896,41.99001],[-87.767062,41.989954],[-87.767234,41.989868],[-87.767581,41.989643],[-87.767642,41.989584],[-87.767666,41.989478],[-87.767605,41.989235],[-87.767618,41.989064],[-87.767757,41.988858],[-87.76783,41.9888],[-87.767964,41.988772],[-87.768197,41.988768],[-87.768447,41.988795],[-87.768877,41.988885],[-87.769469,41.988977],[-87.770217,41.989017],[-87.770387,41.989038],[-87.770479,41.989059],[-87.770614,41.989117],[-87.77094,41.98922],[-87.771118,41.98931],[-87.77144,41.989584],[-87.771567,41.98981],[-87.771724,41.990041],[-87.771741,41.990182],[-87.771667,41.990449],[-87.77157,41.990689],[-87.771485,41.990839],[-87.771404,41.9909],[-87.771127,41.990953],[-87.770945,41.991029],[-87.770867,41.991119],[-87.770847,41.991193],[-87.770841,41.991253],[-87.770882,41.991356],[-87.770935,41.991426],[-87.77098,41.991452],[-87.771172,41.991516],[-87.771822,41.991544],[-87.772139,41.991613],[-87.772387,41.991636],[-87.772514,41.991661],[-87.77276,41.991729],[-87.772899,41.991789],[-87.773023,41.991893],[-87.773453,41.992401],[-87.773557,41.992617],[-87.773661,41.992929],[-87.773703,41.993122],[-87.773711,41.99327],[-87.773684,41.993448],[-87.77363,41.993528],[-87.773534,41.993615],[-87.77309,41.993761],[-87.772724,41.993844],[-87.7723,41.994037],[-87.772184,41.994106],[-87.771981,41.994262],[-87.771676,41.994529],[-87.771515,41.994698],[-87.771334,41.99497],[-87.771195,41.995288],[-87.771163,41.995453],[-87.771149,41.995606],[-87.771181,41.995873],[-87.771254,41.996118],[-87.771361,41.996307],[-87.771463,41.99643],[-87.771552,41.996502],[-87.771691,41.996587],[-87.772009,41.996733],[-87.772452,41.996882],[-87.772638,41.996928],[-87.772957,41.996986],[-87.773495,41.997055],[-87.774071,41.997054],[-87.77438,41.997008],[-87.774868,41.996868],[-87.775131,41.996769],[-87.775321,41.996722],[-87.775867,41.996663],[-87.775956,41.996683],[-87.776046,41.996733],[-87.77641,41.997041],[-87.776553,41.9972],[-87.776607,41.99723],[-87.77671,41.997249],[-87.776916,41.99722],[-87.776973,41.997192],[-87.777138,41.997028],[-87.777233,41.996993],[-87.777306,41.996986],[-87.777464,41.997004],[-87.778007,41.997123],[-87.778256,41.99714],[-87.778385,41.997111],[-87.778519,41.99705],[-87.778752,41.996824],[-87.77888,41.996765],[-87.779229,41.996713],[-87.779489,41.996715],[-87.779624,41.996733],[-87.779713,41.996784],[-87.779903,41.996952],[-87.779971,41.997135],[-87.780023,41.99742],[-87.780043,41.997798],[-87.78009,41.998124],[-87.779996,41.999025],[-87.779995,41.999228],[-87.780197,42.000202],[-87.780289,42.001607],[-87.780393,42.001869],[-87.780538,42.002384],[-87.780581,42.002467],[-87.780681,42.002608],[-87.780827,42.002764],[-87.780988,42.002869],[-87.78151,42.002956],[-87.781592,42.002952],[-87.781644,42.002935],[-87.781808,42.002834],[-87.782035,42.002593],[-87.782418,42.001792],[-87.782605,42.001451],[-87.782777,42.001072],[-87.782867,42.0007],[-87.782939,42.000274],[-87.783023,42.000115],[-87.783061,42.000077],[-87.783175,42.00002],[-87.783272,42.000008],[-87.783383,42.000023],[-87.783693,42.000119],[-87.783817,42.000143],[-87.78428,42.000189],[-87.784453,42.000173],[-87.784629,42.000136],[-87.78479,42.000045],[-87.784976,41.999905],[-87.785135,41.999822],[-87.78534,41.999751],[-87.78559,41.999721],[-87.785972,41.999747],[-87.786287,41.999736],[-87.786451,41.999753],[-87.786731,41.999837],[-87.786863,41.999849],[-87.787034,41.999826],[-87.787203,41.999784],[-87.787291,41.999758],[-87.787424,41.999689],[-87.78757,41.999648],[-87.787934,41.999635],[-87.788113,41.999665],[-87.788399,41.99977],[-87.788596,41.999926],[-87.788769,42.00002],[-87.788926,42.000078],[-87.789125,42.000193],[-87.78924,42.000208],[-87.78944,42.000287],[-87.789975,42.000455],[-87.790194,42.000613],[-87.782003,42.004498],[-87.782236,42.00465],[-87.782551,42.004894],[-87.782769,42.005085],[-87.783103,42.005423],[-87.788723,42.011997],[-87.787786,42.012008],[-87.787235,42.011992],[-87.782071,42.011998],[-87.781538,42.012009],[-87.779266,42.011992],[-87.779148,42.013565],[-87.779104,42.015442],[-87.776972,42.015386],[-87.777053,42.011982],[-87.773349,42.011958],[-87.770359,42.006194],[-87.769949,42.006376]]]}},{"type":"Feature","properties":{"label":"North Park","hover_name":null,"color_index":1,"label_lon":-87.722875,"label_lat":41.984601},"geometry":{"type":"Polygon","coordinates":[[[-87.707011,41.983423],[-87.706817,41.982739],[-87.706718,41.98244],[-87.706664,41.982125],[-87.706512,41.981788],[-87.706489,41.981649],[-87.706356,41.981188],[-87.706304,41.981089],[-87.706297,41.98103],[-87.706247,41.980955],[-87.706198,41.980713],[-87.706068,41.980406],[-87.705955,41.979922],[-87.705911,41.979829],[-87.705662,41.979031],[-87.705422,41.978401],[-87.705193,41.97744],[-87.705156,41.977371],[-87.705016,41.976932],[-87.704955,41.976728],[-87.704933,41.976568],[-87.704871,41.976447],[-87.704821,41.976273],[-87.704806,41.976199],[-87.704827,41.976113],[-87.704789,41.976049],[-87.704729,41.975851],[-87.704714,41.975699],[-87.704629,41.975591],[-87.704592,41.97539],[-87.704492,41.9752],[-87.704487,41.975031],[-87.704456,41.974855],[-87.704391,41.97469],[-87.704295,41.974275],[-87.704038,41.973552],[-87.70478,41.973955],[-87.705129,41.974018],[-87.705399,41.9741],[-87.705532,41.974115],[-87.705873,41.974225],[-87.706681,41.974426],[-87.707215,41.974552],[-87.707791,41.974668],[-87.708085,41.974699],[-87.708737,41.974675],[-87.709361,41.974546],[-87.710355,41.974251],[-87.710597,41.974139],[-87.710834,41.974061],[-87.711014,41.97396],[-87.711153,41.973863],[-87.711296,41.973689],[-87.711575,41.973174],[-87.711645,41.973074],[-87.712021,41.972656],[-87.712152,41.972532],[-87.712316,41.972443],[-87.713254,41.972129],[-87.713652,41.972033],[-87.714026,41.971969],[-87.714619,41.97193],[-87.715666,41.971921],[-87.715963,41.971978],[-87.716203,41.972086],[-87.716961,41.972517],[-87.718069,41.973097],[-87.718291,41.973195],[-87.718714,41.973346],[-87.719147,41.973578],[-87.719723,41.973819],[-87.720135,41.973962],[-87.72037,41.97401],[-87.720561,41.974079],[-87.721087,41.974105],[-87.721766,41.974214],[-87.722255,41.974355],[-87.722663,41.974502],[-87.722797,41.974565],[-87.723554,41.975045],[-87.723786,41.97524],[-87.723932,41.97544],[-87.724211,41.975689],[-87.724325,41.97576],[-87.724442,41.975809],[-87.72475,41.975906],[-87.725054,41.975982],[-87.725679,41.976096],[-87.725966,41.976116],[-87.726227,41.976093],[-87.726382,41.976062],[-87.726657,41.975976],[-87.726912,41.975852],[-87.727121,41.975716],[-87.727308,41.975542],[-87.728233,41.975532],[-87.728132,41.971884],[-87.731831,41.971845],[-87.731881,41.97359],[-87.731899,41.973627],[-87.731947,41.973657],[-87.731991,41.973662],[-87.733117,41.973651],[-87.733171,41.97548],[-87.741047,41.975396],[-87.744175,41.975369],[-87.744853,41.975377],[-87.747993,41.975341],[-87.748147,41.980238],[-87.748193,41.980792],[-87.748178,41.98142],[-87.74826,41.983677],[-87.747983,41.983665],[-87.747716,41.983576],[-87.747429,41.983437],[-87.747306,41.983329],[-87.74713,41.98308],[-87.747044,41.982853],[-87.746987,41.982631],[-87.745796,41.982625],[-87.743109,41.982702],[-87.743085,41.982632],[-87.743057,41.982617],[-87.742793,41.98261],[-87.741832,41.982644],[-87.740854,41.982665],[-87.740611,41.982658],[-87.738306,41.982713],[-87.738406,41.98632],[-87.737374,41.986784],[-87.736503,41.987154],[-87.734178,41.988292],[-87.734138,41.988324],[-87.734065,41.988469],[-87.733056,41.989805],[-87.732866,41.990083],[-87.731862,41.990094],[-87.729153,41.993688],[-87.727858,41.995462],[-87.72642,41.997249],[-87.716033,41.997292],[-87.710671,41.997366],[-87.710631,41.997035],[-87.710625,41.996702],[-87.710496,41.995728],[-87.710344,41.994904],[-87.710186,41.994239],[-87.710165,41.994023],[-87.709852,41.99281],[-87.709578,41.991901],[-87.709516,41.991613],[-87.709385,41.991405],[-87.709354,41.991242],[-87.709147,41.990533],[-87.709001,41.990158],[-87.708976,41.989958],[-87.708914,41.989754],[-87.708863,41.989455],[-87.708827,41.989437],[-87.708772,41.989281],[-87.708688,41.988896],[-87.708591,41.988673],[-87.708481,41.988492],[-87.708508,41.988471],[-87.708518,41.988423],[-87.708471,41.988188],[-87.708315,41.987733],[-87.708307,41.987631],[-87.708266,41.987538],[-87.708283,41.98748],[-87.708248,41.987448],[-87.708216,41.987354],[-87.708156,41.987039],[-87.707944,41.986523],[-87.707848,41.986471],[-87.70777,41.986487],[-87.707767,41.986403],[-87.707876,41.986346],[-87.707828,41.98614],[-87.707822,41.986028],[-87.707719,41.985685],[-87.707507,41.985168],[-87.707509,41.984953],[-87.70744,41.984796],[-87.707393,41.984595],[-87.707261,41.984284],[-87.707186,41.983979],[-87.707073,41.983634],[-87.707025,41.983535],[-87.707011,41.983423]]]}},{"type":"Feature","properties":{"label":"Albany Park","hover_name":null,"color_index":4,"label_lon":-87.724299,"label_lat":41.967514},"geometry":{"type":"Polygon","coordinates":[[[-87.704038,41.973552],[-87.703825,41.973053],[-87.703761,41.972681],[-87.703569,41.971953],[-87.703532,41.971863],[-87.703219,41.971241],[-87.702648,41.97034],[-87.70224,41.969857],[-87.702021,41.969624],[-87.701883,41.969545],[-87.701545,41.969197],[-87.701453,41.969063],[-87.701439,41.968942],[-87.701083,41.968521],[-87.700908,41.96837],[-87.700732,41.968255],[-87.700111,41.96765],[-87.69987,41.967469],[-87.699765,41.967353],[-87.699558,41.967175],[-87.699486,41.967082],[-87.699106,41.966731],[-87.698957,41.966553],[-87.698472,41.966077],[-87.698247,41.96582],[-87.697292,41.96491],[-87.697038,41.964721],[-87.69693,41.964574],[-87.696673,41.964288],[-87.696051,41.963682],[-87.695972,41.963561],[-87.695624,41.963179],[-87.695477,41.962931],[-87.69518,41.962214],[-87.695088,41.96209],[-87.695072,41.96199],[-87.695013,41.961902],[-87.694845,41.961475],[-87.694746,41.961273],[-87.708726,41.961183],[-87.729693,41.960927],[-87.737851,41.96654],[-87.737902,41.968134],[-87.747722,41.968029],[-87.747625,41.968134],[-87.74752,41.96848],[-87.747502,41.968604],[-87.747643,41.968961],[-87.74762,41.96899],[-87.747701,41.969111],[-87.747738,41.969226],[-87.747851,41.969724],[-87.747895,41.970992],[-87.747916,41.972453],[-87.747901,41.972768],[-87.747932,41.973098],[-87.747993,41.975341],[-87.744853,41.975377],[-87.744175,41.975369],[-87.741047,41.975396],[-87.733171,41.97548],[-87.733117,41.973651],[-87.731991,41.973662],[-87.731947,41.973657],[-87.731899,41.973627],[-87.731881,41.97359],[-87.731831,41.971845],[-87.728132,41.971884],[-87.728233,41.975532],[-87.727308,41.975542],[-87.727121,41.975716],[-87.726912,41.975852],[-87.726657,41.975976],[-87.726382,41.976062],[-87.726227,41.976093],[-87.725966,41.976116],[-87.725679,41.976096],[-87.725054,41.975982],[-87.72475,41.975906],[-87.724442,41.975809],[-87.724325,41.97576],[-87.724211,41.975689],[-87.723932,41.97544],[-87.723786,41.97524],[-87.723554,41.975045],[-87.722797,41.974565],[-87.722663,41.974502],[-87.722255,41.974355],[-87.721766,41.974214],[-87.721087,41.974105],[-87.720561,41.974079],[-87.72037,41.97401],[-87.720135,41.973962],[-87.719723,41.973819],[-87.719147,41.973578],[-87.718714,41.973346],[-87.718291,41.973195],[-87.718069,41.973097],[-87.716961,41.972517],[-87.716203,41.972086],[-87.715963,41.971978],[-87.715666,41.971921],[-87.714619,41.97193],[-87.714026,41.971969],[-87.713652,41.972033],[-87.713254,41.972129],[-87.712316,41.972443],[-87.712152,41.972532],[-87.712021,41.972656],[-87.711645,41.973074],[-87.711575,41.973174],[-87.711296,41.973689],[-87.711153,41.973863],[-87.711014,41.97396],[-87.710834,41.974061],[-87.710597,41.974139],[-87.710355,41.974251],[-87.709361,41.974546],[-87.708737,41.974675],[-87.708085,41.974699],[-87.707791,41.974668],[-87.707215,41.974552],[-87.706681,41.974426],[-87.705873,41.974225],[-87.705532,41.974115],[-87.705399,41.9741],[-87.705129,41.974018],[-87.70478,41.973955],[-87.704038,41.973552]]]}},{"type":"Feature","properties":{"label":"Irving Park","hover_name":null,"color_index":3,"label_lon":-87.718754,"label_lat":41.952563},"geometry":{"type":"Polygon","coordinates":[[[-87.694746,41.961273],[-87.694703,41.961102],[-87.694665,41.960055],[-87.694586,41.959641],[-87.694598,41.959392],[-87.69458,41.959204],[-87.694456,41.958617],[-87.694402,41.958074],[-87.694343,41.957851],[-87.69434,41.957679],[-87.694376,41.957424],[-87.694376,41.95706],[-87.694267,41.95703],[-87.694274,41.95685],[-87.694366,41.956812],[-87.694392,41.956377],[-87.694393,41.95588],[-87.69443,41.955517],[-87.694465,41.95537],[-87.694473,41.955054],[-87.694445,41.955022],[-87.694438,41.95494],[-87.694443,41.954659],[-87.694484,41.954477],[-87.694555,41.953922],[-87.694584,41.953809],[-87.694647,41.953681],[-87.695073,41.953107],[-87.695398,41.952712],[-87.695497,41.952614],[-87.69579,41.952158],[-87.696118,41.951558],[-87.69625,41.951269],[-87.696402,41.951025],[-87.696538,41.95085],[-87.696768,41.950435],[-87.69684,41.95024],[-87.696864,41.950006],[-87.696828,41.949693],[-87.696575,41.948391],[-87.696466,41.947949],[-87.696372,41.947736],[-87.696339,41.947611],[-87.696311,41.947384],[-87.696221,41.947018],[-87.696204,41.946696],[-87.70028,41.946669],[-87.700879,41.946654],[-87.70343,41.946655],[-87.708843,41.946623],[-87.714632,41.946533],[-87.727401,41.946373],[-87.727185,41.939095],[-87.742108,41.938892],[-87.742156,41.940705],[-87.742895,41.940694],[-87.74296,41.942532],[-87.742249,41.94254],[-87.742353,41.946185],[-87.742499,41.953474],[-87.742733,41.953474],[-87.743613,41.955158],[-87.744263,41.956498],[-87.746484,41.960736],[-87.744439,41.960756],[-87.746506,41.961911],[-87.747013,41.962482],[-87.74717,41.962635],[-87.74701,41.962793],[-87.746963,41.9629],[-87.746981,41.962992],[-87.747095,41.963232],[-87.747664,41.963395],[-87.747908,41.963482],[-87.747181,41.963391],[-87.747415,41.963833],[-87.747613,41.964296],[-87.747644,41.964716],[-87.747725,41.967083],[-87.747722,41.968029],[-87.737902,41.968134],[-87.737851,41.96654],[-87.729693,41.960927],[-87.708726,41.961183],[-87.694746,41.961273]]]}},{"type":"Feature","properties":{"label":"Dunning","hover_name":null,"color_index":0,"label_lon":-87.806538,"label_lat":41.946749},"geometry":{"type":"Polygon","coordinates":[[[-87.776215,41.938448],[-87.786505,41.938311],[-87.795889,41.938155],[-87.806747,41.937996],[-87.806624,41.934511],[-87.81639,41.934313],[-87.816519,41.937939],[-87.832851,41.937624],[-87.833449,41.937598],[-87.83481,41.937576],[-87.834795,41.937746],[-87.834906,41.940436],[-87.834967,41.941504],[-87.835081,41.944303],[-87.835121,41.944668],[-87.835178,41.944793],[-87.836433,41.944761],[-87.83663,41.950336],[-87.836664,41.95188],[-87.836693,41.954052],[-87.836672,41.957828],[-87.836699,41.95936],[-87.832678,41.959438],[-87.832604,41.959076],[-87.832095,41.957067],[-87.831821,41.955701],[-87.831827,41.954041],[-87.831793,41.952164],[-87.819786,41.952475],[-87.810304,41.952692],[-87.807574,41.952767],[-87.807269,41.952765],[-87.8073,41.953582],[-87.807291,41.953866],[-87.794727,41.959866],[-87.794328,41.96003],[-87.794197,41.960058],[-87.791801,41.960119],[-87.788303,41.960175],[-87.786805,41.960217],[-87.786792,41.959087],[-87.78656,41.952917],[-87.778968,41.953016],[-87.776775,41.953056],[-87.776215,41.938448]]]}},{"type":"Feature","properties":{"label":"West Ridge","hover_name":null,"color_index":3,"label_lon":-87.693946,"label_lat":42.00241},"geometry":{"type":"Polygon","coordinates":[[[-87.684653,42.019485],[-87.684181,42.015533],[-87.684135,42.015315],[-87.682162,42.0097],[-87.681931,42.009055],[-87.681761,42.00865],[-87.676837,41.997959],[-87.675013,41.997993],[-87.674835,41.992078],[-87.67485,41.990762],[-87.689673,41.9905],[-87.689479,41.984664],[-87.689448,41.983168],[-87.706902,41.98308],[-87.707011,41.983423],[-87.707025,41.983535],[-87.707073,41.983634],[-87.707186,41.983979],[-87.707261,41.984284],[-87.707393,41.984595],[-87.70744,41.984796],[-87.707509,41.984953],[-87.707507,41.985168],[-87.707719,41.985685],[-87.707822,41.986028],[-87.707828,41.98614],[-87.707876,41.986346],[-87.707767,41.986403],[-87.70777,41.986487],[-87.707848,41.986471],[-87.707944,41.986523],[-87.708156,41.987039],[-87.708216,41.987354],[-87.708248,41.987448],[-87.708283,41.98748],[-87.708266,41.987538],[-87.708307,41.987631],[-87.708315,41.987733],[-87.708471,41.988188],[-87.708518,41.988423],[-87.708508,41.988471],[-87.708481,41.988492],[-87.708591,41.988673],[-87.708688,41.988896],[-87.708772,41.989281],[-87.708827,41.989437],[-87.708863,41.989455],[-87.708914,41.989754],[-87.708976,41.989958],[-87.709001,41.990158],[-87.709147,41.990533],[-87.709354,41.991242],[-87.709385,41.991405],[-87.709516,41.991613],[-87.709578,41.991901],[-87.709852,41.99281],[-87.710165,41.994023],[-87.710186,41.994239],[-87.710344,41.994904],[-87.710496,41.995728],[-87.710625,41.996702],[-87.710631,41.997035],[-87.710669,41.997294],[-87.710671,41.997366],[-87.709454,41.997388],[-87.709477,42.001172],[-87.709475,42.004519],[-87.709316,42.01054],[-87.70919,42.011668],[-87.709014,42.019131],[-87.689991,42.019531],[-87.684653,42.019485]]]}},{"type":"Feature","properties":{"label":"Uptown","hover_name":null,"color_index":1,"label_lon":-87.655931,"label_lat":41.966654},"geometry":{"type":"Polygon","coordinates":[[[-87.673977,41.961525],[-87.674208,41.970043],[-87.674195,41.970253],[-87.674237,41.971685],[-87.674285,41.973274],[-87.674338,41.973455],[-87.674408,41.976103],[-87.65126,41.97646],[-87.651074,41.976477],[-87.650817,41.976525],[-87.650142,41.976701],[-87.6496,41.976823],[-87.64932,41.97685],[-87.649115,41.97684],[-87.649043,41.976814],[-87.648958,41.976961],[-87.64886,41.977042],[-87.64729,41.977748],[-87.64712,41.977701],[-87.646965,41.97764],[-87.646822,41.977563],[-87.646691,41.977471],[-87.646145,41.977837],[-87.646115,41.97781],[-87.646662,41.977443],[-87.646477,41.977227],[-87.646393,41.977045],[-87.646366,41.976919],[-87.646258,41.973468],[-87.64623,41.973221],[-87.646143,41.972855],[-87.646005,41.972499],[-87.645689,41.97187],[-87.64545,41.971456],[-87.645027,41.970799],[-87.64424,41.969828],[-87.643973,41.969542],[-87.643451,41.969038],[-87.642628,41.968354],[-87.642744,41.968272],[-87.643013,41.968494],[-87.643272,41.968306],[-87.642965,41.968055],[-87.6429,41.968035],[-87.642802,41.968046],[-87.642616,41.968165],[-87.642669,41.968215],[-87.642558,41.968296],[-87.641973,41.96783],[-87.641679,41.967623],[-87.640486,41.966925],[-87.639,41.966568],[-87.637426,41.966035],[-87.63644,41.965782],[-87.63587,41.965668],[-87.635094,41.96554],[-87.634529,41.965485],[-87.634096,41.965482],[-87.633552,41.965432],[-87.63298,41.965359],[-87.632579,41.965256],[-87.631995,41.965068],[-87.632017,41.965622],[-87.631996,41.965931],[-87.631921,41.966391],[-87.631841,41.966695],[-87.631695,41.967106],[-87.631554,41.967415],[-87.631301,41.967866],[-87.631,41.968302],[-87.630962,41.968421],[-87.630972,41.968504],[-87.631029,41.968622],[-87.631098,41.96869],[-87.631184,41.968739],[-87.631388,41.96879],[-87.631535,41.968785],[-87.631632,41.96876],[-87.631792,41.968664],[-87.631846,41.968599],[-87.631888,41.968507],[-87.631882,41.968352],[-87.631844,41.96828],[-87.631751,41.968187],[-87.63182,41.968146],[-87.631914,41.96824],[-87.631964,41.968329],[-87.631984,41.968413],[-87.631969,41.968541],[-87.631904,41.96866],[-87.631775,41.968769],[-87.631625,41.968832],[-87.631399,41.968858],[-87.63123,41.968832],[-87.63108,41.968769],[-87.630946,41.968657],[-87.630882,41.96854],[-87.630869,41.968414],[-87.630908,41.96829],[-87.631169,41.967927],[-87.631347,41.96763],[-87.631638,41.967015],[-87.631798,41.966531],[-87.631907,41.965923],[-87.631927,41.965458],[-87.631891,41.96495],[-87.631806,41.964494],[-87.631674,41.964038],[-87.631414,41.963869],[-87.63122,41.963685],[-87.631067,41.963461],[-87.630996,41.963232],[-87.631015,41.962984],[-87.631074,41.962835],[-87.631314,41.962547],[-87.631454,41.962453],[-87.631726,41.962317],[-87.632208,41.96219],[-87.632889,41.961914],[-87.633463,41.961746],[-87.633685,41.961635],[-87.633854,41.961531],[-87.634224,41.961384],[-87.634574,41.961146],[-87.634851,41.960913],[-87.635291,41.960456],[-87.635588,41.960198],[-87.635993,41.959896],[-87.636316,41.959698],[-87.636639,41.959541],[-87.636901,41.959462],[-87.637337,41.95938],[-87.63794,41.959344],[-87.638167,41.95935],[-87.638949,41.959425],[-87.640099,41.95967],[-87.6403,41.959192],[-87.640369,41.959207],[-87.640161,41.959689],[-87.640472,41.959782],[-87.640667,41.959883],[-87.640803,41.959977],[-87.640938,41.960227],[-87.640959,41.960304],[-87.640967,41.960371],[-87.640947,41.96049],[-87.640861,41.96065],[-87.640735,41.960786],[-87.640657,41.96083],[-87.640471,41.960892],[-87.640378,41.960904],[-87.640264,41.960894],[-87.640122,41.960832],[-87.639683,41.960584],[-87.639324,41.960403],[-87.639075,41.960328],[-87.638822,41.960287],[-87.638472,41.960276],[-87.638165,41.960308],[-87.637643,41.960403],[-87.637319,41.960493],[-87.637031,41.960602],[-87.636769,41.960726],[-87.636391,41.960936],[-87.636066,41.961171],[-87.63583,41.961384],[-87.635565,41.961695],[-87.635347,41.962038],[-87.635326,41.962134],[-87.63533,41.962307],[-87.635407,41.962486],[-87.63551,41.962615],[-87.635625,41.96271],[-87.635726,41.962768],[-87.635923,41.962845],[-87.63631,41.962888],[-87.636846,41.962876],[-87.637907,41.962754],[-87.637892,41.962694],[-87.638364,41.962642],[-87.638375,41.962696],[-87.64125,41.962338],[-87.641571,41.96225],[-87.641761,41.962158],[-87.642005,41.961972],[-87.642123,41.961832],[-87.642212,41.961683],[-87.642276,41.961516],[-87.642296,41.961371],[-87.642282,41.961185],[-87.642196,41.960957],[-87.641949,41.960678],[-87.641673,41.960444],[-87.641596,41.960347],[-87.641525,41.960183],[-87.641522,41.960091],[-87.641613,41.959396],[-87.641022,41.959351],[-87.641026,41.959297],[-87.641629,41.959331],[-87.641745,41.958364],[-87.641582,41.957664],[-87.641527,41.957152],[-87.641424,41.956592],[-87.641347,41.956291],[-87.641288,41.955856],[-87.641024,41.954803],[-87.643996,41.954654],[-87.644309,41.954663],[-87.649897,41.954557],[-87.66225,41.954378],[-87.664471,41.957956],[-87.664645,41.95833],[-87.665186,41.959628],[-87.665906,41.961473],[-87.665954,41.961635],[-87.673977,41.961525]]]}},{"type":"Feature","properties":{"label":"Norwood Park","hover_name":null,"color_index":1,"label_lon":-87.800578,"label_lat":41.986646},"geometry":{"type":"Polygon","coordinates":[[[-87.780022,41.997414],[-87.782417,41.99739],[-87.782852,41.9974],[-87.782869,41.996161],[-87.780048,41.994891],[-87.777819,41.993857],[-87.777835,41.99368],[-87.778038,41.982905],[-87.78314,41.982902],[-87.783778,41.982915],[-87.784678,41.982898],[-87.787735,41.982899],[-87.788009,41.968888],[-87.797821,41.968799],[-87.802525,41.968773],[-87.802542,41.968297],[-87.807156,41.96827],[-87.80706,41.973196],[-87.807067,41.974538],[-87.816917,41.974289],[-87.816953,41.97066],[-87.818987,41.970608],[-87.818968,41.973219],[-87.819433,41.97322],[-87.819426,41.974031],[-87.819398,41.974223],[-87.826735,41.974034],[-87.826743,41.973143],[-87.831729,41.973056],[-87.831723,41.973949],[-87.833418,41.97392],[-87.833414,41.974917],[-87.83363,41.974913],[-87.833627,41.975368],[-87.836627,41.97531],[-87.836582,41.979544],[-87.836581,41.986396],[-87.823327,41.984509],[-87.822164,41.993112],[-87.82177,41.995428],[-87.821609,41.996126],[-87.821414,41.996851],[-87.811119,41.997121],[-87.810354,41.997124],[-87.810319,41.996545],[-87.810333,41.99542],[-87.806818,41.995392],[-87.806759,42.000837],[-87.805388,42.000859],[-87.805309,42.000904],[-87.805295,42.001498],[-87.801079,42.00154],[-87.801086,42.000872],[-87.799659,42.000869],[-87.799481,41.999985],[-87.797142,42.000005],[-87.797126,42.000051],[-87.797124,42.00094],[-87.791166,42.00098],[-87.790648,42.000399],[-87.790194,42.000613],[-87.789975,42.000455],[-87.78944,42.000287],[-87.78924,42.000208],[-87.789125,42.000193],[-87.788926,42.000078],[-87.788769,42.00002],[-87.788596,41.999926],[-87.788433,41.999785],[-87.78807,41.999653],[-87.787925,41.999635],[-87.787609,41.999641],[-87.787424,41.999689],[-87.787291,41.999758],[-87.787203,41.999784],[-87.787034,41.999826],[-87.786863,41.999849],[-87.786731,41.999837],[-87.786451,41.999753],[-87.78637,41.999743],[-87.785972,41.999747],[-87.78559,41.999721],[-87.78534,41.999751],[-87.785217,41.999788],[-87.784976,41.999905],[-87.78479,42.000045],[-87.784629,42.000136],[-87.784453,42.000173],[-87.78428,42.000189],[-87.783817,42.000143],[-87.783693,42.000119],[-87.783483,42.000048],[-87.783272,42.000008],[-87.783175,42.00002],[-87.783061,42.000077],[-87.783023,42.000115],[-87.782923,42.000312],[-87.782906,42.000504],[-87.782777,42.001072],[-87.782605,42.001451],[-87.782297,42.002035],[-87.782106,42.002461],[-87.782035,42.002593],[-87.781808,42.002834],[-87.781644,42.002935],[-87.78151,42.002956],[-87.780988,42.002869],[-87.780827,42.002764],[-87.780681,42.002608],[-87.780538,42.002384],[-87.780393,42.001869],[-87.780289,42.001607],[-87.780197,42.000202],[-87.779995,41.999228],[-87.779996,41.999025],[-87.78009,41.998124],[-87.780043,41.997798],[-87.780022,41.997414]],[[-87.833201,41.983695],[-87.833211,41.983568],[-87.833584,41.983571],[-87.833596,41.982667],[-87.83421,41.982656],[-87.835072,41.982675],[-87.835092,41.981149],[-87.83435,41.981156],[-87.834351,41.981],[-87.834355,41.980846],[-87.835096,41.980835],[-87.8351,41.980495],[-87.828859,41.9806],[-87.828861,41.980325],[-87.828691,41.980328],[-87.828696,41.979286],[-87.828082,41.979291],[-87.828082,41.979123],[-87.828696,41.97912],[-87.828695,41.978839],[-87.82864,41.97884],[-87.828639,41.97844],[-87.829717,41.978423],[-87.829711,41.978131],[-87.830023,41.978126],[-87.830022,41.978059],[-87.830054,41.978058],[-87.83004,41.977329],[-87.829607,41.977336],[-87.829604,41.976959],[-87.833619,41.976891],[-87.833622,41.975918],[-87.824426,41.976075],[-87.82352,41.983093],[-87.825299,41.983068],[-87.825271,41.981963],[-87.828136,41.981919],[-87.828157,41.983687],[-87.828178,41.983842],[-87.828313,41.983789],[-87.82847,41.983775],[-87.832953,41.983708],[-87.833201,41.983695]]]}},{"type":"Feature","properties":{"label":"Streeterville","hover_name":null,"color_index":1,"label_lon":-87.620062,"label_lat":41.894645},"geometry":{"type":"MultiPolygon","coordinates":[[[[-87.613686,41.893129],[-87.61337,41.893233],[-87.612867,41.893362],[-87.612623,41.893409],[-87.612555,41.893413],[-87.61203,41.893327],[-87.611851,41.893582],[-87.610383,41.895927],[-87.610271,41.896098],[-87.610154,41.896228],[-87.610027,41.896244],[-87.608194,41.896276],[-87.607976,41.896273],[-87.607934,41.896267],[-87.607904,41.896244],[-87.607871,41.896255],[-87.607607,41.896245],[-87.607573,41.896256],[-87.606749,41.896268],[-87.606689,41.896235],[-87.606553,41.896237],[-87.606554,41.896283],[-87.605865,41.896296],[-87.605863,41.89625],[-87.605727,41.896249],[-87.605667,41.896285],[-87.605185,41.896289],[-87.605082,41.896317],[-87.604961,41.896331],[-87.604217,41.896327],[-87.603127,41.896364],[-87.602426,41.896371],[-87.60237,41.896343],[-87.602343,41.896224],[-87.602293,41.893314],[-87.602352,41.893265],[-87.609822,41.893146],[-87.609796,41.892221],[-87.600911,41.892365],[-87.600911,41.892408],[-87.600783,41.892442],[-87.600715,41.892443],[-87.600592,41.892415],[-87.600582,41.89224],[-87.598549,41.892274],[-87.598524,41.89145],[-87.600567,41.891415],[-87.600561,41.891112],[-87.600719,41.891075],[-87.600887,41.891107],[-87.60089,41.891151],[-87.609535,41.891013],[-87.609486,41.88939],[-87.607665,41.889369],[-87.607642,41.889351],[-87.607637,41.889283],[-87.607664,41.889258],[-87.607707,41.889257],[-87.607671,41.889226],[-87.607653,41.888674],[-87.607566,41.888675],[-87.607514,41.88864],[-87.605438,41.888673],[-87.605433,41.888709],[-87.605199,41.888715],[-87.605146,41.888677],[-87.604738,41.888681],[-87.604676,41.888643],[-87.604682,41.888597],[-87.604732,41.88857],[-87.605134,41.88856],[-87.605202,41.888469],[-87.607617,41.88843],[-87.610451,41.88848],[-87.611427,41.888512],[-87.611786,41.888465],[-87.613253,41.888404],[-87.615266,41.888423],[-87.617255,41.888328],[-87.618012,41.888311],[-87.6212,41.888656],[-87.622714,41.888836],[-87.623607,41.888905],[-87.623858,41.888893],[-87.624007,41.888829],[-87.623726,41.889853],[-87.62382,41.892548],[-87.623917,41.896533],[-87.623839,41.896952],[-87.623744,41.897753],[-87.623737,41.898379],[-87.623758,41.899204],[-87.623824,41.900503],[-87.623751,41.900834],[-87.620282,41.900949],[-87.619125,41.900974],[-87.617201,41.898064],[-87.616362,41.896882],[-87.614907,41.894671],[-87.613686,41.893129]]],[[[-87.624512,41.897558],[-87.624649,41.896486],[-87.624494,41.890012],[-87.624764,41.888895],[-87.625094,41.888905],[-87.625202,41.888867],[-87.625288,41.88928],[-87.625295,41.890026],[-87.625327,41.890229],[-87.625505,41.896713],[-87.625614,41.896712],[-87.625867,41.897316],[-87.626539,41.898701],[-87.626724,41.899059],[-87.626768,41.899118],[-87.62685,41.899166],[-87.626965,41.899552],[-87.627511,41.900758],[-87.624504,41.900806],[-87.624547,41.90048],[-87.624451,41.897889],[-87.624512,41.897558]]]]}},{"type":"Feature","properties":{"label":"South Shore","hover_name":null,"color_index":1,"label_lon":-87.575305,"label_lat":41.762661},"geometry":{"type":"Polygon","coordinates":[[[-87.592098,41.773275],[-87.586637,41.77333],[-87.585946,41.773349],[-87.585465,41.77334],[-87.576873,41.773453],[-87.575023,41.773462],[-87.56681,41.773559],[-87.566448,41.773791],[-87.566358,41.773729],[-87.566296,41.773642],[-87.566278,41.773569],[-87.566293,41.773469],[-87.566186,41.773353],[-87.565937,41.773134],[-87.565652,41.772923],[-87.565356,41.772758],[-87.565,41.772531],[-87.564904,41.772517],[-87.564716,41.772408],[-87.564372,41.772273],[-87.564073,41.772115],[-87.563981,41.77209],[-87.563641,41.772084],[-87.56358,41.772026],[-87.563592,41.771838],[-87.56357,41.771772],[-87.56352,41.771709],[-87.563484,41.771351],[-87.563421,41.771175],[-87.563418,41.771106],[-87.563467,41.771062],[-87.563275,41.770443],[-87.563195,41.770278],[-87.562925,41.769973],[-87.562517,41.769426],[-87.562429,41.769257],[-87.562403,41.769118],[-87.562338,41.769001],[-87.561916,41.768785],[-87.56154,41.768634],[-87.560924,41.768438],[-87.560796,41.768415],[-87.560527,41.768397],[-87.560413,41.768407],[-87.560322,41.76844],[-87.56017,41.768553],[-87.559812,41.768971],[-87.559663,41.76911],[-87.559595,41.769161],[-87.559536,41.769179],[-87.559517,41.769109],[-87.55952,41.768936],[-87.559434,41.76872],[-87.559415,41.768623],[-87.559447,41.768057],[-87.55952,41.767977],[-87.55952,41.767918],[-87.559519,41.767854],[-87.559437,41.767748],[-87.559426,41.767653],[-87.559429,41.767187],[-87.559392,41.766783],[-87.559445,41.766749],[-87.559506,41.766747],[-87.559539,41.766713],[-87.559527,41.766598],[-87.559563,41.766566],[-87.55997,41.766498],[-87.560181,41.76644],[-87.560443,41.76625],[-87.560516,41.766171],[-87.560552,41.766092],[-87.560623,41.765805],[-87.560612,41.765642],[-87.560514,41.76539],[-87.560434,41.76529],[-87.560358,41.765323],[-87.560145,41.76509],[-87.56022,41.765043],[-87.560122,41.764941],[-87.560001,41.764901],[-87.559919,41.764958],[-87.559842,41.764958],[-87.559602,41.76473],[-87.559588,41.76469],[-87.5596,41.764633],[-87.559517,41.764517],[-87.559742,41.764391],[-87.559609,41.764221],[-87.559439,41.76408],[-87.559343,41.764043],[-87.55928,41.764041],[-87.558979,41.763753],[-87.558456,41.764018],[-87.557572,41.763115],[-87.557701,41.763049],[-87.55765,41.762996],[-87.557641,41.762846],[-87.557602,41.76281],[-87.557166,41.762607],[-87.55687,41.76243],[-87.556649,41.762209],[-87.556318,41.762034],[-87.556079,41.761821],[-87.555734,41.761628],[-87.555593,41.761579],[-87.55527,41.761621],[-87.554876,41.761787],[-87.554802,41.761771],[-87.554767,41.76173],[-87.55467,41.761489],[-87.554383,41.761081],[-87.554347,41.761053],[-87.554279,41.761052],[-87.554251,41.761033],[-87.554106,41.760814],[-87.554033,41.760761],[-87.553158,41.760392],[-87.552252,41.759975],[-87.551797,41.759813],[-87.551069,41.759521],[-87.549545,41.758956],[-87.548996,41.758797],[-87.548653,41.758717],[-87.548181,41.758679],[-87.547938,41.758676],[-87.547643,41.758715],[-87.547246,41.758721],[-87.546937,41.758772],[-87.546851,41.75882],[-87.54659,41.758878],[-87.546364,41.758967],[-87.54551,41.759362],[-87.545282,41.759537],[-87.544935,41.759751],[-87.54456,41.760036],[-87.544319,41.760167],[-87.544173,41.760199],[-87.544011,41.760107],[-87.543936,41.760098],[-87.543853,41.760112],[-87.544344,41.760583],[-87.544417,41.760616],[-87.546444,41.760616],[-87.546493,41.76063],[-87.546492,41.760646],[-87.546083,41.760661],[-87.546002,41.760647],[-87.544434,41.760676],[-87.544365,41.760666],[-87.544291,41.760625],[-87.54328,41.759701],[-87.543213,41.759707],[-87.543164,41.759695],[-87.543041,41.759601],[-87.542561,41.759128],[-87.542529,41.759057],[-87.542527,41.758958],[-87.542627,41.758739],[-87.541649,41.757824],[-87.541376,41.757836],[-87.541254,41.757823],[-87.541148,41.757794],[-87.540625,41.757325],[-87.540599,41.75729],[-87.540605,41.757246],[-87.540929,41.75703],[-87.540996,41.757035],[-87.541053,41.757003],[-87.541056,41.756985],[-87.541379,41.756805],[-87.5418,41.756536],[-87.542495,41.756148],[-87.543762,41.755383],[-87.543946,41.755256],[-87.543978,41.755152],[-87.543995,41.755164],[-87.544946,41.754435],[-87.545261,41.754363],[-87.546563,41.753871],[-87.54774,41.75453],[-87.548707,41.754093],[-87.548749,41.754019],[-87.551814,41.752179],[-87.552287,41.751919],[-87.566912,41.751719],[-87.584538,41.751499],[-87.585824,41.751506],[-87.585821,41.751672],[-87.59455,41.757954],[-87.594871,41.758166],[-87.594929,41.758186],[-87.59563,41.758696],[-87.59538,41.758697],[-87.595067,41.760203],[-87.594582,41.762346],[-87.593324,41.762354],[-87.59339,41.765024],[-87.593299,41.766005],[-87.592282,41.766012],[-87.592351,41.767821],[-87.592394,41.769899],[-87.592741,41.769901],[-87.592752,41.770154],[-87.592746,41.770278],[-87.592494,41.77132],[-87.592259,41.772404],[-87.592207,41.772805],[-87.592098,41.773275]]]}},{"type":"Feature","properties":{"label":"Chatham","hover_name":null,"color_index":3,"label_lon":-87.61417,"label_lat":41.736948},"geometry":{"type":"Polygon","coordinates":[[[-87.595347,41.736782],[-87.600394,41.73671],[-87.600491,41.736077],[-87.601161,41.733132],[-87.601847,41.733033],[-87.602019,41.733031],[-87.603273,41.727551],[-87.60293,41.727556],[-87.603354,41.725724],[-87.603062,41.725729],[-87.603585,41.723427],[-87.604072,41.723516],[-87.604507,41.723614],[-87.604518,41.72313],[-87.604492,41.722548],[-87.605235,41.72273],[-87.605893,41.722923],[-87.606736,41.723222],[-87.607234,41.723431],[-87.609372,41.724485],[-87.609391,41.724944],[-87.609429,41.724988],[-87.609609,41.725099],[-87.610355,41.725455],[-87.610656,41.725584],[-87.610827,41.7256],[-87.611584,41.725588],[-87.614273,41.726934],[-87.614301,41.727889],[-87.614625,41.728044],[-87.615702,41.728493],[-87.617346,41.729052],[-87.617913,41.729195],[-87.618523,41.729395],[-87.61919,41.729541],[-87.619177,41.729119],[-87.625671,41.729019],[-87.625783,41.729177],[-87.626455,41.729896],[-87.629041,41.732618],[-87.629046,41.732675],[-87.629151,41.732784],[-87.630684,41.734225],[-87.630932,41.734411],[-87.630884,41.734417],[-87.631161,41.734707],[-87.631254,41.734756],[-87.631734,41.735176],[-87.631975,41.73531],[-87.632103,41.735414],[-87.632721,41.735972],[-87.632661,41.73638],[-87.632585,41.736309],[-87.632512,41.73644],[-87.632706,41.736655],[-87.632985,41.737102],[-87.633523,41.738161],[-87.633611,41.738378],[-87.633689,41.738853],[-87.633893,41.739349],[-87.634008,41.739557],[-87.634108,41.743498],[-87.634226,41.743512],[-87.634368,41.743553],[-87.635946,41.744162],[-87.636081,41.743978],[-87.636477,41.743518],[-87.637292,41.743482],[-87.63919,41.743434],[-87.639092,41.745173],[-87.639062,41.747053],[-87.639066,41.747936],[-87.639097,41.748871],[-87.639485,41.748858],[-87.639452,41.750487],[-87.639369,41.750711],[-87.634403,41.750776],[-87.627258,41.750904],[-87.626523,41.750936],[-87.625824,41.750926],[-87.62385,41.750975],[-87.623199,41.750976],[-87.614799,41.751115],[-87.605521,41.751282],[-87.597208,41.751369],[-87.597383,41.750598],[-87.59708,41.750527],[-87.597181,41.750082],[-87.597224,41.74969],[-87.597618,41.747956],[-87.597664,41.747544],[-87.597834,41.746792],[-87.597281,41.746796],[-87.597325,41.746554],[-87.597412,41.745678],[-87.597506,41.745026],[-87.597614,41.744058],[-87.597875,41.744055],[-87.597832,41.743326],[-87.597882,41.742263],[-87.59785,41.741693],[-87.597777,41.741284],[-87.597699,41.740983],[-87.597486,41.74043],[-87.597174,41.739852],[-87.595347,41.736782]]]}},{"type":"Feature","properties":{"label":"South Chicago","hover_name":null,"color_index":3,"label_lon":-87.547576,"label_lat":41.746145},"geometry":{"type":"Polygon","coordinates":[[[-87.543995,41.755164],[-87.543933,41.755047],[-87.543941,41.755025],[-87.543995,41.754966],[-87.544042,41.754961],[-87.544178,41.754797],[-87.544151,41.754616],[-87.544207,41.754584],[-87.544212,41.754516],[-87.544263,41.754403],[-87.544313,41.754322],[-87.544342,41.754321],[-87.544413,41.754132],[-87.544147,41.753445],[-87.543716,41.752534],[-87.543491,41.75222],[-87.543188,41.751989],[-87.543027,41.751915],[-87.542938,41.751928],[-87.542331,41.751918],[-87.541139,41.751932],[-87.541039,41.75191],[-87.540941,41.751917],[-87.540828,41.751902],[-87.54065,41.751855],[-87.54049,41.751864],[-87.540215,41.751769],[-87.540147,41.751724],[-87.539918,41.751634],[-87.53893,41.751315],[-87.538501,41.751118],[-87.537658,41.750824],[-87.537589,41.750766],[-87.537352,41.750711],[-87.537318,41.750674],[-87.537154,41.750616],[-87.537119,41.750572],[-87.537057,41.750564],[-87.53689,41.750496],[-87.536838,41.750446],[-87.536727,41.750445],[-87.536572,41.750366],[-87.536263,41.750252],[-87.536212,41.750201],[-87.536014,41.750164],[-87.535904,41.750094],[-87.535771,41.750046],[-87.535677,41.749974],[-87.535622,41.749957],[-87.535487,41.749877],[-87.535258,41.749794],[-87.535204,41.749802],[-87.535135,41.749746],[-87.535072,41.749737],[-87.534767,41.749593],[-87.534678,41.749574],[-87.534562,41.749515],[-87.534435,41.749486],[-87.534381,41.749446],[-87.534214,41.749411],[-87.533899,41.749311],[-87.533395,41.749087],[-87.533194,41.749022],[-87.532736,41.74882],[-87.532082,41.748592],[-87.531838,41.748466],[-87.531378,41.748284],[-87.530948,41.748026],[-87.530912,41.747958],[-87.530765,41.747285],[-87.530757,41.747112],[-87.530706,41.746913],[-87.530699,41.746722],[-87.530574,41.746039],[-87.530076,41.742377],[-87.530051,41.742311],[-87.530071,41.742251],[-87.530037,41.742199],[-87.530075,41.742115],[-87.530044,41.742051],[-87.530061,41.742027],[-87.529992,41.741985],[-87.530042,41.741924],[-87.530035,41.74176],[-87.529979,41.741601],[-87.529879,41.741479],[-87.52973,41.74141],[-87.529622,41.741421],[-87.529496,41.741398],[-87.524483,41.741451],[-87.52448,41.741468],[-87.524462,41.741469],[-87.524463,41.741386],[-87.529887,41.741329],[-87.53011,41.741237],[-87.530167,41.741239],[-87.530189,41.741264],[-87.530687,41.741117],[-87.539855,41.741013],[-87.53983,41.740497],[-87.529857,41.740607],[-87.529816,41.740348],[-87.529834,41.740346],[-87.529774,41.739847],[-87.529779,41.739829],[-87.529814,41.739814],[-87.529767,41.739789],[-87.529731,41.739593],[-87.529725,41.739387],[-87.52968,41.739161],[-87.529588,41.738409],[-87.529558,41.738323],[-87.529572,41.738256],[-87.529485,41.737835],[-87.529485,41.737706],[-87.529431,41.737551],[-87.529453,41.737499],[-87.529425,41.73716],[-87.529335,41.736554],[-87.529291,41.736091],[-87.529242,41.736011],[-87.529281,41.735935],[-87.529277,41.735895],[-87.529249,41.735827],[-87.529231,41.735613],[-87.529122,41.734972],[-87.52915,41.734898],[-87.529125,41.734847],[-87.529124,41.734737],[-87.529065,41.734335],[-87.529082,41.734255],[-87.529019,41.733942],[-87.529021,41.7338],[-87.528961,41.733791],[-87.528958,41.733748],[-87.529001,41.733715],[-87.528992,41.7337],[-87.529251,41.733014],[-87.532865,41.731521],[-87.537256,41.729622],[-87.539414,41.728794],[-87.540422,41.728282],[-87.541399,41.727586],[-87.541902,41.727136],[-87.542252,41.726579],[-87.542997,41.724028],[-87.543162,41.723313],[-87.543177,41.723126],[-87.543144,41.722862],[-87.545677,41.722821],[-87.546116,41.723168],[-87.547612,41.724243],[-87.549176,41.725296],[-87.550143,41.725989],[-87.584457,41.75069],[-87.585655,41.751502],[-87.584538,41.751499],[-87.566912,41.751719],[-87.552287,41.751919],[-87.551814,41.752179],[-87.548749,41.754019],[-87.548707,41.754093],[-87.54774,41.75453],[-87.546563,41.753871],[-87.545261,41.754363],[-87.544946,41.754435],[-87.543995,41.755164]]]}},{"type":"Feature","properties":{"label":"Roseland","hover_name":null,"color_index":0,"label_lon":-87.619381,"label_lat":41.708949},"geometry":{"type":"Polygon","coordinates":[[[-87.604492,41.722548],[-87.604482,41.722044],[-87.603182,41.722048],[-87.605897,41.710201],[-87.60683,41.706002],[-87.607944,41.701127],[-87.608148,41.700307],[-87.608323,41.699474],[-87.609758,41.693232],[-87.611283,41.686477],[-87.611351,41.686246],[-87.611417,41.685936],[-87.611439,41.685725],[-87.611395,41.685442],[-87.623287,41.685319],[-87.642152,41.685082],[-87.642834,41.706917],[-87.633133,41.707043],[-87.633273,41.711689],[-87.633417,41.717953],[-87.633644,41.72522],[-87.633734,41.728853],[-87.633742,41.729921],[-87.633746,41.729979],[-87.633798,41.729978],[-87.633907,41.731707],[-87.634069,41.735197],[-87.634128,41.735942],[-87.63408,41.735969],[-87.63381,41.735948],[-87.633883,41.738207],[-87.63394,41.738614],[-87.634081,41.739145],[-87.634037,41.739177],[-87.633963,41.739474],[-87.633752,41.739035],[-87.633689,41.738853],[-87.633652,41.738691],[-87.63363,41.738469],[-87.633572,41.738263],[-87.632985,41.737102],[-87.632706,41.736655],[-87.632512,41.73644],[-87.632585,41.736309],[-87.632661,41.73638],[-87.632721,41.735972],[-87.632103,41.735414],[-87.631975,41.73531],[-87.631734,41.735176],[-87.631254,41.734756],[-87.631161,41.734707],[-87.630884,41.734417],[-87.630932,41.734411],[-87.630684,41.734225],[-87.629151,41.732784],[-87.629046,41.732675],[-87.629041,41.732618],[-87.626455,41.729896],[-87.625783,41.729177],[-87.625671,41.729019],[-87.619177,41.729119],[-87.61919,41.729541],[-87.618523,41.729395],[-87.617913,41.729195],[-87.617346,41.729052],[-87.615702,41.728493],[-87.614625,41.728044],[-87.614301,41.727889],[-87.614273,41.726934],[-87.611584,41.725588],[-87.610827,41.7256],[-87.610656,41.725584],[-87.610355,41.725455],[-87.609609,41.725099],[-87.609429,41.724988],[-87.609391,41.724944],[-87.609372,41.724485],[-87.607234,41.723431],[-87.606736,41.723222],[-87.605893,41.722923],[-87.605235,41.72273],[-87.604492,41.722548]]]}},{"type":"Feature","properties":{"label":"North Center","hover_name":null,"color_index":2,"label_lon":-87.684963,"label_lat":41.940762},"geometry":{"type":"Polygon","coordinates":[[[-87.673364,41.932343],[-87.68284,41.932229],[-87.682841,41.932328],[-87.683058,41.932757],[-87.683412,41.933339],[-87.683413,41.933376],[-87.68348,41.933425],[-87.683983,41.93355],[-87.684089,41.933562],[-87.684269,41.933617],[-87.684365,41.933612],[-87.684554,41.933635],[-87.684656,41.933671],[-87.685001,41.933679],[-87.685158,41.93373],[-87.685258,41.933785],[-87.685493,41.933798],[-87.68567,41.933903],[-87.685884,41.934008],[-87.685968,41.934033],[-87.686825,41.934907],[-87.686827,41.93496],[-87.686924,41.935135],[-87.687028,41.935272],[-87.687401,41.935616],[-87.687673,41.935899],[-87.687825,41.936011],[-87.68815,41.936195],[-87.688487,41.936428],[-87.688563,41.936456],[-87.688778,41.936485],[-87.689248,41.936515],[-87.68981,41.936601],[-87.689934,41.936608],[-87.690072,41.936648],[-87.690149,41.936699],[-87.690413,41.936905],[-87.690717,41.937399],[-87.690781,41.937542],[-87.690872,41.937854],[-87.691057,41.93824],[-87.691486,41.938792],[-87.69167,41.938925],[-87.691903,41.939001],[-87.691935,41.93903],[-87.692079,41.939085],[-87.692234,41.939178],[-87.692343,41.939218],[-87.692443,41.939312],[-87.692439,41.939381],[-87.692662,41.939457],[-87.692794,41.939523],[-87.69306,41.939777],[-87.693377,41.939986],[-87.693467,41.940096],[-87.693529,41.940136],[-87.693633,41.940255],[-87.69367,41.940362],[-87.693832,41.940569],[-87.69387,41.940695],[-87.693947,41.940789],[-87.694082,41.941023],[-87.694176,41.941122],[-87.694311,41.941339],[-87.694591,41.941699],[-87.695279,41.942766],[-87.695396,41.943096],[-87.695452,41.943311],[-87.695481,41.943579],[-87.696188,41.946573],[-87.696221,41.947018],[-87.696311,41.947384],[-87.696339,41.947611],[-87.696372,41.947736],[-87.696466,41.947949],[-87.696602,41.948518],[-87.696828,41.949693],[-87.696864,41.950006],[-87.69684,41.95024],[-87.696768,41.950435],[-87.696538,41.95085],[-87.696402,41.951025],[-87.69625,41.951269],[-87.696118,41.951558],[-87.69579,41.952158],[-87.695497,41.952614],[-87.695398,41.952712],[-87.695073,41.953107],[-87.694647,41.953681],[-87.694584,41.953809],[-87.694555,41.953922],[-87.694484,41.954477],[-87.694443,41.954659],[-87.694438,41.95494],[-87.694445,41.955022],[-87.694473,41.955054],[-87.694465,41.95537],[-87.69443,41.955517],[-87.694393,41.95588],[-87.694392,41.956377],[-87.694366,41.956812],[-87.694274,41.95685],[-87.694267,41.95703],[-87.694376,41.95706],[-87.694376,41.957424],[-87.69434,41.957679],[-87.694343,41.957851],[-87.694402,41.958074],[-87.694456,41.958617],[-87.69458,41.959204],[-87.694598,41.959392],[-87.694586,41.959641],[-87.694665,41.960055],[-87.694703,41.961102],[-87.694746,41.961273],[-87.688932,41.961309],[-87.673977,41.961525],[-87.673877,41.957963],[-87.673895,41.957795],[-87.673792,41.954361],[-87.67371,41.950682],[-87.673724,41.950481],[-87.673681,41.948828],[-87.673646,41.948459],[-87.673611,41.947165],[-87.673722,41.946927],[-87.673653,41.946465],[-87.673645,41.945801],[-87.673545,41.942994],[-87.673499,41.940859],[-87.673447,41.940235],[-87.673355,41.936111],[-87.673352,41.935987],[-87.673473,41.935986],[-87.673382,41.933395],[-87.673364,41.932343]]]}},{"type":"Feature","properties":{"label":"South Deering","hover_name":null,"color_index":0,"label_lon":-87.571974,"label_lat":41.689925},"geometry":{"type":"Polygon","coordinates":[[[-87.545677,41.722821],[-87.543144,41.722862],[-87.542958,41.721632],[-87.542809,41.721233],[-87.542692,41.720816],[-87.542705,41.720506],[-87.542889,41.720135],[-87.542974,41.71969],[-87.543164,41.718022],[-87.543153,41.717941],[-87.54303,41.717148],[-87.54242,41.716439],[-87.542318,41.715862],[-87.542212,41.715762],[-87.54218,41.715643],[-87.542211,41.714622],[-87.542288,41.714255],[-87.542401,41.71397],[-87.542533,41.713522],[-87.542595,41.712883],[-87.542614,41.711399],[-87.542674,41.71095],[-87.542734,41.7108],[-87.542726,41.710754],[-87.542769,41.710723],[-87.54286,41.710557],[-87.543168,41.710101],[-87.543279,41.709848],[-87.543641,41.709404],[-87.544262,41.708895],[-87.544587,41.708675],[-87.545266,41.708142],[-87.545638,41.707698],[-87.545793,41.70747],[-87.545856,41.707333],[-87.545853,41.706302],[-87.545876,41.705612],[-87.545715,41.705144],[-87.545629,41.70464],[-87.545623,41.70393],[-87.54566,41.70338],[-87.545756,41.703049],[-87.545905,41.702767],[-87.543796,41.702763],[-87.544004,41.702484],[-87.544249,41.702103],[-87.544883,41.701245],[-87.544977,41.701088],[-87.545125,41.700738],[-87.545205,41.70031],[-87.545131,41.685519],[-87.545078,41.68277],[-87.545077,41.680985],[-87.544919,41.673184],[-87.544991,41.672693],[-87.545105,41.672193],[-87.545199,41.672044],[-87.545271,41.671802],[-87.545714,41.670814],[-87.546215,41.669417],[-87.546287,41.669153],[-87.546389,41.668387],[-87.546452,41.668136],[-87.54471,41.659222],[-87.54487,41.659232],[-87.545864,41.659833],[-87.54801,41.661079],[-87.550411,41.662411],[-87.55127,41.662923],[-87.55202,41.663464],[-87.552344,41.663757],[-87.553196,41.664872],[-87.555731,41.668703],[-87.556597,41.669969],[-87.556641,41.669947],[-87.55675,41.669953],[-87.556839,41.669852],[-87.55684,41.66977],[-87.557052,41.66966],[-87.557399,41.669586],[-87.557721,41.669333],[-87.557695,41.669267],[-87.55775,41.669237],[-87.557817,41.669273],[-87.557858,41.669243],[-87.557845,41.669207],[-87.558064,41.669071],[-87.558175,41.668934],[-87.558365,41.66892],[-87.558643,41.668937],[-87.558738,41.668994],[-87.558826,41.66901],[-87.559259,41.668652],[-87.559286,41.659189],[-87.560854,41.659163],[-87.575504,41.659205],[-87.576947,41.659183],[-87.580662,41.659199],[-87.581589,41.659222],[-87.582435,41.659306],[-87.583,41.65941],[-87.583975,41.659665],[-87.584351,41.659806],[-87.585364,41.660125],[-87.58605,41.660269],[-87.586634,41.660341],[-87.586961,41.660363],[-87.587703,41.66038],[-87.58801,41.660363],[-87.588114,41.660383],[-87.588532,41.660419],[-87.58865,41.660394],[-87.589,41.660392],[-87.59012,41.661652],[-87.590741,41.66241],[-87.59172,41.66353],[-87.592124,41.663709],[-87.600119,41.673001],[-87.600388,41.67334],[-87.600621,41.673669],[-87.600853,41.674033],[-87.601026,41.674343],[-87.601279,41.674886],[-87.601446,41.675338],[-87.601544,41.675667],[-87.601657,41.676196],[-87.601723,41.676727],[-87.601846,41.680687],[-87.601879,41.682626],[-87.601932,41.683808],[-87.601936,41.684742],[-87.6019,41.685062],[-87.601761,41.68569],[-87.601645,41.686036],[-87.601368,41.686667],[-87.600694,41.687961],[-87.599737,41.68974],[-87.598856,41.691309],[-87.596798,41.695176],[-87.596167,41.696318],[-87.595707,41.696957],[-87.594366,41.698976],[-87.594159,41.699201],[-87.593688,41.69979],[-87.59307,41.700489],[-87.592717,41.700881],[-87.592054,41.701561],[-87.589584,41.703879],[-87.58836,41.704961],[-87.588143,41.705112],[-87.587668,41.706425],[-87.587506,41.706673],[-87.587413,41.706908],[-87.587315,41.707312],[-87.5873,41.707747],[-87.585746,41.707774],[-87.585425,41.708291],[-87.585256,41.708616],[-87.585086,41.709013],[-87.584938,41.709418],[-87.584829,41.709815],[-87.584737,41.71029],[-87.584628,41.71125],[-87.584683,41.712491],[-87.584684,41.713607],[-87.584737,41.714295],[-87.584891,41.717626],[-87.584889,41.718319],[-87.584963,41.720685],[-87.585467,41.721132],[-87.585909,41.721581],[-87.586652,41.722257],[-87.587114,41.722821],[-87.587374,41.723256],[-87.585858,41.723275],[-87.585311,41.72332],[-87.583896,41.723347],[-87.57538,41.723479],[-87.575112,41.723469],[-87.572272,41.723502],[-87.568585,41.72356],[-87.567921,41.723614],[-87.565631,41.723888],[-87.565589,41.722589],[-87.549894,41.722778],[-87.548559,41.722777],[-87.548225,41.722754],[-87.546544,41.722764],[-87.545998,41.722789],[-87.545677,41.722821]]]}},{"type":"Feature","properties":{"label":"Washington Park","hover_name":null,"color_index":1,"label_lon":-87.617988,"label_lat":41.790109},"geometry":{"type":"Polygon","coordinates":[[[-87.606037,41.785874],[-87.615759,41.785699],[-87.615622,41.780239],[-87.619992,41.780159],[-87.62065,41.780076],[-87.621063,41.780048],[-87.623542,41.780011],[-87.623966,41.780013],[-87.624732,41.780048],[-87.625375,41.780058],[-87.625355,41.781173],[-87.625404,41.78321],[-87.628262,41.78316],[-87.628247,41.783256],[-87.628426,41.789847],[-87.628403,41.789953],[-87.628431,41.790036],[-87.628685,41.79937],[-87.628809,41.79937],[-87.628817,41.799594],[-87.628849,41.800898],[-87.628795,41.801494],[-87.628798,41.801893],[-87.626583,41.801939],[-87.606407,41.802251],[-87.606359,41.800722],[-87.606242,41.795286],[-87.606211,41.795063],[-87.606222,41.794801],[-87.606037,41.785874]]]}},{"type":"Feature","properties":{"label":"Millenium Park","hover_name":null,"color_index":1,"label_lon":-87.620671,"label_lat":41.882657},"geometry":{"type":"Polygon","coordinates":[[[-87.617488,41.880918],[-87.624335,41.880827],[-87.624388,41.882979],[-87.624452,41.884471],[-87.624125,41.884437],[-87.623834,41.88444],[-87.622641,41.884399],[-87.618978,41.884425],[-87.617233,41.88437],[-87.614358,41.884381],[-87.614665,41.884026],[-87.614871,41.88385],[-87.615182,41.883648],[-87.615379,41.88354],[-87.616292,41.883127],[-87.616532,41.882991],[-87.61675,41.882839],[-87.617043,41.882562],[-87.617196,41.882361],[-87.617338,41.882115],[-87.617429,41.881872],[-87.617474,41.881619],[-87.617488,41.880918]]]}},{"type":"Feature","properties":{"label":"Near South Side","hover_name":null,"color_index":2,"label_lon":-87.623074,"label_lat":41.857726},"geometry":{"type":"Polygon","coordinates":[[[-87.617537,41.859632],[-87.61627,41.856971],[-87.615031,41.853902],[-87.614566,41.852878],[-87.614275,41.852287],[-87.613743,41.851054],[-87.61219,41.847304],[-87.611411,41.845267],[-87.611581,41.845266],[-87.612401,41.845166],[-87.615001,41.845166],[-87.614993,41.84511],[-87.616008,41.845093],[-87.616139,41.845128],[-87.616217,41.845178],[-87.616438,41.845526],[-87.616551,41.845632],[-87.61721,41.845655],[-87.617671,41.845723],[-87.61784,41.845726],[-87.629168,41.845557],[-87.629194,41.846425],[-87.629195,41.847502],[-87.62927,41.849492],[-87.62935,41.852882],[-87.630061,41.852877],[-87.630104,41.853299],[-87.630121,41.853719],[-87.630226,41.857779],[-87.634102,41.85772],[-87.635158,41.857722],[-87.635093,41.8582],[-87.634797,41.858879],[-87.634564,41.859215],[-87.634509,41.859384],[-87.634517,41.860415],[-87.634557,41.860989],[-87.634571,41.862903],[-87.634637,41.864259],[-87.634697,41.86631],[-87.634686,41.866746],[-87.634734,41.867315],[-87.633619,41.867319],[-87.6204,41.867513],[-87.620414,41.867251],[-87.620354,41.867035],[-87.620062,41.866134],[-87.619937,41.865813],[-87.619611,41.864816],[-87.61895,41.862915],[-87.618845,41.862644],[-87.618527,41.862077],[-87.618242,41.861299],[-87.617537,41.859632]]]}},{"type":"Feature","properties":{"label":"Chinatown","hover_name":null,"color_index":3,"label_lon":-87.634979,"label_lat":41.852068},"geometry":{"type":"Polygon","coordinates":[[[-87.630226,41.857779],[-87.630121,41.853719],[-87.630104,41.853299],[-87.630061,41.852877],[-87.62935,41.852882],[-87.62927,41.849492],[-87.629195,41.847502],[-87.629201,41.847127],[-87.629597,41.847183],[-87.631189,41.847479],[-87.631467,41.84751],[-87.631924,41.847533],[-87.63314,41.847509],[-87.634307,41.847435],[-87.636226,41.847366],[-87.641206,41.847302],[-87.641727,41.847283],[-87.642426,41.84811],[-87.641628,41.848119],[-87.641624,41.848193],[-87.642248,41.848926],[-87.642761,41.848692],[-87.643233,41.848522],[-87.643466,41.848748],[-87.643677,41.84901],[-87.643999,41.849505],[-87.643316,41.849693],[-87.64264,41.850024],[-87.642182,41.850455],[-87.641148,41.851793],[-87.640342,41.852986],[-87.639872,41.853587],[-87.639648,41.85395],[-87.639394,41.854285],[-87.639044,41.854568],[-87.63844,41.854884],[-87.637479,41.85533],[-87.636979,41.855673],[-87.636161,41.856292],[-87.635494,41.856938],[-87.635321,41.857225],[-87.635158,41.857722],[-87.634102,41.85772],[-87.630226,41.857779]]]}},{"type":"Feature","properties":{"label":"Chicago Lawn","hover_name":null,"color_index":2,"label_lon":-87.695748,"label_lat":41.773968},"geometry":{"type":"Polygon","coordinates":[[[-87.678151,41.75766],[-87.681201,41.757622],[-87.681539,41.757637],[-87.681996,41.757612],[-87.683249,41.757597],[-87.68348,41.757578],[-87.683828,41.757582],[-87.684103,41.757564],[-87.684807,41.75757],[-87.686697,41.75753],[-87.686682,41.757478],[-87.686746,41.757451],[-87.688169,41.757442],[-87.688769,41.757483],[-87.689544,41.757488],[-87.690175,41.757437],[-87.699338,41.757298],[-87.701297,41.757254],[-87.702129,41.757206],[-87.702617,41.757199],[-87.702618,41.75724],[-87.702781,41.757251],[-87.706119,41.7572],[-87.706849,41.757146],[-87.707447,41.757134],[-87.707432,41.757259],[-87.709022,41.757233],[-87.709644,41.757186],[-87.711005,41.757168],[-87.711728,41.757217],[-87.712548,41.757337],[-87.712525,41.760581],[-87.712432,41.760596],[-87.712775,41.771522],[-87.712945,41.77883],[-87.712726,41.778832],[-87.712766,41.779537],[-87.712937,41.785609],[-87.712897,41.786097],[-87.684841,41.786548],[-87.684008,41.786552],[-87.683686,41.78651],[-87.679123,41.786564],[-87.678975,41.781046],[-87.678946,41.781047],[-87.678751,41.780333],[-87.678485,41.779247],[-87.678483,41.779123],[-87.678816,41.775966],[-87.678808,41.775641],[-87.678557,41.775644],[-87.67835,41.772019],[-87.678715,41.772015],[-87.67862,41.768385],[-87.678356,41.768388],[-87.678451,41.767533],[-87.678451,41.766733],[-87.678351,41.765933],[-87.678551,41.764756],[-87.67854,41.763845],[-87.678151,41.75766]]]}},{"type":"Feature","properties":{"label":"Auburn Gresham","hover_name":null,"color_index":1,"label_lon":-87.656076,"label_lat":41.743392},"geometry":{"type":"Polygon","coordinates":[[[-87.6399,41.756146],[-87.639759,41.750705],[-87.639369,41.750711],[-87.639452,41.750487],[-87.639485,41.748858],[-87.639097,41.748871],[-87.639066,41.747936],[-87.639062,41.747053],[-87.639092,41.745173],[-87.63919,41.743434],[-87.637292,41.743482],[-87.636477,41.743518],[-87.636081,41.743978],[-87.635946,41.744162],[-87.634368,41.743553],[-87.634226,41.743512],[-87.634108,41.743498],[-87.634008,41.739557],[-87.633963,41.739474],[-87.634037,41.739177],[-87.634081,41.739145],[-87.63394,41.738614],[-87.633883,41.738207],[-87.63381,41.735948],[-87.63408,41.735969],[-87.634128,41.735942],[-87.634069,41.735197],[-87.633907,41.731707],[-87.633798,41.729978],[-87.633746,41.729979],[-87.633742,41.729921],[-87.633734,41.728853],[-87.634972,41.728856],[-87.635038,41.72888],[-87.635354,41.728881],[-87.643744,41.728769],[-87.644518,41.728749],[-87.644615,41.728701],[-87.644654,41.728912],[-87.644681,41.729835],[-87.645183,41.729835],[-87.645443,41.729818],[-87.645824,41.729736],[-87.646102,41.729647],[-87.646433,41.729506],[-87.646711,41.729339],[-87.646981,41.729146],[-87.647243,41.728928],[-87.647492,41.728635],[-87.647951,41.7287],[-87.64686,41.731642],[-87.646513,41.732527],[-87.647823,41.732526],[-87.648273,41.732441],[-87.64862,41.732457],[-87.649927,41.732449],[-87.657119,41.732347],[-87.658099,41.732329],[-87.658185,41.7323],[-87.660453,41.732282],[-87.6624,41.732228],[-87.662961,41.732189],[-87.663419,41.732115],[-87.665387,41.732086],[-87.665331,41.730237],[-87.668117,41.730201],[-87.669149,41.731233],[-87.673083,41.735657],[-87.672785,41.735654],[-87.672791,41.735898],[-87.672981,41.735916],[-87.673015,41.735944],[-87.675299,41.738675],[-87.676091,41.739298],[-87.676889,41.740111],[-87.677193,41.74066],[-87.677571,41.741531],[-87.677903,41.742602],[-87.678043,41.74335],[-87.678094,41.743934],[-87.678141,41.745149],[-87.678152,41.745706],[-87.678136,41.74588],[-87.678158,41.746457],[-87.678118,41.746804],[-87.678118,41.747273],[-87.678137,41.747448],[-87.678242,41.747447],[-87.67821,41.74818],[-87.678388,41.754791],[-87.678513,41.756821],[-87.678535,41.757455],[-87.678588,41.757653],[-87.675463,41.757715],[-87.669692,41.757784],[-87.669697,41.757631],[-87.665475,41.757674],[-87.664505,41.7577],[-87.663608,41.757744],[-87.663608,41.757766],[-87.657177,41.757835],[-87.65401,41.75789],[-87.653931,41.757928],[-87.653933,41.757999],[-87.646662,41.758108],[-87.646525,41.758073],[-87.64568,41.758085],[-87.644327,41.758107],[-87.644235,41.758144],[-87.644184,41.756088],[-87.644084,41.756077],[-87.6399,41.756146]]]}},{"type":"Feature","properties":{"label":"Beverly","hover_name":null,"color_index":0,"label_lon":-87.67191,"label_lat":41.722015},"geometry":{"type":"Polygon","coordinates":[[[-87.673083,41.735657],[-87.669149,41.731233],[-87.668057,41.730141],[-87.667247,41.728851],[-87.667309,41.728682],[-87.66732,41.728437],[-87.667084,41.728033],[-87.663445,41.721202],[-87.663263,41.721204],[-87.663202,41.721093],[-87.663085,41.720102],[-87.661066,41.71569],[-87.659976,41.714001],[-87.658668,41.711345],[-87.656364,41.706778],[-87.656019,41.706785],[-87.65726,41.703474],[-87.658742,41.699444],[-87.662834,41.699387],[-87.673923,41.699162],[-87.679861,41.699058],[-87.681241,41.699071],[-87.681536,41.699087],[-87.68237,41.699083],[-87.696021,41.698928],[-87.696148,41.698941],[-87.696317,41.702705],[-87.69646,41.707145],[-87.691519,41.707203],[-87.691729,41.713566],[-87.682724,41.713667],[-87.681842,41.713662],[-87.682514,41.735527],[-87.673083,41.735657]]]}},{"type":"Feature","properties":{"label":"Washington Heights","hover_name":null,"color_index":2,"label_lon":-87.647272,"label_lat":41.715404},"geometry":{"type":"Polygon","coordinates":[[[-87.633734,41.728853],[-87.633644,41.72522],[-87.633417,41.717953],[-87.633273,41.711689],[-87.633133,41.707043],[-87.642834,41.706917],[-87.642608,41.699641],[-87.651228,41.699551],[-87.658742,41.699444],[-87.65726,41.703474],[-87.656019,41.706785],[-87.656364,41.706778],[-87.658668,41.711345],[-87.659976,41.714001],[-87.661066,41.71569],[-87.663085,41.720102],[-87.663202,41.721093],[-87.663263,41.721204],[-87.663445,41.721202],[-87.667084,41.728033],[-87.66732,41.728437],[-87.667309,41.728682],[-87.667247,41.728851],[-87.668057,41.730141],[-87.668117,41.730201],[-87.665331,41.730237],[-87.665387,41.732086],[-87.663419,41.732115],[-87.662961,41.732189],[-87.6624,41.732228],[-87.660453,41.732282],[-87.658185,41.7323],[-87.658099,41.732329],[-87.657119,41.732347],[-87.649927,41.732449],[-87.64862,41.732457],[-87.648273,41.732441],[-87.647823,41.732526],[-87.646513,41.732527],[-87.64686,41.731642],[-87.647951,41.7287],[-87.647492,41.728635],[-87.647243,41.728928],[-87.646981,41.729146],[-87.646711,41.729339],[-87.646433,41.729506],[-87.646102,41.729647],[-87.645824,41.729736],[-87.645443,41.729818],[-87.645183,41.729835],[-87.644681,41.729835],[-87.644654,41.728912],[-87.644615,41.728701],[-87.644518,41.728749],[-87.643744,41.728769],[-87.635354,41.728881],[-87.635038,41.72888],[-87.634972,41.728856],[-87.633734,41.728853]]]}},{"type":"Feature","properties":{"label":"Edison Park","hover_name":null,"color_index":0,"label_lon":-87.813998,"label_lat":42.007178},"geometry":{"type":"Polygon","coordinates":[[[-87.806547,42.018965],[-87.806818,41.995392],[-87.810333,41.99542],[-87.810319,41.996545],[-87.810354,41.997124],[-87.811119,41.997121],[-87.821414,41.996851],[-87.821338,42.003807],[-87.821318,42.007481],[-87.821253,42.011357],[-87.819729,42.011386],[-87.819731,42.011933],[-87.820098,42.011926],[-87.820069,42.01557],[-87.821231,42.015541],[-87.82121,42.018642],[-87.806547,42.018965]]]}},{"type":"Feature","properties":{"label":"Hyde Park","hover_name":null,"color_index":2,"label_lon":-87.592582,"label_lat":41.796806},"geometry":{"type":"Polygon","coordinates":[[[-87.579301,41.793487],[-87.584817,41.793405],[-87.586528,41.793395],[-87.586637,41.793384],[-87.58671,41.791763],[-87.586713,41.791331],[-87.586595,41.786142],[-87.595225,41.786062],[-87.596,41.786043],[-87.596581,41.785986],[-87.596929,41.78597],[-87.606037,41.785874],[-87.606222,41.794801],[-87.606211,41.795063],[-87.606242,41.795286],[-87.606359,41.800722],[-87.606407,41.802251],[-87.590171,41.802441],[-87.583823,41.80253],[-87.582648,41.802534],[-87.581648,41.802434],[-87.581048,41.802634],[-87.580608,41.802584],[-87.580376,41.802525],[-87.580449,41.802132],[-87.580501,41.801578],[-87.580497,41.801104],[-87.580465,41.800776],[-87.580342,41.799901],[-87.580282,41.799626],[-87.58011,41.799118],[-87.579788,41.798441],[-87.579937,41.798369],[-87.579608,41.798025],[-87.579334,41.797783],[-87.579013,41.797541],[-87.578468,41.797182],[-87.578363,41.797095],[-87.57821,41.797013],[-87.577988,41.79694],[-87.577831,41.796906],[-87.577553,41.796864],[-87.577408,41.796858],[-87.577235,41.796869],[-87.576838,41.796972],[-87.576447,41.797052],[-87.576138,41.797031],[-87.575883,41.796977],[-87.575762,41.796939],[-87.575621,41.796869],[-87.57548,41.796741],[-87.575312,41.796646],[-87.575272,41.796608],[-87.575229,41.796513],[-87.575213,41.796378],[-87.575164,41.79624],[-87.5752,41.796045],[-87.575326,41.795809],[-87.575403,41.795537],[-87.575406,41.795469],[-87.575444,41.79544],[-87.575781,41.795337],[-87.576097,41.795109],[-87.576166,41.795086],[-87.576327,41.795075],[-87.576458,41.795096],[-87.576651,41.795046],[-87.576853,41.795104],[-87.576914,41.795105],[-87.577388,41.795039],[-87.577604,41.794992],[-87.57783,41.794921],[-87.578303,41.794729],[-87.578574,41.794561],[-87.579011,41.7942],[-87.579082,41.793946],[-87.57927,41.793637],[-87.579301,41.793487]]]}},{"type":"Feature","properties":{"label":"Bucktown","hover_name":null,"color_index":3,"label_lon":-87.679004,"label_lat":41.922328},"geometry":{"type":"Polygon","coordinates":[[[-87.682841,41.932328],[-87.682842,41.932153],[-87.682149,41.931404],[-87.681294,41.930935],[-87.680805,41.93064],[-87.67984,41.928605],[-87.679705,41.928464],[-87.678289,41.928124],[-87.67779,41.928023],[-87.677202,41.927845],[-87.676524,41.927591],[-87.675831,41.927226],[-87.674938,41.926658],[-87.674746,41.926431],[-87.674555,41.926142],[-87.674513,41.925952],[-87.674465,41.924837],[-87.67442,41.92463],[-87.674255,41.92439],[-87.673767,41.923996],[-87.67346,41.923784],[-87.672974,41.923398],[-87.672161,41.922806],[-87.67165,41.922551],[-87.671112,41.922411],[-87.670889,41.922376],[-87.670627,41.922384],[-87.670151,41.922372],[-87.669758,41.922408],[-87.66951,41.922414],[-87.669285,41.922389],[-87.668925,41.922284],[-87.668366,41.922171],[-87.668096,41.92203],[-87.667678,41.921343],[-87.667339,41.920879],[-87.666463,41.920028],[-87.665722,41.91893],[-87.665426,41.918588],[-87.664958,41.918152],[-87.664752,41.917992],[-87.664602,41.917801],[-87.664445,41.917554],[-87.664297,41.917119],[-87.664216,41.916796],[-87.663896,41.91589],[-87.663771,41.915678],[-87.663706,41.915633],[-87.663621,41.915615],[-87.663814,41.915498],[-87.665123,41.914929],[-87.665255,41.914892],[-87.66536,41.914826],[-87.666027,41.914541],[-87.666811,41.914339],[-87.667437,41.914281],[-87.667598,41.914276],[-87.667801,41.914302],[-87.66793,41.91427],[-87.669012,41.914254],[-87.670231,41.914292],[-87.676326,41.914179],[-87.677545,41.914171],[-87.677555,41.914716],[-87.682447,41.914619],[-87.68242,41.913582],[-87.683155,41.914059],[-87.687316,41.913995],[-87.687416,41.917795],[-87.687633,41.924669],[-87.687884,41.931524],[-87.687883,41.932179],[-87.687917,41.932577],[-87.687987,41.936104],[-87.687825,41.936011],[-87.687673,41.935899],[-87.687401,41.935616],[-87.687028,41.935272],[-87.686924,41.935135],[-87.686827,41.93496],[-87.686825,41.934907],[-87.685968,41.934033],[-87.685884,41.934008],[-87.68567,41.933903],[-87.685493,41.933798],[-87.685258,41.933785],[-87.685158,41.93373],[-87.685001,41.933679],[-87.684656,41.933671],[-87.684554,41.933635],[-87.684365,41.933612],[-87.684269,41.933617],[-87.684089,41.933562],[-87.683983,41.93355],[-87.683531,41.933442],[-87.683433,41.933396],[-87.683058,41.932757],[-87.682841,41.932328]]]}},{"type":"Feature","properties":{"label":"Lower West Side","hover_name":null,"color_index":0,"label_lon":-87.676255,"label_lat":41.85012},"geometry":{"type":"Polygon","coordinates":[[[-87.635158,41.857722],[-87.635321,41.857225],[-87.635494,41.856938],[-87.636161,41.856292],[-87.636979,41.855673],[-87.637479,41.85533],[-87.63844,41.854884],[-87.639044,41.854568],[-87.639394,41.854285],[-87.639648,41.85395],[-87.639872,41.853587],[-87.640342,41.852986],[-87.641148,41.851793],[-87.642182,41.850455],[-87.64264,41.850024],[-87.643316,41.849693],[-87.643999,41.849505],[-87.644889,41.849418],[-87.64585,41.849384],[-87.6468,41.849212],[-87.647593,41.848944],[-87.648644,41.848615],[-87.649637,41.848396],[-87.651003,41.848306],[-87.651578,41.848176],[-87.652583,41.848005],[-87.653117,41.84795],[-87.657505,41.847166],[-87.658605,41.847265],[-87.66072,41.845716],[-87.660773,41.845839],[-87.661638,41.845346],[-87.662524,41.84491],[-87.663451,41.844503],[-87.663607,41.844406],[-87.663778,41.844292],[-87.663888,41.844096],[-87.66431,41.842801],[-87.664952,41.841716],[-87.664969,41.841619],[-87.664843,41.841243],[-87.664574,41.840757],[-87.664542,41.84066],[-87.664528,41.84043],[-87.664566,41.839882],[-87.664538,41.839555],[-87.664285,41.839065],[-87.665764,41.838221],[-87.666506,41.837861],[-87.666984,41.83766],[-87.667627,41.837467],[-87.668243,41.837322],[-87.668779,41.837229],[-87.669264,41.837176],[-87.670044,41.837142],[-87.670561,41.837136],[-87.670562,41.837347],[-87.678729,41.837181],[-87.679082,41.837165],[-87.679661,41.837102],[-87.680452,41.836965],[-87.681438,41.836681],[-87.684578,41.835707],[-87.687399,41.834801],[-87.687458,41.834913],[-87.687513,41.836812],[-87.687489,41.837019],[-87.68756,41.844795],[-87.687791,41.848368],[-87.687867,41.852009],[-87.687973,41.854971],[-87.688018,41.856891],[-87.688034,41.85697],[-87.687962,41.856986],[-87.688023,41.857088],[-87.688073,41.859338],[-87.685834,41.859366],[-87.685811,41.858415],[-87.684822,41.858607],[-87.681316,41.858882],[-87.678571,41.859042],[-87.677852,41.859121],[-87.676046,41.859419],[-87.674273,41.859546],[-87.673599,41.859517],[-87.673079,41.859513],[-87.671343,41.859534],[-87.645222,41.859933],[-87.644764,41.859953],[-87.639014,41.860018],[-87.638936,41.857665],[-87.636016,41.857729],[-87.635158,41.857722]]]}},{"type":"Feature","properties":{"label":"Wrigleyville","hover_name":null,"color_index":0,"label_lon":-87.659238,"label_lat":41.951951},"geometry":{"type":"Polygon","coordinates":[[[-87.664215,41.954355],[-87.654545,41.954488],[-87.654245,41.944466],[-87.654537,41.944747],[-87.656516,41.947202],[-87.656849,41.947184],[-87.664015,41.947068],[-87.664215,41.954355]]]}},{"type":"Feature","properties":{"label":"Archer Heights","hover_name":null,"color_index":4,"label_lon":-87.726197,"label_lat":41.808847},"geometry":{"type":"Polygon","coordinates":[[[-87.714374,41.826321],[-87.714367,41.824509],[-87.714341,41.824441],[-87.714323,41.824194],[-87.71426,41.822422],[-87.714327,41.822232],[-87.71433,41.82206],[-87.714001,41.810112],[-87.713915,41.809502],[-87.713874,41.807989],[-87.713789,41.806023],[-87.714029,41.805155],[-87.714151,41.804902],[-87.714369,41.804586],[-87.714663,41.804256],[-87.715228,41.803755],[-87.715681,41.803603],[-87.716081,41.803449],[-87.719429,41.80212],[-87.722967,41.800553],[-87.723373,41.800546],[-87.723365,41.800223],[-87.728208,41.798311],[-87.728168,41.796831],[-87.731967,41.796791],[-87.732054,41.79676],[-87.732388,41.796788],[-87.735513,41.796756],[-87.73548,41.795621],[-87.735412,41.795465],[-87.735645,41.795436],[-87.736072,41.795355],[-87.736448,41.795314],[-87.737905,41.795291],[-87.738502,41.814969],[-87.738447,41.814969],[-87.738451,41.815313],[-87.738531,41.818628],[-87.738557,41.818706],[-87.727646,41.822149],[-87.727251,41.822253],[-87.726741,41.822429],[-87.719594,41.824678],[-87.717758,41.825237],[-87.717642,41.825291],[-87.714374,41.826321]]]}},{"type":"Feature","properties":{"label":"Brighton Park","hover_name":null,"color_index":1,"label_lon":-87.699213,"label_lat":41.815369},"geometry":{"type":"Polygon","coordinates":[[[-87.68424,41.823],[-87.684227,41.821812],[-87.684089,41.816246],[-87.683874,41.808417],[-87.684425,41.808426],[-87.68435,41.805822],[-87.684368,41.804555],[-87.693149,41.804456],[-87.694095,41.80441],[-87.694102,41.804644],[-87.70085,41.804507],[-87.70387,41.804483],[-87.703863,41.804218],[-87.707546,41.804165],[-87.707959,41.804181],[-87.708051,41.804196],[-87.710866,41.804151],[-87.711336,41.80413],[-87.712326,41.803985],[-87.712599,41.803961],[-87.713776,41.803928],[-87.713771,41.805585],[-87.713874,41.807989],[-87.713915,41.809502],[-87.714001,41.810112],[-87.714251,41.818982],[-87.714331,41.822117],[-87.714327,41.822232],[-87.71426,41.822422],[-87.714323,41.824194],[-87.714341,41.824441],[-87.714367,41.824509],[-87.714369,41.826041],[-87.704578,41.829116],[-87.704607,41.829798],[-87.704174,41.829874],[-87.700383,41.830917],[-87.697811,41.831731],[-87.696615,41.832195],[-87.696358,41.831995],[-87.695189,41.832348],[-87.687399,41.834801],[-87.687451,41.834692],[-87.687355,41.830238],[-87.687319,41.830239],[-87.687438,41.828405],[-87.687358,41.826622],[-87.686859,41.826649],[-87.686861,41.826544],[-87.686597,41.82595],[-87.68611,41.825226],[-87.686668,41.824886],[-87.686197,41.824419],[-87.68613,41.824314],[-87.68607,41.823174],[-87.68608,41.822956],[-87.685461,41.822966],[-87.68473,41.823006],[-87.68424,41.823]]]}},{"type":"Feature","properties":{"label":"Mckinley Park","hover_name":null,"color_index":3,"label_lon":-87.679208,"label_lat":41.828948},"geometry":{"type":"Polygon","coordinates":[[[-87.656112,41.823314],[-87.659976,41.823208],[-87.666356,41.823141],[-87.668261,41.823195],[-87.68385,41.822999],[-87.68473,41.823006],[-87.685461,41.822966],[-87.68608,41.822956],[-87.68607,41.823174],[-87.68613,41.824314],[-87.686197,41.824419],[-87.686668,41.824886],[-87.68611,41.825226],[-87.686597,41.82595],[-87.686861,41.826544],[-87.686859,41.826649],[-87.687358,41.826622],[-87.687438,41.828405],[-87.687319,41.830239],[-87.687355,41.830238],[-87.687451,41.834692],[-87.687399,41.834801],[-87.684578,41.835707],[-87.681438,41.836681],[-87.680452,41.836965],[-87.679661,41.837102],[-87.679082,41.837165],[-87.678729,41.837181],[-87.670562,41.837347],[-87.670561,41.837136],[-87.670044,41.837142],[-87.669264,41.837176],[-87.668779,41.837229],[-87.668243,41.837322],[-87.667627,41.837467],[-87.666984,41.83766],[-87.666506,41.837861],[-87.665764,41.838221],[-87.664285,41.839065],[-87.66344,41.837805],[-87.663361,41.837636],[-87.663173,41.836981],[-87.663078,41.836823],[-87.662487,41.836141],[-87.66199,41.835691],[-87.661671,41.835253],[-87.661287,41.834863],[-87.660354,41.83437],[-87.658659,41.832557],[-87.65743,41.831197],[-87.657366,41.830883],[-87.657406,41.830306],[-87.657571,41.828755],[-87.657565,41.828226],[-87.657528,41.827802],[-87.657345,41.826487],[-87.657349,41.826074],[-87.657137,41.824037],[-87.656112,41.823314]]]}},{"type":"Feature","properties":{"label":"East Village","hover_name":null,"color_index":1,"label_lon":-87.672274,"label_lat":41.89963},"geometry":{"type":"Polygon","coordinates":[[[-87.677052,41.895912],[-87.677258,41.903191],[-87.667495,41.903346],[-87.667292,41.896074],[-87.677052,41.895912]]]}},{"type":"Feature","properties":{"label":"West Town","hover_name":null,"color_index":0,"label_lon":-87.662565,"label_lat":41.903723},"geometry":{"type":"Polygon","coordinates":[[[-87.65693,41.911076],[-87.656851,41.910745],[-87.656937,41.910522],[-87.65895,41.909851],[-87.659229,41.90907],[-87.657486,41.90909],[-87.657517,41.908978],[-87.657691,41.908578],[-87.657752,41.908368],[-87.65817,41.905669],[-87.658289,41.905041],[-87.658157,41.904526],[-87.657497,41.903602],[-87.65734,41.903399],[-87.656474,41.902622],[-87.656185,41.901922],[-87.656161,41.901692],[-87.655888,41.901169],[-87.655381,41.900813],[-87.654507,41.900528],[-87.652907,41.900177],[-87.652576,41.900117],[-87.652477,41.900135],[-87.652195,41.900095],[-87.6519,41.900013],[-87.651355,41.899742],[-87.650863,41.899412],[-87.649398,41.898307],[-87.64879,41.898088],[-87.6479,41.897968],[-87.646315,41.897857],[-87.645408,41.897763],[-87.644886,41.897694],[-87.64478,41.897542],[-87.644432,41.897242],[-87.644232,41.896636],[-87.644121,41.894348],[-87.644075,41.894139],[-87.643977,41.894022],[-87.643777,41.893883],[-87.643553,41.893537],[-87.643215,41.893376],[-87.642943,41.893215],[-87.642716,41.893036],[-87.64245,41.892869],[-87.642131,41.892595],[-87.641927,41.892373],[-87.641574,41.892049],[-87.641267,41.891628],[-87.641192,41.891435],[-87.641092,41.891268],[-87.640669,41.890643],[-87.640122,41.889999],[-87.639435,41.889228],[-87.639361,41.88908],[-87.639828,41.889048],[-87.640632,41.889041],[-87.640813,41.889077],[-87.641589,41.889051],[-87.644334,41.889034],[-87.644322,41.888582],[-87.647566,41.888568],[-87.647583,41.88905],[-87.649633,41.889015],[-87.65333,41.888977],[-87.654857,41.888978],[-87.658831,41.888923],[-87.658921,41.88895],[-87.659018,41.888921],[-87.66048,41.888911],[-87.660676,41.888861],[-87.660845,41.888904],[-87.665118,41.888855],[-87.666859,41.888845],[-87.667265,41.888858],[-87.670737,41.888828],[-87.672786,41.888782],[-87.67929,41.888688],[-87.685863,41.888573],[-87.685993,41.888572],[-87.686622,41.888635],[-87.686624,41.888411],[-87.687235,41.888403],[-87.687459,41.888386],[-87.68785,41.88832],[-87.688467,41.888173],[-87.69157,41.888196],[-87.691648,41.891912],[-87.691701,41.892004],[-87.691668,41.892332],[-87.691773,41.895702],[-87.68725,41.895737],[-87.667292,41.896074],[-87.667801,41.914302],[-87.667598,41.914276],[-87.667437,41.914281],[-87.666811,41.914339],[-87.666214,41.914485],[-87.665936,41.914575],[-87.66536,41.914826],[-87.665255,41.914892],[-87.665123,41.914929],[-87.663814,41.915498],[-87.663621,41.915615],[-87.663029,41.915488],[-87.662789,41.915568],[-87.662649,41.915591],[-87.662449,41.915692],[-87.662276,41.915809],[-87.662066,41.91592],[-87.661781,41.916014],[-87.661513,41.916121],[-87.661329,41.916179],[-87.661172,41.916182],[-87.661015,41.91615],[-87.66093,41.916118],[-87.660735,41.91597],[-87.660268,41.915712],[-87.65987,41.915451],[-87.659235,41.915147],[-87.658651,41.914708],[-87.658077,41.914108],[-87.657862,41.913809],[-87.657715,41.913425],[-87.657595,41.912815],[-87.657057,41.911436],[-87.65693,41.911076]]]}},{"type":"Feature","properties":{"label":"Bridgeport","hover_name":null,"color_index":4,"label_lon":-87.646924,"label_lat":41.844733},"geometry":{"type":"Polygon","coordinates":[[[-87.641727,41.847283],[-87.64185,41.847111],[-87.641603,41.846466],[-87.6416,41.846301],[-87.639981,41.846321],[-87.639525,41.846374],[-87.638358,41.846183],[-87.638291,41.843617],[-87.636512,41.843643],[-87.636376,41.838173],[-87.636476,41.838172],[-87.636431,41.836354],[-87.635932,41.83636],[-87.63589,41.834535],[-87.636532,41.834526],[-87.636576,41.834147],[-87.636404,41.827231],[-87.636203,41.827233],[-87.636165,41.825406],[-87.636072,41.825404],[-87.636064,41.82521],[-87.633964,41.823613],[-87.652713,41.823367],[-87.65333,41.823369],[-87.656112,41.823314],[-87.657137,41.824037],[-87.657349,41.826074],[-87.657345,41.826487],[-87.657528,41.827802],[-87.657565,41.828226],[-87.657571,41.828755],[-87.657406,41.830306],[-87.657366,41.830883],[-87.65743,41.831197],[-87.658659,41.832557],[-87.660354,41.83437],[-87.661287,41.834863],[-87.661671,41.835253],[-87.66199,41.835691],[-87.662487,41.836141],[-87.663078,41.836823],[-87.663173,41.836981],[-87.663361,41.837636],[-87.66344,41.837805],[-87.664285,41.839065],[-87.664538,41.839555],[-87.664566,41.839882],[-87.664528,41.84043],[-87.664542,41.84066],[-87.664574,41.840757],[-87.664843,41.841243],[-87.664969,41.841619],[-87.664952,41.841716],[-87.66431,41.842801],[-87.663888,41.844096],[-87.663778,41.844292],[-87.663451,41.844503],[-87.662524,41.84491],[-87.661638,41.845346],[-87.660773,41.845839],[-87.66072,41.845716],[-87.658605,41.847265],[-87.657505,41.847166],[-87.653117,41.84795],[-87.652583,41.848005],[-87.651578,41.848176],[-87.651003,41.848306],[-87.649637,41.848396],[-87.648644,41.848615],[-87.647593,41.848944],[-87.6468,41.849212],[-87.64585,41.849384],[-87.644889,41.849418],[-87.643999,41.849505],[-87.643677,41.84901],[-87.643466,41.848748],[-87.643233,41.848522],[-87.642761,41.848692],[-87.642248,41.848926],[-87.641624,41.848193],[-87.641628,41.848119],[-87.642426,41.84811],[-87.641727,41.847283]]]}},{"type":"Feature","properties":{"label":"West Elsdon","hover_name":null,"color_index":0,"label_lon":-87.727897,"label_lat":41.79286},"geometry":{"type":"Polygon","coordinates":[[[-87.713776,41.803928],[-87.713706,41.800814],[-87.713498,41.80069],[-87.713614,41.800688],[-87.713276,41.789731],[-87.713473,41.789723],[-87.713375,41.786089],[-87.723234,41.785932],[-87.737623,41.785783],[-87.737851,41.793464],[-87.737823,41.793621],[-87.737859,41.793676],[-87.737905,41.795291],[-87.736448,41.795314],[-87.736072,41.795355],[-87.735645,41.795436],[-87.735412,41.795465],[-87.73548,41.795621],[-87.735513,41.796756],[-87.732388,41.796788],[-87.732054,41.79676],[-87.731967,41.796791],[-87.728168,41.796831],[-87.728208,41.798311],[-87.723365,41.800223],[-87.723373,41.800546],[-87.722967,41.800553],[-87.719429,41.80212],[-87.716081,41.803449],[-87.715681,41.803603],[-87.715228,41.803755],[-87.714591,41.804327],[-87.714369,41.804586],[-87.714189,41.80484],[-87.714084,41.805027],[-87.714005,41.80522],[-87.713789,41.806023],[-87.713771,41.805585],[-87.713776,41.803928]]]}},{"type":"Feature","properties":{"label":"Gage Park","hover_name":null,"color_index":3,"label_lon":-87.692205,"label_lat":41.795081},"geometry":{"type":"Polygon","coordinates":[[[-87.67883,41.79415],[-87.678806,41.793501],[-87.679372,41.793495],[-87.679663,41.789707],[-87.679643,41.788357],[-87.679672,41.786557],[-87.683686,41.78651],[-87.684008,41.786552],[-87.684841,41.786548],[-87.713375,41.786089],[-87.713473,41.789723],[-87.713276,41.789731],[-87.713614,41.800688],[-87.713498,41.80069],[-87.713706,41.800814],[-87.713776,41.803928],[-87.712599,41.803961],[-87.712326,41.803985],[-87.711336,41.80413],[-87.710866,41.804151],[-87.708051,41.804196],[-87.707959,41.804181],[-87.707546,41.804165],[-87.703863,41.804218],[-87.70387,41.804483],[-87.70085,41.804507],[-87.694102,41.804644],[-87.694095,41.80441],[-87.693149,41.804456],[-87.684368,41.804555],[-87.684372,41.804723],[-87.683753,41.804741],[-87.683761,41.804797],[-87.682224,41.804811],[-87.68199,41.804832],[-87.681922,41.804858],[-87.679406,41.804853],[-87.679389,41.804263],[-87.679533,41.80282],[-87.679549,41.802498],[-87.679413,41.797034],[-87.679382,41.796765],[-87.679253,41.796089],[-87.678873,41.79442],[-87.67883,41.79415]]]}},{"type":"Feature","properties":{"label":"Clearing","hover_name":null,"color_index":2,"label_lon":-87.769174,"label_lat":41.778919},"geometry":{"type":"Polygon","coordinates":[[[-87.737623,41.785783],[-87.737457,41.780516],[-87.737473,41.780313],[-87.737449,41.780232],[-87.737176,41.771202],[-87.742055,41.771129],[-87.742165,41.77478],[-87.743076,41.77475],[-87.746904,41.77467],[-87.761583,41.774388],[-87.762861,41.77438],[-87.781897,41.773998],[-87.800806,41.773698],[-87.800821,41.774052],[-87.800777,41.774137],[-87.800775,41.774203],[-87.800831,41.775431],[-87.800819,41.775602],[-87.80085,41.776339],[-87.800886,41.776568],[-87.800872,41.776948],[-87.800924,41.77761],[-87.800956,41.778464],[-87.801011,41.779135],[-87.801024,41.780219],[-87.801216,41.784689],[-87.797813,41.784745],[-87.797618,41.784758],[-87.781263,41.785015],[-87.762024,41.785393],[-87.762022,41.785326],[-87.742531,41.785735],[-87.741061,41.785746],[-87.738452,41.785793],[-87.737623,41.785783]]]}},{"type":"Feature","properties":{"label":"West Lawn","hover_name":null,"color_index":1,"label_lon":-87.727363,"label_lat":41.76755},"geometry":{"type":"Polygon","coordinates":[[[-87.712548,41.757337],[-87.712972,41.75743],[-87.713277,41.757519],[-87.713632,41.757645],[-87.713921,41.757769],[-87.714607,41.758111],[-87.715538,41.758532],[-87.716222,41.758886],[-87.716226,41.758776],[-87.716838,41.759076],[-87.717003,41.759132],[-87.717103,41.759196],[-87.717229,41.759225],[-87.717882,41.759448],[-87.718345,41.759625],[-87.718615,41.759752],[-87.720621,41.76079],[-87.721298,41.761113],[-87.72157,41.761228],[-87.722074,41.761411],[-87.722287,41.76147],[-87.722178,41.757502],[-87.722177,41.756602],[-87.722147,41.755523],[-87.722171,41.75486],[-87.722147,41.754335],[-87.722102,41.754134],[-87.722036,41.753374],[-87.724282,41.753329],[-87.724945,41.753293],[-87.731079,41.753193],[-87.73213,41.753165],[-87.732185,41.753168],[-87.732273,41.753201],[-87.732315,41.753253],[-87.732329,41.753321],[-87.736582,41.753041],[-87.736582,41.753164],[-87.739119,41.753118],[-87.741212,41.753279],[-87.741308,41.753296],[-87.741496,41.753292],[-87.741648,41.757848],[-87.74169,41.758937],[-87.741779,41.760463],[-87.741785,41.761284],[-87.741855,41.762589],[-87.742055,41.771129],[-87.737176,41.771202],[-87.737449,41.780232],[-87.737473,41.780313],[-87.737457,41.780516],[-87.737623,41.785783],[-87.723234,41.785932],[-87.712897,41.786097],[-87.712937,41.785609],[-87.712766,41.779537],[-87.712726,41.778832],[-87.712945,41.77883],[-87.712775,41.771522],[-87.712432,41.760596],[-87.712525,41.760581],[-87.712548,41.757337]]]}},{"type":"Feature","properties":{"label":"Wicker Park","hover_name":null,"color_index":2,"label_lon":-87.686012,"label_lat":41.909889},"geometry":{"type":"Polygon","coordinates":[[[-87.667801,41.914302],[-87.667495,41.903346],[-87.67753,41.903187],[-87.687223,41.903011],[-87.691952,41.902968],[-87.692115,41.910124],[-87.692105,41.910446],[-87.692203,41.91395],[-87.691052,41.913957],[-87.691021,41.913938],[-87.690991,41.913862],[-87.690959,41.913868],[-87.690928,41.913942],[-87.69087,41.913962],[-87.68751,41.91399],[-87.683155,41.914059],[-87.68242,41.913582],[-87.682447,41.914619],[-87.677555,41.914716],[-87.677545,41.914171],[-87.676326,41.914179],[-87.670231,41.914292],[-87.66889,41.914255],[-87.66793,41.91427],[-87.667801,41.914302]]]}},{"type":"Feature","properties":{"label":"Ukrainian Village","hover_name":null,"color_index":3,"label_lon":-87.684509,"label_lat":41.899419},"geometry":{"type":"Polygon","coordinates":[[[-87.677052,41.895912],[-87.68725,41.895737],[-87.691773,41.895702],[-87.691952,41.902968],[-87.687223,41.903011],[-87.677258,41.903191],[-87.677052,41.895912]]]}},{"type":"Feature","properties":{"label":"Galewood","hover_name":null,"color_index":0,"label_lon":-87.790729,"label_lat":41.91613},"geometry":{"type":"Polygon","coordinates":[[[-87.785226,41.916451],[-87.775471,41.916589],[-87.775245,41.909806],[-87.775251,41.909705],[-87.775599,41.909254],[-87.781936,41.909174],[-87.786614,41.909132],[-87.800113,41.908953],[-87.802566,41.908932],[-87.805745,41.908839],[-87.805886,41.912373],[-87.80623,41.92336],[-87.805542,41.923196],[-87.804763,41.922986],[-87.804042,41.922763],[-87.803252,41.922495],[-87.787834,41.916898],[-87.787228,41.916722],[-87.786437,41.916558],[-87.785811,41.916482],[-87.785226,41.916451]]]}},{"type":"Feature","properties":{"label":"Montclare","hover_name":null,"color_index":1,"label_lon":-87.798461,"label_lat":41.930229},"geometry":{"type":"Polygon","coordinates":[[[-87.788706,41.917207],[-87.803252,41.922495],[-87.804042,41.922763],[-87.804763,41.922986],[-87.805542,41.923196],[-87.80623,41.92336],[-87.806747,41.937996],[-87.790769,41.938239],[-87.790586,41.93277],[-87.790693,41.932768],[-87.790284,41.919827],[-87.790255,41.918985],[-87.790227,41.91867],[-87.790077,41.918212],[-87.789935,41.918005],[-87.789745,41.917772],[-87.789636,41.917666],[-87.789417,41.917511],[-87.789266,41.917432],[-87.788706,41.917207]]]}},{"type":"Feature","properties":{"label":"Old Town","hover_name":null,"color_index":4,"label_lon":-87.642707,"label_lat":41.912105},"geometry":{"type":"Polygon","coordinates":[[[-87.636117,41.918473],[-87.631953,41.911704],[-87.631712,41.911292],[-87.631687,41.911217],[-87.631606,41.909474],[-87.631589,41.908441],[-87.631445,41.903901],[-87.639642,41.903772],[-87.639717,41.903872],[-87.639774,41.903919],[-87.649501,41.9109],[-87.648272,41.91092],[-87.648376,41.914752],[-87.648509,41.91818],[-87.636717,41.91835],[-87.63653,41.918357],[-87.636117,41.918473]]]}},{"type":"Feature","properties":{"label":"Belmont Cragin","hover_name":null,"color_index":2,"label_lon":-87.772253,"label_lat":41.92388},"geometry":{"type":"Polygon","coordinates":[[[-87.741648,41.924644],[-87.741335,41.913898],[-87.746009,41.914469],[-87.746006,41.91439],[-87.74702,41.914515],[-87.747724,41.914567],[-87.755087,41.915471],[-87.755454,41.915491],[-87.755886,41.915492],[-87.755883,41.915403],[-87.757515,41.915763],[-87.759247,41.916087],[-87.7632,41.916567],[-87.764123,41.916649],[-87.765226,41.916707],[-87.766396,41.916721],[-87.784393,41.916455],[-87.785271,41.916452],[-87.785811,41.916482],[-87.786214,41.916527],[-87.786637,41.916593],[-87.787033,41.916675],[-87.787422,41.916773],[-87.787834,41.916898],[-87.788957,41.917298],[-87.789417,41.917511],[-87.789636,41.917666],[-87.789745,41.917772],[-87.789935,41.918005],[-87.790077,41.918212],[-87.790192,41.918528],[-87.790227,41.91867],[-87.790255,41.918985],[-87.790693,41.932768],[-87.790586,41.93277],[-87.790769,41.938239],[-87.783992,41.938348],[-87.742175,41.938891],[-87.741648,41.924644]]]}},{"type":"Feature","properties":{"label":"Austin","hover_name":null,"color_index":3,"label_lon":-87.757867,"label_lat":41.884031},"geometry":{"type":"Polygon","coordinates":[[[-87.757515,41.915763],[-87.755883,41.915403],[-87.755886,41.915492],[-87.755454,41.915491],[-87.755087,41.915471],[-87.747724,41.914567],[-87.74702,41.914515],[-87.746006,41.91439],[-87.746009,41.914469],[-87.741335,41.913898],[-87.741285,41.912053],[-87.741343,41.911073],[-87.741324,41.910631],[-87.741377,41.909849],[-87.741367,41.90904],[-87.741411,41.908657],[-87.741354,41.908569],[-87.741164,41.900631],[-87.74134,41.900628],[-87.741342,41.899853],[-87.741325,41.899434],[-87.741232,41.898968],[-87.741212,41.898776],[-87.741119,41.898777],[-87.741074,41.896928],[-87.741021,41.89651],[-87.741098,41.896435],[-87.741165,41.896111],[-87.741163,41.895915],[-87.741065,41.895192],[-87.741071,41.895092],[-87.741028,41.894887],[-87.740581,41.891463],[-87.740749,41.891464],[-87.740694,41.890705],[-87.740212,41.876907],[-87.739515,41.876909],[-87.739453,41.875296],[-87.73939,41.873266],[-87.740085,41.873252],[-87.740009,41.871459],[-87.739977,41.86983],[-87.739889,41.868867],[-87.739766,41.865962],[-87.774139,41.865459],[-87.77427,41.869254],[-87.774286,41.870023],[-87.774276,41.870567],[-87.774343,41.871364],[-87.774419,41.872997],[-87.775591,41.908882],[-87.775599,41.909254],[-87.775251,41.909705],[-87.775245,41.909806],[-87.775471,41.916589],[-87.766396,41.916721],[-87.765226,41.916707],[-87.764618,41.916681],[-87.763814,41.916626],[-87.7632,41.916567],[-87.759247,41.916087],[-87.757515,41.915763]]]}},{"type":"Feature","properties":{"label":"Gold Coast","hover_name":null,"color_index":0,"label_lon":-87.627934,"label_lat":41.906277},"geometry":{"type":"Polygon","coordinates":[[[-87.626566,41.911673],[-87.626405,41.911373],[-87.624706,41.911565],[-87.624465,41.911567],[-87.624663,41.911416],[-87.624687,41.910852],[-87.624725,41.910741],[-87.624802,41.910622],[-87.625017,41.910427],[-87.625095,41.910265],[-87.625145,41.909819],[-87.62509,41.909111],[-87.625019,41.90854],[-87.624809,41.907527],[-87.624596,41.906999],[-87.623572,41.904077],[-87.623723,41.904049],[-87.623607,41.903947],[-87.623169,41.903724],[-87.622874,41.903476],[-87.622591,41.903188],[-87.622296,41.902848],[-87.62193,41.902369],[-87.621858,41.902197],[-87.621868,41.902046],[-87.621397,41.901904],[-87.62057,41.90175],[-87.619876,41.901546],[-87.619638,41.901417],[-87.619414,41.901265],[-87.619125,41.900974],[-87.620767,41.900934],[-87.624679,41.9008],[-87.627511,41.900758],[-87.62809,41.901985],[-87.628321,41.902373],[-87.628661,41.903264],[-87.628678,41.903942],[-87.631445,41.903901],[-87.631589,41.908441],[-87.631606,41.909474],[-87.631682,41.911181],[-87.631382,41.911198],[-87.631006,41.911189],[-87.627125,41.911251],[-87.626941,41.9113],[-87.626865,41.911338],[-87.626566,41.911673]]]}},{"type":"Feature","properties":{"label":"Boystown","hover_name":null,"color_index":0,"label_lon":-87.647807,"label_lat":41.940982},"geometry":{"type":"Polygon","coordinates":[[[-87.64547,41.940021],[-87.649267,41.939981],[-87.649536,41.948947],[-87.649589,41.950439],[-87.649619,41.950643],[-87.64962,41.951198],[-87.64938,41.950846],[-87.647182,41.947195],[-87.644719,41.943165],[-87.644545,41.942871],[-87.644485,41.942728],[-87.6444,41.940045],[-87.64547,41.940021]]]}},{"type":"Feature","properties":{"label":"River North","hover_name":null,"color_index":2,"label_lon":-87.637159,"label_lat":41.898135},"geometry":{"type":"Polygon","coordinates":[[[-87.631445,41.903901],[-87.631223,41.895635],[-87.625481,41.895722],[-87.625327,41.890229],[-87.625295,41.890026],[-87.625288,41.88928],[-87.625202,41.888867],[-87.625664,41.888677],[-87.625987,41.888505],[-87.626356,41.888245],[-87.627265,41.88766],[-87.627617,41.887512],[-87.628238,41.887449],[-87.629284,41.887419],[-87.630785,41.887431],[-87.63223,41.88748],[-87.633372,41.887476],[-87.633774,41.887534],[-87.634266,41.887519],[-87.63484,41.887468],[-87.635619,41.887452],[-87.635797,41.887428],[-87.635975,41.887343],[-87.636844,41.886808],[-87.637087,41.886676],[-87.63727,41.886557],[-87.63744,41.88642],[-87.637588,41.886234],[-87.638392,41.886726],[-87.638564,41.886872],[-87.638765,41.887162],[-87.638848,41.887373],[-87.639064,41.888136],[-87.639202,41.888449],[-87.639278,41.888853],[-87.639435,41.889228],[-87.640122,41.889999],[-87.640669,41.890643],[-87.641092,41.891268],[-87.641192,41.891435],[-87.641267,41.891628],[-87.641506,41.891969],[-87.641927,41.892373],[-87.642131,41.892595],[-87.64245,41.892869],[-87.642716,41.893036],[-87.642943,41.893215],[-87.643215,41.893376],[-87.643553,41.893537],[-87.643777,41.893883],[-87.643977,41.894022],[-87.644075,41.894139],[-87.644121,41.894348],[-87.644232,41.896636],[-87.644432,41.897242],[-87.64478,41.897542],[-87.644886,41.897694],[-87.645408,41.897763],[-87.646315,41.897857],[-87.6479,41.897968],[-87.64879,41.898088],[-87.649398,41.898307],[-87.650863,41.899412],[-87.651355,41.899742],[-87.6519,41.900013],[-87.652195,41.900095],[-87.652477,41.900135],[-87.652576,41.900117],[-87.652907,41.900177],[-87.654507,41.900528],[-87.655381,41.900813],[-87.655888,41.901169],[-87.656161,41.901692],[-87.656185,41.901922],[-87.656474,41.902622],[-87.65734,41.903399],[-87.657497,41.903602],[-87.658157,41.904526],[-87.658289,41.905041],[-87.65817,41.905669],[-87.657752,41.908368],[-87.657691,41.908578],[-87.657517,41.908978],[-87.657486,41.90909],[-87.659229,41.90907],[-87.65895,41.909851],[-87.656937,41.910522],[-87.656851,41.910745],[-87.656861,41.910785],[-87.649501,41.9109],[-87.639774,41.903919],[-87.639717,41.903872],[-87.639642,41.903772],[-87.631445,41.903901]]]}}]}