{"type":"FeatureCollection","features":[{"type":"Feature","properties":{"label":"17","hover_name":null,"color_index":0,"label_lon":-87.724166,"label_lat":41.968111},"geometry":{"type":"Polygon","coordinates":[[[-87.710671,41.997366],[-87.710631,41.997035],[-87.710625,41.996702],[-87.710496,41.995728],[-87.710344,41.994904],[-87.710186,41.994239],[-87.710165,41.994023],[-87.709852,41.99281],[-87.709578,41.991901],[-87.709516,41.991613],[-87.709385,41.991405],[-87.709354,41.991242],[-87.709147,41.990533],[-87.709001,41.990158],[-87.708976,41.989958],[-87.708914,41.989754],[-87.708863,41.989455],[-87.708827,41.989437],[-87.708772,41.989281],[-87.708688,41.988896],[-87.708591,41.988673],[-87.708481,41.988492],[-87.708508,41.988471],[-87.708518,41.988423],[-87.708471,41.988188],[-87.708315,41.987733],[-87.708307,41.987631],[-87.708266,41.987538],[-87.708283,41.98748],[-87.708248,41.987448],[-87.708216,41.987354],[-87.708156,41.987039],[-87.707944,41.986523],[-87.707848,41.986471],[-87.70777,41.986487],[-87.707767,41.986403],[-87.707876,41.986346],[-87.707828,41.98614],[-87.707822,41.986028],[-87.707719,41.985685],[-87.707507,41.985168],[-87.707509,41.984953],[-87.70744,41.984796],[-87.707393,41.984595],[-87.707261,41.984284],[-87.707186,41.983979],[-87.707073,41.983634],[-87.707025,41.983535],[-87.707011,41.983423],[-87.706718,41.98244],[-87.706664,41.982125],[-87.706512,41.981788],[-87.706489,41.981649],[-87.706356,41.981188],[-87.706304,41.981089],[-87.706297,41.98103],[-87.706247,41.980955],[-87.706198,41.980713],[-87.706068,41.980406],[-87.705955,41.979922],[-87.705911,41.979829],[-87.705662,41.979031],[-87.705422,41.978401],[-87.705193,41.97744],[-87.705156,41.977371],[-87.705016,41.976932],[-87.704955,41.976728],[-87.704933,41.976568],[-87.704871,41.976447],[-87.704821,41.976273],[-87.704806,41.976199],[-87.704827,41.976113],[-87.704789,41.976049],[-87.704729,41.975851],[-87.704714,41.975699],[-87.704629,41.975591],[-87.704592,41.97539],[-87.704492,41.9752],[-87.704487,41.975031],[-87.704456,41.974855],[-87.704391,41.97469],[-87.704295,41.974275],[-87.704199,41.973987],[-87.703975,41.973389],[-87.703858,41.973159],[-87.703825,41.973053],[-87.703761,41.972681],[-87.703569,41.971953],[-87.703532,41.971863],[-87.703219,41.971241],[-87.702648,41.97034],[-87.70224,41.969857],[-87.702021,41.969624],[-87.701883,41.969545],[-87.701545,41.969197],[-87.701453,41.969063],[-87.701439,41.968942],[-87.701083,41.968521],[-87.700908,41.96837],[-87.700732,41.968255],[-87.700111,41.96765],[-87.699825,41.96743],[-87.699796,41.967382],[-87.699649,41.967263],[-87.699486,41.967082],[-87.699106,41.966731],[-87.699021,41.96662],[-87.698472,41.966077],[-87.698247,41.96582],[-87.697292,41.96491],[-87.697038,41.964721],[-87.69693,41.964574],[-87.696673,41.964288],[-87.696051,41.963682],[-87.695972,41.963561],[-87.695624,41.963179],[-87.695406,41.962788],[-87.69518,41.962214],[-87.695088,41.96209],[-87.695072,41.96199],[-87.695013,41.961902],[-87.694725,41.96121],[-87.694703,41.961102],[-87.694673,41.960563],[-87.694665,41.960055],[-87.694586,41.959641],[-87.694598,41.959392],[-87.69458,41.959204],[-87.694456,41.958617],[-87.694402,41.958074],[-87.694343,41.957851],[-87.69434,41.957679],[-87.694376,41.957424],[-87.694376,41.95706],[-87.694267,41.95703],[-87.694274,41.95685],[-87.694367,41.956825],[-87.69437,41.956545],[-87.694392,41.956377],[-87.694393,41.95588],[-87.69443,41.955517],[-87.694465,41.95537],[-87.694473,41.955054],[-87.694445,41.955022],[-87.694438,41.95494],[-87.694443,41.954659],[-87.694484,41.954477],[-87.694555,41.953922],[-87.694584,41.953809],[-87.694647,41.953681],[-87.695073,41.953107],[-87.695398,41.952712],[-87.695497,41.952614],[-87.695753,41.952218],[-87.696118,41.951558],[-87.69625,41.951269],[-87.6966,41.950744],[-87.696768,41.950435],[-87.69684,41.95024],[-87.696864,41.950006],[-87.69685,41.949872],[-87.696575,41.948391],[-87.696466,41.947949],[-87.696372,41.947736],[-87.696339,41.947611],[-87.696311,41.947384],[-87.696221,41.947018],[-87.696188,41.946573],[-87.695481,41.943579],[-87.695428,41.943204],[-87.695279,41.942766],[-87.694591,41.941699],[-87.694311,41.941339],[-87.694176,41.941122],[-87.694082,41.941023],[-87.693947,41.940789],[-87.69387,41.940695],[-87.693832,41.940569],[-87.69367,41.940362],[-87.693633,41.940255],[-87.693529,41.940136],[-87.693467,41.940096],[-87.693377,41.939986],[-87.69306,41.939777],[-87.692794,41.939523],[-87.692567,41.939427],[-87.706606,41.939342],[-87.7109,41.939295],[-87.711441,41.939305],[-87.713321,41.939263],[-87.727467,41.939093],[-87.746873,41.938826],[-87.747057,41.946016],[-87.747111,41.946906],[-87.747186,41.949665],[-87.74722,41.949941],[-87.747308,41.953047],[-87.747303,41.95366],[-87.747498,41.959469],[-87.747514,41.960499],[-87.747562,41.960998],[-87.747588,41.962235],[-87.74701,41.962793],[-87.746963,41.9629],[-87.746981,41.962995],[-87.747062,41.96317],[-87.747415,41.963833],[-87.747613,41.964296],[-87.747644,41.964716],[-87.747725,41.967083],[-87.747722,41.968029],[-87.747748,41.968137],[-87.747642,41.968488],[-87.747636,41.968574],[-87.747732,41.968858],[-87.747813,41.969015],[-87.747884,41.969399],[-87.74785,41.969734],[-87.747895,41.970992],[-87.747916,41.972453],[-87.747901,41.972768],[-87.747932,41.973098],[-87.748147,41.980238],[-87.748193,41.980792],[-87.748178,41.98142],[-87.748313,41.985727],[-87.748343,41.997331],[-87.728585,41.99728],[-87.727651,41.997296],[-87.719084,41.997333],[-87.718706,41.997322],[-87.718584,41.997278],[-87.714287,41.997309],[-87.710671,41.997366]]]}},{"type":"Feature","properties":{"label":"20","hover_name":null,"color_index":1,"label_lon":-87.678062,"label_lat":41.979712},"geometry":{"type":"Polygon","coordinates":[[[-87.660294,41.990916],[-87.660266,41.990002],[-87.65945,41.990035],[-87.654305,41.990117],[-87.654289,41.990068],[-87.654202,41.989964],[-87.654193,41.989924],[-87.654233,41.989689],[-87.654227,41.989532],[-87.654198,41.989464],[-87.654196,41.989376],[-87.654238,41.988659],[-87.654231,41.988541],[-87.654244,41.98852],[-87.654304,41.988502],[-87.654308,41.988406],[-87.653679,41.987704],[-87.653466,41.987509],[-87.653092,41.987297],[-87.652664,41.986968],[-87.652262,41.986692],[-87.651926,41.986429],[-87.65159,41.986137],[-87.651405,41.986026],[-87.651056,41.985764],[-87.650665,41.985608],[-87.65028,41.985545],[-87.650138,41.985509],[-87.650048,41.985467],[-87.649894,41.985422],[-87.649396,41.986404],[-87.649352,41.986393],[-87.650221,41.984669],[-87.650365,41.984339],[-87.650539,41.983834],[-87.650683,41.983192],[-87.650724,41.982859],[-87.650741,41.982481],[-87.650705,41.9811],[-87.650669,41.980661],[-87.650608,41.980411],[-87.650555,41.980277],[-87.650221,41.979723],[-87.650384,41.979616],[-87.650439,41.979545],[-87.650475,41.979457],[-87.650281,41.979392],[-87.650233,41.979358],[-87.649765,41.978906],[-87.648774,41.978153],[-87.648651,41.977997],[-87.648604,41.97784],[-87.647543,41.977783],[-87.647369,41.977763],[-87.64712,41.977701],[-87.646965,41.97764],[-87.646822,41.977563],[-87.646691,41.977471],[-87.646145,41.977837],[-87.646115,41.97781],[-87.646662,41.977443],[-87.646477,41.977227],[-87.646393,41.977045],[-87.646366,41.976919],[-87.646262,41.973538],[-87.646207,41.973098],[-87.646143,41.972855],[-87.646005,41.972499],[-87.645689,41.97187],[-87.64545,41.971456],[-87.645027,41.970799],[-87.644306,41.969907],[-87.644918,41.969727],[-87.645063,41.969745],[-87.645163,41.969742],[-87.649465,41.969188],[-87.649844,41.969158],[-87.659216,41.969034],[-87.667753,41.968893],[-87.677537,41.968779],[-87.688617,41.968617],[-87.701083,41.968521],[-87.701439,41.968942],[-87.701453,41.969063],[-87.701545,41.969197],[-87.701883,41.969545],[-87.702021,41.969624],[-87.70224,41.969857],[-87.702648,41.97034],[-87.703219,41.971241],[-87.703569,41.971953],[-87.703761,41.972681],[-87.703825,41.973053],[-87.703858,41.973159],[-87.703975,41.973389],[-87.704199,41.973987],[-87.704295,41.974275],[-87.704391,41.97469],[-87.704456,41.974855],[-87.704487,41.975031],[-87.704492,41.9752],[-87.704592,41.97539],[-87.704629,41.975591],[-87.704714,41.975699],[-87.704729,41.975851],[-87.704789,41.976049],[-87.704827,41.976113],[-87.704806,41.976199],[-87.704821,41.976273],[-87.704871,41.976447],[-87.704933,41.976568],[-87.704955,41.976728],[-87.705016,41.976932],[-87.705156,41.977371],[-87.705193,41.97744],[-87.705422,41.978401],[-87.705662,41.979031],[-87.705911,41.979829],[-87.705955,41.979922],[-87.706068,41.980406],[-87.706198,41.980713],[-87.706247,41.980955],[-87.706297,41.98103],[-87.706304,41.981089],[-87.706356,41.981188],[-87.706489,41.981649],[-87.706512,41.981788],[-87.706664,41.982125],[-87.706718,41.98244],[-87.707011,41.983423],[-87.707025,41.983535],[-87.707073,41.983634],[-87.707186,41.983979],[-87.707261,41.984284],[-87.707393,41.984595],[-87.70744,41.984796],[-87.707509,41.984953],[-87.707507,41.985168],[-87.707719,41.985685],[-87.707822,41.986028],[-87.707828,41.98614],[-87.707876,41.986346],[-87.707767,41.986403],[-87.70777,41.986487],[-87.707848,41.986471],[-87.707944,41.986523],[-87.708156,41.987039],[-87.708216,41.987354],[-87.708248,41.987448],[-87.708283,41.98748],[-87.708266,41.987538],[-87.708307,41.987631],[-87.708315,41.987733],[-87.708471,41.988188],[-87.708518,41.988423],[-87.708508,41.988471],[-87.708481,41.988492],[-87.708591,41.988673],[-87.708688,41.988896],[-87.708772,41.989281],[-87.708827,41.989437],[-87.708863,41.989455],[-87.708914,41.989754],[-87.708976,41.989958],[-87.709001,41.990158],[-87.709093,41.990385],[-87.690063,41.990495],[-87.672548,41.9908],[-87.671786,41.990764],[-87.670385,41.990793],[-87.660294,41.990916]]]}},{"type":"Feature","properties":{"label":"31","hover_name":null,"color_index":0,"label_lon":-87.826314,"label_lat":41.979887},"geometry":{"type":"Polygon","coordinates":[[[-87.828178,41.983842],[-87.828157,41.983687],[-87.828136,41.981921],[-87.82526,41.981961],[-87.825294,41.983068],[-87.82352,41.983093],[-87.824426,41.976075],[-87.833611,41.975921],[-87.833617,41.976893],[-87.829595,41.976958],[-87.829604,41.977336],[-87.830018,41.977329],[-87.830035,41.978005],[-87.830021,41.978059],[-87.830021,41.978417],[-87.829309,41.978426],[-87.82931,41.978456],[-87.828638,41.978462],[-87.828635,41.97884],[-87.828681,41.978839],[-87.828686,41.979127],[-87.828082,41.97913],[-87.828082,41.979305],[-87.828687,41.979299],[-87.828705,41.980256],[-87.828836,41.980254],[-87.828838,41.980598],[-87.833951,41.980507],[-87.835095,41.980503],[-87.835098,41.980835],[-87.834355,41.980846],[-87.83435,41.981156],[-87.835109,41.981149],[-87.835092,41.982659],[-87.835075,41.98267],[-87.834326,41.982683],[-87.833594,41.982657],[-87.833567,41.983245],[-87.833601,41.983577],[-87.833373,41.983688],[-87.83313,41.983687],[-87.832953,41.983708],[-87.82847,41.983775],[-87.828313,41.983789],[-87.828178,41.983842]]]}},{"type":"Feature","properties":{"label":"31","hover_name":null,"color_index":0,"label_lon":-87.81173,"label_lat":41.963803},"geometry":{"type":"Polygon","coordinates":[[[-87.833655,41.975355],[-87.833655,41.974943],[-87.833414,41.974948],[-87.833431,41.97392],[-87.831705,41.973949],[-87.83172,41.973078],[-87.826743,41.973137],[-87.826735,41.974034],[-87.819398,41.974223],[-87.819426,41.974031],[-87.819432,41.973215],[-87.818972,41.973212],[-87.818987,41.970617],[-87.816953,41.97066],[-87.816917,41.974289],[-87.807067,41.974538],[-87.80706,41.973196],[-87.807156,41.96827],[-87.802542,41.968297],[-87.802525,41.968751],[-87.796489,41.968785],[-87.78801,41.968867],[-87.788014,41.968411],[-87.786772,41.968427],[-87.786759,41.968384],[-87.786757,41.96763],[-87.786736,41.967343],[-87.786769,41.96355],[-87.786779,41.963471],[-87.786804,41.963448],[-87.787048,41.963304],[-87.786963,41.963143],[-87.78689,41.962691],[-87.786805,41.960217],[-87.788303,41.960175],[-87.791801,41.960119],[-87.794197,41.960058],[-87.794328,41.96003],[-87.794727,41.959866],[-87.807291,41.953866],[-87.8073,41.953582],[-87.807269,41.952765],[-87.807574,41.952767],[-87.810304,41.952692],[-87.819786,41.952475],[-87.831793,41.952164],[-87.831827,41.954041],[-87.831821,41.955701],[-87.832095,41.957067],[-87.832604,41.959076],[-87.832678,41.959438],[-87.836699,41.95936],[-87.836682,41.966597],[-87.84657,41.966407],[-87.846539,41.968198],[-87.846561,41.96955],[-87.846534,41.97189],[-87.84259,41.97197],[-87.841565,41.971972],[-87.841582,41.970144],[-87.83665,41.970232],[-87.836649,41.971366],[-87.83796,41.971363],[-87.837944,41.973844],[-87.84155,41.973788],[-87.841555,41.974682],[-87.83854,41.974746],[-87.83663,41.974772],[-87.836627,41.975326],[-87.833655,41.975355]]]}},{"type":"Feature","properties":{"label":"19","hover_name":null,"color_index":2,"label_lon":-87.669085,"label_lat":41.947489},"geometry":{"type":"Polygon","coordinates":[[[-87.644918,41.969727],[-87.644306,41.969907],[-87.643672,41.96924],[-87.643146,41.968773],[-87.642628,41.968354],[-87.642744,41.968272],[-87.643013,41.968494],[-87.643272,41.968306],[-87.642965,41.968055],[-87.6429,41.968035],[-87.642802,41.968046],[-87.642616,41.968165],[-87.642669,41.968215],[-87.642558,41.968296],[-87.641973,41.96783],[-87.641679,41.967623],[-87.640486,41.966925],[-87.639,41.966568],[-87.637426,41.966035],[-87.63644,41.965782],[-87.63587,41.965668],[-87.635094,41.96554],[-87.634529,41.965485],[-87.634096,41.965482],[-87.633552,41.965432],[-87.63298,41.965359],[-87.632579,41.965256],[-87.631995,41.965068],[-87.632017,41.965622],[-87.631996,41.965931],[-87.631921,41.966391],[-87.631841,41.966695],[-87.631695,41.967106],[-87.631554,41.967415],[-87.631301,41.967866],[-87.631,41.968302],[-87.630962,41.968421],[-87.630972,41.968504],[-87.631029,41.968622],[-87.631098,41.96869],[-87.631184,41.968739],[-87.631388,41.96879],[-87.631535,41.968785],[-87.631632,41.96876],[-87.631792,41.968664],[-87.631846,41.968599],[-87.631888,41.968507],[-87.631882,41.968352],[-87.631844,41.96828],[-87.631751,41.968187],[-87.63182,41.968146],[-87.631922,41.968249],[-87.631964,41.968329],[-87.631984,41.968413],[-87.631969,41.968541],[-87.631904,41.96866],[-87.631775,41.968769],[-87.631625,41.968832],[-87.631399,41.968858],[-87.63123,41.968832],[-87.63108,41.968769],[-87.630946,41.968657],[-87.630882,41.96854],[-87.630869,41.968414],[-87.630908,41.96829],[-87.631169,41.967927],[-87.631347,41.96763],[-87.631638,41.967015],[-87.631798,41.966531],[-87.631888,41.966076],[-87.631927,41.965458],[-87.631908,41.965103],[-87.63184,41.964645],[-87.631734,41.964234],[-87.631637,41.963972],[-87.631367,41.963367],[-87.631327,41.963111],[-87.631357,41.962968],[-87.631513,41.962723],[-87.631692,41.962558],[-87.63179,41.962497],[-87.63193,41.962437],[-87.632149,41.962396],[-87.632291,41.962352],[-87.633039,41.962044],[-87.633617,41.961896],[-87.633795,41.961787],[-87.633925,41.96173],[-87.634439,41.961423],[-87.634659,41.96126],[-87.635008,41.960962],[-87.635268,41.960697],[-87.635838,41.960166],[-87.636179,41.959942],[-87.636508,41.959754],[-87.636832,41.959608],[-87.636922,41.959582],[-87.637473,41.959497],[-87.63785,41.959483],[-87.638324,41.959497],[-87.638552,41.959512],[-87.639137,41.959603],[-87.640035,41.959791],[-87.640284,41.959206],[-87.640343,41.959219],[-87.640104,41.959804],[-87.640472,41.959884],[-87.640611,41.959946],[-87.640744,41.960034],[-87.640827,41.960127],[-87.640903,41.960278],[-87.640911,41.960449],[-87.64088,41.960551],[-87.640795,41.960683],[-87.640635,41.960819],[-87.640471,41.960892],[-87.640378,41.960904],[-87.640264,41.960894],[-87.640122,41.960832],[-87.639683,41.960584],[-87.639324,41.960403],[-87.639075,41.960328],[-87.638822,41.960287],[-87.638472,41.960276],[-87.638165,41.960308],[-87.637643,41.960403],[-87.637319,41.960493],[-87.637031,41.960602],[-87.636769,41.960726],[-87.636391,41.960936],[-87.636066,41.961171],[-87.63583,41.961384],[-87.635565,41.961695],[-87.635396,41.961944],[-87.635347,41.962038],[-87.635326,41.962134],[-87.63533,41.962307],[-87.635374,41.962429],[-87.63551,41.962615],[-87.635625,41.96271],[-87.635726,41.962768],[-87.635923,41.962845],[-87.63631,41.962888],[-87.636846,41.962876],[-87.637907,41.962754],[-87.637892,41.962694],[-87.638364,41.962642],[-87.638375,41.962696],[-87.64125,41.962338],[-87.641639,41.962224],[-87.641851,41.962099],[-87.642005,41.961972],[-87.64217,41.96176],[-87.64224,41.961621],[-87.642289,41.961451],[-87.642282,41.961185],[-87.642196,41.960957],[-87.641949,41.960678],[-87.641673,41.960444],[-87.641596,41.960347],[-87.641525,41.960183],[-87.641522,41.960091],[-87.641613,41.959396],[-87.641022,41.959351],[-87.641026,41.959297],[-87.641629,41.959331],[-87.641745,41.958364],[-87.641582,41.957664],[-87.641527,41.957143],[-87.641424,41.956592],[-87.641347,41.956291],[-87.641288,41.955856],[-87.641013,41.954761],[-87.640845,41.95425],[-87.640782,41.954177],[-87.640668,41.953892],[-87.640544,41.95345],[-87.640438,41.953252],[-87.640235,41.952744],[-87.640138,41.952568],[-87.639921,41.952033],[-87.639872,41.951893],[-87.639886,41.951864],[-87.639827,41.951721],[-87.639197,41.950367],[-87.63907,41.950133],[-87.639027,41.950095],[-87.639005,41.949977],[-87.638925,41.949879],[-87.638709,41.94944],[-87.638668,41.94923],[-87.638584,41.949116],[-87.638543,41.948984],[-87.638474,41.9489],[-87.638469,41.948853],[-87.638381,41.948662],[-87.638258,41.948439],[-87.638124,41.948251],[-87.637966,41.947921],[-87.63767,41.947469],[-87.637172,41.946784],[-87.637057,41.946673],[-87.636696,41.946203],[-87.63627,41.945689],[-87.635634,41.945003],[-87.635439,41.944783],[-87.635407,41.944726],[-87.63527,41.944615],[-87.63523,41.944543],[-87.635181,41.944507],[-87.634938,41.944233],[-87.634836,41.94416],[-87.634578,41.943898],[-87.634361,41.943724],[-87.634251,41.943596],[-87.633991,41.943354],[-87.633766,41.943174],[-87.633567,41.943044],[-87.63352,41.942971],[-87.63332,41.942765],[-87.633188,41.942653],[-87.633143,41.942569],[-87.633102,41.942427],[-87.633106,41.94236],[-87.633136,41.942304],[-87.633201,41.942251],[-87.633391,41.942175],[-87.633562,41.942186],[-87.633724,41.942249],[-87.633877,41.942387],[-87.634056,41.942913],[-87.634268,41.943109],[-87.634493,41.943191],[-87.634689,41.943214],[-87.634842,41.943183],[-87.635017,41.943111],[-87.635199,41.942985],[-87.635424,41.942911],[-87.63567,41.942905],[-87.63579,41.942928],[-87.635922,41.942979],[-87.636074,41.9431],[-87.636184,41.943243],[-87.636965,41.944897],[-87.636822,41.945045],[-87.637313,41.945752],[-87.637363,41.945793],[-87.638101,41.946035],[-87.638698,41.946201],[-87.638683,41.946241],[-87.638887,41.946311],[-87.639694,41.946333],[-87.639841,41.946374],[-87.639884,41.946396],[-87.639874,41.946416],[-87.639974,41.946455],[-87.640021,41.946397],[-87.640265,41.946519],[-87.6401,41.946716],[-87.640203,41.946761],[-87.640269,41.946698],[-87.640304,41.94672],[-87.640834,41.947369],[-87.641105,41.947604],[-87.641426,41.947805],[-87.641826,41.947993],[-87.641915,41.948012],[-87.642037,41.948007],[-87.64211,41.947967],[-87.642142,41.947903],[-87.642134,41.947858],[-87.64202,41.94768],[-87.641893,41.947531],[-87.641632,41.947285],[-87.641361,41.947043],[-87.640642,41.946464],[-87.640326,41.946176],[-87.640101,41.946008],[-87.640049,41.945947],[-87.640018,41.945878],[-87.640027,41.9458],[-87.640197,41.945516],[-87.640133,41.945444],[-87.640124,41.945381],[-87.640199,41.945293],[-87.640413,41.945239],[-87.640448,41.945187],[-87.6405,41.94501],[-87.64046,41.944832],[-87.639586,41.943596],[-87.63933,41.943522],[-87.639111,41.943373],[-87.638905,41.943181],[-87.638718,41.942939],[-87.638578,41.942684],[-87.638512,41.942507],[-87.638434,41.942124],[-87.638405,41.941775],[-87.638405,41.941428],[-87.638346,41.941288],[-87.638154,41.941001],[-87.638028,41.94087],[-87.637541,41.940284],[-87.637529,41.940288],[-87.637116,41.939826],[-87.63681,41.93978],[-87.636816,41.939758],[-87.636677,41.939743],[-87.636564,41.940204],[-87.636454,41.940187],[-87.636551,41.93974],[-87.636156,41.939749],[-87.635841,41.939777],[-87.6358,41.939611],[-87.635502,41.939713],[-87.635236,41.939893],[-87.634988,41.940149],[-87.634785,41.940674],[-87.634727,41.940993],[-87.6347,41.941414],[-87.634602,41.941537],[-87.634483,41.941588],[-87.634318,41.941613],[-87.634198,41.941593],[-87.634054,41.941519],[-87.633983,41.941396],[-87.63401,41.940845],[-87.633993,41.940664],[-87.634015,41.940551],[-87.634,41.940463],[-87.634008,41.940336],[-87.633977,41.940296],[-87.633955,41.940134],[-87.633773,41.93961],[-87.633738,41.939469],[-87.633743,41.939419],[-87.633629,41.939014],[-87.633452,41.938696],[-87.633327,41.938425],[-87.633168,41.93816],[-87.633053,41.938013],[-87.632876,41.937734],[-87.632432,41.937195],[-87.632327,41.937003],[-87.632188,41.936476],[-87.632206,41.936387],[-87.632101,41.93584],[-87.632043,41.935752],[-87.632028,41.935687],[-87.63196,41.935595],[-87.63192,41.935482],[-87.631875,41.935447],[-87.631721,41.935188],[-87.631592,41.935047],[-87.631448,41.934812],[-87.630707,41.933914],[-87.630504,41.933747],[-87.630443,41.933666],[-87.630424,41.933504],[-87.630472,41.933328],[-87.63053,41.933215],[-87.630612,41.933164],[-87.630713,41.933062],[-87.630705,41.932707],[-87.630692,41.932584],[-87.630662,41.932555],[-87.630664,41.932534],[-87.630709,41.932522],[-87.630762,41.932568],[-87.630773,41.933026],[-87.630731,41.933036],[-87.630731,41.933063],[-87.630908,41.932984],[-87.631384,41.93297],[-87.631384,41.932753],[-87.6314,41.93269],[-87.631441,41.932638],[-87.631518,41.932595],[-87.6316,41.932579],[-87.632102,41.932585],[-87.632105,41.932446],[-87.631539,41.932445],[-87.631397,41.932433],[-87.631255,41.932394],[-87.631281,41.932419],[-87.631152,41.932576],[-87.631072,41.932592],[-87.631052,41.932568],[-87.631062,41.93255],[-87.63111,41.932539],[-87.631239,41.932386],[-87.63103,41.932277],[-87.630929,41.932171],[-87.630855,41.932035],[-87.630839,41.931818],[-87.630893,41.931569],[-87.631049,41.931141],[-87.631148,41.930558],[-87.631166,41.930033],[-87.631155,41.929802],[-87.63108,41.929278],[-87.631078,41.92908],[-87.630911,41.928517],[-87.630734,41.928181],[-87.630471,41.927795],[-87.629791,41.927079],[-87.629639,41.9268],[-87.629599,41.926521],[-87.630683,41.926227],[-87.633017,41.925823],[-87.633962,41.925717],[-87.634178,41.925704],[-87.63555,41.925683],[-87.637618,41.925629],[-87.638622,41.925625],[-87.639731,41.925596],[-87.655307,41.925347],[-87.655889,41.925348],[-87.658001,41.925298],[-87.674476,41.925068],[-87.674513,41.925952],[-87.674555,41.926142],[-87.674746,41.926431],[-87.674938,41.926658],[-87.675831,41.927226],[-87.676524,41.927591],[-87.677202,41.927845],[-87.67779,41.928023],[-87.678289,41.928124],[-87.679705,41.928464],[-87.67984,41.928605],[-87.680805,41.93064],[-87.681294,41.930935],[-87.682149,41.931404],[-87.682842,41.932153],[-87.682841,41.932328],[-87.683058,41.932757],[-87.683433,41.933396],[-87.683531,41.933442],[-87.683983,41.93355],[-87.684089,41.933562],[-87.684269,41.933617],[-87.684365,41.933612],[-87.684554,41.933635],[-87.684656,41.933671],[-87.685001,41.933679],[-87.685158,41.93373],[-87.685258,41.933785],[-87.685493,41.933798],[-87.68567,41.933903],[-87.685884,41.934008],[-87.685968,41.934033],[-87.686825,41.934907],[-87.686827,41.93496],[-87.686924,41.935135],[-87.687028,41.935272],[-87.687401,41.935616],[-87.687673,41.935899],[-87.687825,41.936011],[-87.68815,41.936195],[-87.688527,41.936447],[-87.688912,41.936498],[-87.689248,41.936515],[-87.689411,41.936536],[-87.689431,41.93655],[-87.689986,41.936618],[-87.690115,41.936675],[-87.690367,41.936865],[-87.690413,41.936905],[-87.690717,41.937399],[-87.690781,41.937542],[-87.690872,41.937854],[-87.691057,41.93824],[-87.691486,41.938792],[-87.69167,41.938925],[-87.691903,41.939001],[-87.691935,41.93903],[-87.692079,41.939085],[-87.692234,41.939178],[-87.692343,41.939218],[-87.692443,41.939312],[-87.692439,41.939381],[-87.692662,41.939457],[-87.692794,41.939523],[-87.69306,41.939777],[-87.69331,41.939931],[-87.693467,41.940096],[-87.693529,41.940136],[-87.693633,41.940255],[-87.69367,41.940362],[-87.693832,41.940569],[-87.69387,41.940695],[-87.693947,41.940789],[-87.694082,41.941023],[-87.694176,41.941122],[-87.694311,41.941339],[-87.694591,41.941699],[-87.695279,41.942766],[-87.695428,41.943204],[-87.695481,41.943579],[-87.696188,41.946573],[-87.696221,41.947018],[-87.696311,41.947384],[-87.696353,41.947669],[-87.696466,41.947949],[-87.696575,41.948391],[-87.696828,41.949693],[-87.696864,41.950006],[-87.69684,41.95024],[-87.696768,41.950435],[-87.696538,41.95085],[-87.696402,41.951025],[-87.69625,41.951269],[-87.696118,41.951558],[-87.69579,41.952158],[-87.695497,41.952614],[-87.695398,41.952712],[-87.695073,41.953107],[-87.694647,41.953681],[-87.694584,41.953809],[-87.694555,41.953922],[-87.694484,41.954477],[-87.694443,41.954659],[-87.694438,41.95494],[-87.694445,41.955022],[-87.694473,41.955054],[-87.694465,41.95537],[-87.69443,41.955517],[-87.694393,41.95588],[-87.694392,41.956377],[-87.69437,41.956545],[-87.694367,41.956825],[-87.694274,41.95685],[-87.694267,41.95703],[-87.694376,41.95706],[-87.694376,41.957424],[-87.69434,41.957679],[-87.694343,41.957851],[-87.694402,41.958074],[-87.694456,41.958617],[-87.69458,41.959204],[-87.694598,41.959392],[-87.694586,41.959641],[-87.694665,41.960055],[-87.694673,41.960563],[-87.694713,41.961155],[-87.694759,41.961314],[-87.694845,41.961475],[-87.694935,41.961725],[-87.695013,41.961902],[-87.695072,41.96199],[-87.695088,41.96209],[-87.69518,41.962214],[-87.695477,41.962931],[-87.695624,41.963179],[-87.695972,41.963561],[-87.696051,41.963682],[-87.696673,41.964288],[-87.69693,41.964574],[-87.697038,41.964721],[-87.697292,41.96491],[-87.698247,41.96582],[-87.698472,41.966077],[-87.698957,41.966553],[-87.699106,41.966731],[-87.699486,41.967082],[-87.699558,41.967175],[-87.699765,41.967353],[-87.69987,41.967469],[-87.700111,41.96765],[-87.700732,41.968255],[-87.700908,41.96837],[-87.701076,41.968515],[-87.688617,41.968617],[-87.677537,41.968779],[-87.667753,41.968893],[-87.659216,41.969034],[-87.649844,41.969158],[-87.649465,41.969188],[-87.645163,41.969742],[-87.645063,41.969745],[-87.644918,41.969727]]]}},{"type":"Feature","properties":{"label":"25","hover_name":null,"color_index":2,"label_lon":-87.761509,"label_lat":41.920553},"geometry":{"type":"Polygon","coordinates":[[[-87.717399,41.939216],[-87.717336,41.937528],[-87.716988,41.924346],[-87.71657,41.910762],[-87.716595,41.910472],[-87.716731,41.909872],[-87.716779,41.909265],[-87.716562,41.902754],[-87.726106,41.902676],[-87.745701,41.902356],[-87.765331,41.902148],[-87.775362,41.901998],[-87.775599,41.909254],[-87.781936,41.909174],[-87.786614,41.909132],[-87.800113,41.908953],[-87.802566,41.908932],[-87.805745,41.908839],[-87.805886,41.912373],[-87.806232,41.923464],[-87.806624,41.934511],[-87.81639,41.934313],[-87.816519,41.937939],[-87.810612,41.93799],[-87.806489,41.937999],[-87.795889,41.938155],[-87.783992,41.938348],[-87.746637,41.938828],[-87.731419,41.939041],[-87.717399,41.939216]]]}},{"type":"Feature","properties":{"label":"14","hover_name":null,"color_index":1,"label_lon":-87.692192,"label_lat":41.921089},"geometry":{"type":"Polygon","coordinates":[[[-87.692567,41.939427],[-87.692439,41.939381],[-87.692443,41.939312],[-87.692343,41.939218],[-87.692234,41.939178],[-87.692079,41.939085],[-87.691935,41.93903],[-87.691903,41.939001],[-87.69167,41.938925],[-87.691486,41.938792],[-87.691057,41.93824],[-87.690872,41.937854],[-87.690781,41.937542],[-87.690717,41.937399],[-87.690413,41.936905],[-87.690115,41.936675],[-87.690025,41.936628],[-87.689934,41.936608],[-87.68981,41.936601],[-87.689248,41.936515],[-87.688778,41.936485],[-87.688563,41.936456],[-87.688487,41.936428],[-87.68815,41.936195],[-87.687825,41.936011],[-87.687673,41.935899],[-87.687401,41.935616],[-87.687028,41.935272],[-87.686924,41.935135],[-87.686827,41.93496],[-87.686825,41.934907],[-87.685968,41.934033],[-87.685884,41.934008],[-87.68567,41.933903],[-87.685493,41.933798],[-87.685258,41.933785],[-87.685158,41.93373],[-87.685001,41.933679],[-87.684656,41.933671],[-87.684554,41.933635],[-87.684365,41.933612],[-87.684269,41.933617],[-87.684089,41.933562],[-87.683983,41.93355],[-87.683531,41.933442],[-87.683433,41.933396],[-87.683058,41.932757],[-87.682841,41.932328],[-87.682842,41.932153],[-87.682149,41.931404],[-87.681294,41.930935],[-87.680805,41.93064],[-87.67984,41.928605],[-87.679705,41.928464],[-87.678289,41.928124],[-87.67779,41.928023],[-87.677202,41.927845],[-87.676524,41.927591],[-87.675831,41.927226],[-87.674938,41.926658],[-87.674746,41.926431],[-87.674555,41.926142],[-87.674513,41.925952],[-87.674465,41.924837],[-87.67442,41.92463],[-87.674255,41.92439],[-87.673767,41.923996],[-87.67346,41.923784],[-87.672974,41.923398],[-87.672161,41.922806],[-87.67165,41.922551],[-87.671112,41.922411],[-87.670888,41.922376],[-87.670627,41.922384],[-87.670151,41.922372],[-87.669758,41.922408],[-87.66951,41.922414],[-87.669285,41.922389],[-87.668925,41.922284],[-87.668366,41.922171],[-87.668096,41.92203],[-87.667678,41.921343],[-87.667339,41.920879],[-87.666463,41.920028],[-87.665722,41.91893],[-87.665426,41.918588],[-87.664958,41.918152],[-87.664752,41.917992],[-87.664535,41.917703],[-87.664445,41.917554],[-87.664297,41.917119],[-87.664216,41.916796],[-87.663896,41.91589],[-87.663771,41.915678],[-87.663706,41.915633],[-87.663029,41.915488],[-87.662789,41.915568],[-87.662649,41.915591],[-87.662449,41.915692],[-87.662276,41.915809],[-87.662066,41.91592],[-87.661781,41.916014],[-87.661513,41.916121],[-87.661329,41.916179],[-87.661172,41.916182],[-87.661015,41.91615],[-87.66093,41.916118],[-87.660735,41.91597],[-87.660268,41.915712],[-87.65987,41.915451],[-87.659235,41.915147],[-87.658651,41.914708],[-87.658308,41.914363],[-87.658077,41.914108],[-87.657862,41.913809],[-87.657715,41.913425],[-87.657595,41.912815],[-87.657057,41.911436],[-87.65693,41.911076],[-87.656851,41.910745],[-87.657736,41.908441],[-87.65817,41.905669],[-87.658289,41.905041],[-87.658157,41.904526],[-87.657425,41.903509],[-87.664288,41.90338],[-87.668152,41.903338],[-87.687223,41.903011],[-87.710753,41.902789],[-87.716562,41.902754],[-87.716779,41.909265],[-87.716731,41.909872],[-87.716595,41.910472],[-87.71657,41.910762],[-87.716988,41.924346],[-87.717336,41.937528],[-87.717399,41.939216],[-87.713321,41.939263],[-87.711441,41.939305],[-87.7109,41.939295],[-87.706606,41.939342],[-87.692567,41.939427]]]}},{"type":"Feature","properties":{"label":"31","hover_name":null,"color_index":0,"label_lon":-87.693564,"label_lat":41.695328},"geometry":{"type":"Polygon","coordinates":[[[-87.691231,41.698986],[-87.691002,41.692284],[-87.691708,41.692275],[-87.691706,41.692206],[-87.692105,41.692202],[-87.692089,41.691743],[-87.695897,41.691693],[-87.69615,41.698941],[-87.691231,41.698986]]]}},{"type":"Feature","properties":{"label":"22","hover_name":null,"color_index":1,"label_lon":-87.667237,"label_lat":41.706673},"geometry":{"type":"Polygon","coordinates":[[[-87.639971,41.736156],[-87.635426,41.736178],[-87.63503,41.736114],[-87.634705,41.73603],[-87.63444,41.735979],[-87.634148,41.735975],[-87.633775,41.735947],[-87.633999,41.734368],[-87.633533,41.721592],[-87.633417,41.717953],[-87.632952,41.699754],[-87.632714,41.692471],[-87.632721,41.691428],[-87.632635,41.689512],[-87.632481,41.685204],[-87.661599,41.68482],[-87.661519,41.682894],[-87.661372,41.67789],[-87.66135,41.677628],[-87.661365,41.677544],[-87.671365,41.677351],[-87.678499,41.677229],[-87.679555,41.677228],[-87.680383,41.677244],[-87.681688,41.677301],[-87.68631,41.677205],[-87.685989,41.677914],[-87.685812,41.678401],[-87.68571,41.678843],[-87.68566,41.67929],[-87.685656,41.67959],[-87.685812,41.684475],[-87.695625,41.684333],[-87.695762,41.687992],[-87.697986,41.687945],[-87.699473,41.687933],[-87.699398,41.686147],[-87.700624,41.686136],[-87.700553,41.684263],[-87.705417,41.684187],[-87.705285,41.680579],[-87.706475,41.680557],[-87.707146,41.680553],[-87.707324,41.680566],[-87.709931,41.680548],[-87.710002,41.680534],[-87.710132,41.680462],[-87.711452,41.68044],[-87.711479,41.681357],[-87.711411,41.682273],[-87.711454,41.684094],[-87.727282,41.683856],[-87.736784,41.683665],[-87.737328,41.683669],[-87.73945,41.683632],[-87.739505,41.685438],[-87.739739,41.69086],[-87.736882,41.691013],[-87.736388,41.691028],[-87.721816,41.6913],[-87.720533,41.691315],[-87.720317,41.691285],[-87.720373,41.692215],[-87.720537,41.696496],[-87.72063,41.69835],[-87.720764,41.70245],[-87.720885,41.705008],[-87.721072,41.71069],[-87.721125,41.71317],[-87.712578,41.713297],[-87.712555,41.711485],[-87.711298,41.711491],[-87.711124,41.706074],[-87.707918,41.706101],[-87.70261,41.706178],[-87.701734,41.706173],[-87.701325,41.706178],[-87.701375,41.707052],[-87.696305,41.707151],[-87.691519,41.707203],[-87.691729,41.713566],[-87.682724,41.713667],[-87.681842,41.713662],[-87.682514,41.735527],[-87.673807,41.735654],[-87.672623,41.735651],[-87.67157,41.735678],[-87.663495,41.735783],[-87.64368,41.736074],[-87.643622,41.73607],[-87.643428,41.736004],[-87.639968,41.736031],[-87.639971,41.736156]],[[-87.691231,41.698986],[-87.69615,41.698941],[-87.695897,41.691693],[-87.692089,41.691743],[-87.692105,41.692202],[-87.691706,41.692206],[-87.691708,41.692275],[-87.691002,41.692284],[-87.691231,41.698986]]]}},{"type":"Feature","properties":{"label":"5","hover_name":null,"color_index":2,"label_lon":-87.631451,"label_lat":41.683466},"geometry":{"type":"Polygon","coordinates":[[[-87.591835,41.722248],[-87.585127,41.722339],[-87.585053,41.721684],[-87.58499,41.721352],[-87.584974,41.721006],[-87.584889,41.718319],[-87.584891,41.717626],[-87.584737,41.714295],[-87.584684,41.713607],[-87.584683,41.712491],[-87.584628,41.71125],[-87.584737,41.71029],[-87.584829,41.709815],[-87.584938,41.709418],[-87.585189,41.708771],[-87.585425,41.708291],[-87.585577,41.708032],[-87.585988,41.707416],[-87.586483,41.706815],[-87.586902,41.706387],[-87.587495,41.705827],[-87.586221,41.705881],[-87.587187,41.70542],[-87.587551,41.705199],[-87.587683,41.705096],[-87.589176,41.703846],[-87.589926,41.703184],[-87.591411,41.701799],[-87.592111,41.70111],[-87.592562,41.700637],[-87.593103,41.700027],[-87.593572,41.699456],[-87.594035,41.698852],[-87.594561,41.698087],[-87.595204,41.697043],[-87.596198,41.695199],[-87.59629,41.694961],[-87.596341,41.694697],[-87.596343,41.694441],[-87.596311,41.69407],[-87.596324,41.693898],[-87.596414,41.693583],[-87.596503,41.693363],[-87.6004,41.686127],[-87.600601,41.685723],[-87.600808,41.685222],[-87.601214,41.684094],[-87.601296,41.683818],[-87.60136,41.683506],[-87.601391,41.683166],[-87.601216,41.677053],[-87.601177,41.676492],[-87.601053,41.67583],[-87.600906,41.675342],[-87.600718,41.674853],[-87.600534,41.674468],[-87.600333,41.674113],[-87.600035,41.673663],[-87.599818,41.673377],[-87.595777,41.668671],[-87.594803,41.667492],[-87.593424,41.665886],[-87.593729,41.66586],[-87.593065,41.665095],[-87.592389,41.66428],[-87.590741,41.66241],[-87.59012,41.661652],[-87.588679,41.660031],[-87.587651,41.658806],[-87.584684,41.655366],[-87.582741,41.653084],[-87.582122,41.652384],[-87.580811,41.650837],[-87.580487,41.650424],[-87.579792,41.649405],[-87.579638,41.649144],[-87.579182,41.648161],[-87.578878,41.64738],[-87.578677,41.646699],[-87.578575,41.646254],[-87.578446,41.645518],[-87.578376,41.644688],[-87.589372,41.644712],[-87.589449,41.644651],[-87.592902,41.644639],[-87.593326,41.644619],[-87.595282,41.644596],[-87.598239,41.644612],[-87.613359,41.644609],[-87.617216,41.644584],[-87.617237,41.647625],[-87.61723,41.650276],[-87.618034,41.650374],[-87.620205,41.650847],[-87.621737,41.65141],[-87.622319,41.65191],[-87.622601,41.652419],[-87.622807,41.653058],[-87.622874,41.653818],[-87.622804,41.654581],[-87.622702,41.655306],[-87.622523,41.655728],[-87.622005,41.65641],[-87.620281,41.658082],[-87.619802,41.658814],[-87.619458,41.659537],[-87.619386,41.660061],[-87.619512,41.660787],[-87.619857,41.661141],[-87.620253,41.661366],[-87.622114,41.662169],[-87.623772,41.661859],[-87.624791,41.661394],[-87.625027,41.661325],[-87.626111,41.660844],[-87.626574,41.660542],[-87.62752,41.659844],[-87.628857,41.658802],[-87.629914,41.65818],[-87.631974,41.65732],[-87.63304,41.657083],[-87.63413,41.656958],[-87.635268,41.656918],[-87.6358,41.656932],[-87.636749,41.657007],[-87.638484,41.657183],[-87.639977,41.657313],[-87.640843,41.657501],[-87.641295,41.657521],[-87.642002,41.657421],[-87.643497,41.657317],[-87.644447,41.657305],[-87.645946,41.657236],[-87.647704,41.657024],[-87.647412,41.65825],[-87.647052,41.658297],[-87.64718,41.663159],[-87.641421,41.663245],[-87.641665,41.67054],[-87.658287,41.670288],[-87.658652,41.670285],[-87.658795,41.670335],[-87.659364,41.670318],[-87.66115,41.670335],[-87.661384,41.677308],[-87.661382,41.677447],[-87.66135,41.677628],[-87.661372,41.67789],[-87.661552,41.683881],[-87.661599,41.68482],[-87.632481,41.685204],[-87.632635,41.689512],[-87.632721,41.691428],[-87.632714,41.692471],[-87.632952,41.699754],[-87.633223,41.710695],[-87.633417,41.717953],[-87.633533,41.721592],[-87.625908,41.7217],[-87.625147,41.721696],[-87.624886,41.721622],[-87.623888,41.721633],[-87.623537,41.721717],[-87.622607,41.721747],[-87.605922,41.722032],[-87.604695,41.722045],[-87.60366,41.722039],[-87.601183,41.722105],[-87.595104,41.722197],[-87.593981,41.7222],[-87.591835,41.722248]]]}},{"type":"Feature","properties":{"label":"24","hover_name":null,"color_index":2,"label_lon":-87.68245,"label_lat":42.006492},"geometry":{"type":"Polygon","coordinates":[[[-87.677221,42.023031],[-87.665138,42.022925],[-87.665267,42.022747],[-87.665284,42.022696],[-87.665267,42.022618],[-87.665165,42.022472],[-87.665051,42.022362],[-87.664939,42.022291],[-87.664846,42.022266],[-87.664793,42.022225],[-87.664749,42.022089],[-87.664699,42.022025],[-87.664632,42.021872],[-87.664649,42.021785],[-87.664718,42.021734],[-87.664645,42.02161],[-87.664449,42.021428],[-87.664186,42.021252],[-87.664009,42.021332],[-87.663858,42.020728],[-87.663885,42.020719],[-87.663809,42.02045],[-87.663739,42.02039],[-87.663729,42.020361],[-87.663754,42.020346],[-87.663927,42.020317],[-87.663885,42.020181],[-87.664008,42.020177],[-87.663855,42.019659],[-87.663878,42.019642],[-87.663927,42.019642],[-87.663928,42.019603],[-87.663879,42.019515],[-87.663642,42.019504],[-87.663638,42.019373],[-87.663834,42.019364],[-87.663856,42.019348],[-87.663869,42.019204],[-87.663986,42.019185],[-87.66398,42.019076],[-87.663715,42.018741],[-87.663566,42.018628],[-87.663418,42.018621],[-87.663355,42.018583],[-87.663282,42.018434],[-87.663282,42.018322],[-87.663327,42.018301],[-87.663333,42.018151],[-87.663412,42.018149],[-87.663344,42.017968],[-87.663288,42.017922],[-87.663269,42.017852],[-87.663302,42.01782],[-87.663273,42.017765],[-87.663143,42.017723],[-87.66313,42.017294],[-87.663195,42.01729],[-87.663184,42.017211],[-87.663153,42.017172],[-87.662999,42.017139],[-87.662995,42.017093],[-87.663059,42.016882],[-87.663094,42.016855],[-87.663005,42.016742],[-87.662878,42.016699],[-87.662841,42.016649],[-87.662805,42.016648],[-87.662766,42.016536],[-87.66275,42.016265],[-87.662725,42.016191],[-87.662625,42.016122],[-87.662554,42.016045],[-87.662539,42.015948],[-87.662583,42.015857],[-87.662547,42.015804],[-87.662527,42.015606],[-87.662465,42.015427],[-87.662291,42.015215],[-87.662219,42.015105],[-87.662171,42.014981],[-87.662086,42.014963],[-87.661999,42.014584],[-87.661895,42.014426],[-87.661784,42.014043],[-87.661699,42.013973],[-87.661572,42.013731],[-87.661504,42.013473],[-87.661515,42.013406],[-87.661605,42.01336],[-87.661621,42.01332],[-87.6615,42.013124],[-87.661326,42.01295],[-87.661249,42.012773],[-87.661191,42.01277],[-87.661197,42.012693],[-87.661176,42.012588],[-87.661132,42.012499],[-87.660934,42.012227],[-87.660939,42.012209],[-87.661074,42.012168],[-87.661026,42.012046],[-87.660788,42.011753],[-87.660643,42.01162],[-87.660384,42.011447],[-87.660147,42.01124],[-87.660139,42.011219],[-87.660278,42.011155],[-87.66012,42.010981],[-87.659217,42.01024],[-87.658897,42.009849],[-87.65889,42.009783],[-87.658953,42.00976],[-87.658841,42.009749],[-87.65879,42.00971],[-87.658661,42.00954],[-87.658116,42.009051],[-87.657519,42.008454],[-87.657338,42.008316],[-87.65698,42.008001],[-87.65684,42.007844],[-87.656745,42.00768],[-87.65646,42.007422],[-87.655348,42.006689],[-87.655844,42.006307],[-87.657394,42.006279],[-87.657412,42.006201],[-87.657421,42.005616],[-87.657312,42.005072],[-87.657072,42.004623],[-87.657046,42.004596],[-87.657022,42.004595],[-87.657026,42.004531],[-87.656968,42.004418],[-87.656823,42.00425],[-87.656825,42.004215],[-87.657287,42.004212],[-87.657289,42.003925],[-87.657238,42.003711],[-87.657114,42.003563],[-87.656975,42.003201],[-87.657005,42.003129],[-87.656919,42.002949],[-87.656875,42.002753],[-87.656897,42.0026],[-87.656865,42.002521],[-87.656589,42.002151],[-87.656445,42.002064],[-87.656042,42.00122],[-87.655993,42.001096],[-87.655965,42.000933],[-87.656038,42.000795],[-87.656007,42.00066],[-87.655622,41.99955],[-87.655308,41.99911],[-87.655214,41.99906],[-87.654826,41.998503],[-87.654596,41.998241],[-87.654528,41.998113],[-87.654499,41.997992],[-87.654487,41.997847],[-87.654431,41.997588],[-87.654423,41.997368],[-87.654438,41.997277],[-87.654285,41.996364],[-87.654262,41.995993],[-87.654271,41.995958],[-87.654295,41.995951],[-87.654315,41.995967],[-87.654354,41.996075],[-87.654451,41.996086],[-87.654595,41.996063],[-87.654638,41.996041],[-87.654644,41.995946],[-87.654664,41.995943],[-87.654639,41.995684],[-87.65458,41.99553],[-87.654485,41.99537],[-87.654498,41.995272],[-87.654485,41.995128],[-87.654559,41.994956],[-87.654557,41.994763],[-87.6546,41.994531],[-87.654391,41.994533],[-87.654361,41.994295],[-87.6543,41.994265],[-87.654266,41.994108],[-87.654259,41.993966],[-87.65428,41.993881],[-87.654433,41.993861],[-87.654505,41.993668],[-87.654506,41.993657],[-87.654449,41.993654],[-87.654471,41.993626],[-87.654472,41.993572],[-87.654466,41.99348],[-87.654451,41.993478],[-87.654455,41.993464],[-87.654511,41.99346],[-87.654527,41.993392],[-87.654286,41.99308],[-87.654257,41.993064],[-87.6541,41.993051],[-87.654093,41.993006],[-87.654149,41.992584],[-87.65421,41.992371],[-87.6543,41.991814],[-87.654325,41.990996],[-87.654413,41.990993],[-87.654382,41.990925],[-87.654238,41.990867],[-87.654189,41.990292],[-87.654187,41.990216],[-87.654209,41.990167],[-87.654299,41.990133],[-87.654305,41.990117],[-87.65945,41.990035],[-87.660266,41.990002],[-87.660294,41.990916],[-87.670385,41.990793],[-87.671786,41.990764],[-87.672548,41.9908],[-87.690063,41.990495],[-87.709093,41.990385],[-87.709354,41.991242],[-87.709385,41.991405],[-87.709516,41.991613],[-87.709578,41.991901],[-87.709852,41.99281],[-87.710165,41.994023],[-87.710186,41.994239],[-87.710344,41.994904],[-87.710512,41.995829],[-87.710625,41.996702],[-87.710631,41.997035],[-87.710671,41.997366],[-87.709344,41.997389],[-87.70937,42.00122],[-87.709359,42.003985],[-87.709193,42.010427],[-87.709077,42.01152],[-87.709057,42.011861],[-87.709021,42.013401],[-87.708771,42.014512],[-87.708662,42.019144],[-87.704504,42.019235],[-87.704143,42.019227],[-87.689991,42.019531],[-87.67728,42.019427],[-87.677079,42.019408],[-87.67607,42.019395],[-87.673184,42.019386],[-87.677104,42.022552],[-87.677221,42.023031]]]}},{"type":"Feature","properties":{"label":"16","hover_name":null,"color_index":1,"label_lon":-87.786123,"label_lat":41.978119},"geometry":{"type":"Polygon","coordinates":[[[-87.806547,42.018965],[-87.806759,42.000853],[-87.805388,42.000859],[-87.805309,42.000904],[-87.805295,42.001498],[-87.801103,42.00154],[-87.801104,42.000872],[-87.799643,42.000869],[-87.799481,41.999985],[-87.797142,42.000005],[-87.797126,42.000051],[-87.797124,42.00094],[-87.791166,42.00098],[-87.790675,42.00043],[-87.782003,42.004498],[-87.782236,42.00465],[-87.782551,42.004894],[-87.782769,42.005085],[-87.783103,42.005423],[-87.788723,42.011997],[-87.787786,42.012008],[-87.787235,42.011992],[-87.782071,42.011998],[-87.781538,42.012009],[-87.779266,42.011992],[-87.779161,42.015612],[-87.776939,42.015588],[-87.776944,42.011982],[-87.773349,42.011958],[-87.769869,42.005247],[-87.768879,42.004729],[-87.767855,42.004253],[-87.767715,42.00423],[-87.765795,42.003325],[-87.765475,42.003726],[-87.767556,42.00469],[-87.767514,42.008399],[-87.761663,42.008354],[-87.761859,42.003543],[-87.761885,42.00324],[-87.761953,42.002657],[-87.761993,42.002489],[-87.76227,42.001687],[-87.761433,42.001316],[-87.758653,42.000018],[-87.75662,41.999048],[-87.756367,41.998944],[-87.755465,41.998524],[-87.753062,41.997387],[-87.752266,41.997385],[-87.752149,41.997345],[-87.748343,41.997331],[-87.748313,41.985727],[-87.748178,41.98142],[-87.748193,41.980792],[-87.748147,41.980238],[-87.747932,41.973098],[-87.747901,41.972768],[-87.747916,41.972453],[-87.747895,41.970992],[-87.74785,41.969734],[-87.747884,41.969399],[-87.747813,41.969015],[-87.747732,41.968858],[-87.747636,41.968574],[-87.747642,41.968488],[-87.747748,41.968137],[-87.747722,41.968029],[-87.747725,41.967083],[-87.747644,41.964716],[-87.747613,41.964296],[-87.747415,41.963833],[-87.747062,41.96317],[-87.746981,41.962995],[-87.746963,41.9629],[-87.74701,41.962793],[-87.747588,41.962235],[-87.747562,41.960998],[-87.747514,41.960499],[-87.747498,41.959469],[-87.747303,41.95366],[-87.747308,41.953047],[-87.74722,41.949941],[-87.747186,41.949665],[-87.747111,41.946906],[-87.747057,41.946016],[-87.746873,41.938826],[-87.783992,41.938348],[-87.795889,41.938155],[-87.806489,41.937999],[-87.810612,41.93799],[-87.816301,41.937947],[-87.825371,41.937761],[-87.826569,41.937749],[-87.832851,41.937624],[-87.834141,41.937583],[-87.838135,41.93752],[-87.849621,41.937285],[-87.849778,41.93743],[-87.850187,41.937751],[-87.85066,41.938079],[-87.851412,41.938705],[-87.851643,41.938952],[-87.851806,41.93917],[-87.852112,41.93979],[-87.852267,41.940413],[-87.852532,41.941258],[-87.852742,41.941821],[-87.852955,41.942268],[-87.853076,41.942601],[-87.853096,41.94288],[-87.853024,41.943107],[-87.853013,41.943351],[-87.853047,41.94344],[-87.853261,41.943763],[-87.853583,41.945044],[-87.853822,41.945843],[-87.854082,41.946557],[-87.854871,41.947795],[-87.854976,41.948034],[-87.855004,41.948199],[-87.855017,41.948464],[-87.855013,41.948942],[-87.854936,41.949484],[-87.854664,41.950085],[-87.854533,41.950301],[-87.854246,41.950921],[-87.853969,41.951812],[-87.853914,41.952108],[-87.853919,41.952271],[-87.853952,41.952398],[-87.854189,41.952981],[-87.854382,41.953285],[-87.85475,41.953761],[-87.854991,41.95402],[-87.855245,41.954199],[-87.855747,41.954495],[-87.856044,41.954636],[-87.856393,41.954759],[-87.857313,41.95503],[-87.857577,41.955127],[-87.857976,41.955364],[-87.85825,41.955579],[-87.858446,41.955858],[-87.858587,41.956143],[-87.858636,41.956386],[-87.858708,41.956595],[-87.858775,41.956933],[-87.858782,41.957244],[-87.858758,41.957416],[-87.858718,41.957541],[-87.858132,41.958342],[-87.857577,41.95919],[-87.857416,41.959559],[-87.85703,41.960196],[-87.856475,41.961227],[-87.856299,41.961591],[-87.85582,41.962415],[-87.855677,41.962844],[-87.855506,41.964456],[-87.855443,41.964709],[-87.855301,41.965119],[-87.854968,41.965949],[-87.854867,41.966359],[-87.854772,41.966913],[-87.854777,41.9672],[-87.85498,41.96793],[-87.855037,41.968329],[-87.855029,41.968708],[-87.854777,41.96943],[-87.854323,41.970298],[-87.854236,41.97056],[-87.854173,41.970785],[-87.854136,41.971001],[-87.854135,41.971168],[-87.854188,41.971432],[-87.854271,41.971621],[-87.854467,41.971895],[-87.854598,41.972039],[-87.854979,41.972341],[-87.855158,41.972458],[-87.855362,41.972517],[-87.855841,41.972586],[-87.856063,41.972578],[-87.856592,41.97246],[-87.857043,41.972314],[-87.857464,41.972149],[-87.857833,41.971974],[-87.858387,41.971614],[-87.858676,41.971466],[-87.858795,41.971432],[-87.858922,41.971422],[-87.859405,41.971495],[-87.859746,41.971597],[-87.860106,41.971756],[-87.860426,41.971929],[-87.860852,41.972224],[-87.861111,41.972419],[-87.861448,41.972718],[-87.861701,41.972988],[-87.861803,41.973126],[-87.861902,41.973321],[-87.868482,41.973155],[-87.868826,41.97317],[-87.869887,41.973124],[-87.880773,41.972855],[-87.880835,41.965504],[-87.880788,41.9572],[-87.881633,41.957111],[-87.883828,41.957362],[-87.883846,41.9573],[-87.885629,41.95754],[-87.885629,41.957486],[-87.890266,41.958096],[-87.892899,41.958051],[-87.892877,41.950794],[-87.903776,41.950618],[-87.914747,41.952875],[-87.914773,41.954341],[-87.914798,41.954713],[-87.914892,41.955456],[-87.915044,41.956194],[-87.915228,41.956845],[-87.915849,41.957159],[-87.916327,41.955092],[-87.915964,41.955091],[-87.91594,41.952272],[-87.922147,41.953832],[-87.922148,41.953779],[-87.925558,41.954614],[-87.926345,41.954654],[-87.934205,41.955971],[-87.939472,41.956794],[-87.93947,41.95839],[-87.939122,41.95839],[-87.939243,41.958717],[-87.939314,41.95899],[-87.939358,41.959269],[-87.939376,41.959534],[-87.93936,41.964284],[-87.939718,41.964285],[-87.939713,41.978636],[-87.939858,41.990153],[-87.939878,41.990488],[-87.93993,41.993491],[-87.938801,41.993533],[-87.938571,41.994559],[-87.938284,41.995487],[-87.937915,41.996403],[-87.937452,41.997341],[-87.937081,41.997967],[-87.936668,41.998593],[-87.936242,41.999174],[-87.935906,41.999595],[-87.935409,42.000166],[-87.934655,42.000902],[-87.934286,42.001237],[-87.934297,42.001729],[-87.935144,42.000889],[-87.935512,42.000481],[-87.935986,42.000014],[-87.936615,41.999233],[-87.93708,41.998586],[-87.94002,41.998107],[-87.940114,42.000789],[-87.935238,42.000887],[-87.935097,42.001027],[-87.935288,42.008151],[-87.93358,42.008174],[-87.933563,42.008019],[-87.933506,42.005565],[-87.933485,42.005424],[-87.930326,42.004995],[-87.930333,42.005158],[-87.929251,42.004996],[-87.925454,42.007715],[-87.922559,42.005866],[-87.920857,42.003883],[-87.920595,42.003885],[-87.920612,42.004952],[-87.913771,42.005075],[-87.91377,42.008705],[-87.91331,42.008721],[-87.913306,42.006258],[-87.91303,42.006268],[-87.913027,42.005088],[-87.911335,42.005118],[-87.911334,42.005095],[-87.908274,42.005208],[-87.908274,42.005227],[-87.907674,42.005249],[-87.90768,42.008922],[-87.90575,42.008991],[-87.902383,42.008091],[-87.902384,42.007916],[-87.899162,42.00705],[-87.898354,42.006793],[-87.897564,42.006495],[-87.895983,42.005785],[-87.895983,42.005647],[-87.895763,42.005654],[-87.895763,42.005877],[-87.895309,42.005669],[-87.894295,42.005702],[-87.894346,42.002708],[-87.893547,42.002737],[-87.893578,42.003332],[-87.893229,42.003344],[-87.893265,42.003942],[-87.89189,42.003987],[-87.889997,42.003227],[-87.890265,42.002853],[-87.890382,42.00285],[-87.890385,42.0023],[-87.894355,42.00217],[-87.894357,42.00206],[-87.899236,42.001899],[-87.902406,42.003615],[-87.902404,42.004027],[-87.90406,42.003973],[-87.904062,42.00356],[-87.903115,42.00342],[-87.899543,42.001477],[-87.897441,42.001546],[-87.897458,42.000532],[-87.89297,41.999913],[-87.890811,41.999572],[-87.890753,41.99961],[-87.889828,41.999447],[-87.889398,41.999388],[-87.886751,41.998866],[-87.88496,41.998463],[-87.884955,41.998297],[-87.884533,41.998195],[-87.884543,41.995099],[-87.880355,41.99523],[-87.876911,41.985669],[-87.875857,41.985701],[-87.875863,41.982939],[-87.874894,41.980247],[-87.875022,41.980244],[-87.873731,41.976657],[-87.875883,41.976603],[-87.875893,41.973881],[-87.873008,41.973953],[-87.872976,41.973863],[-87.872576,41.973873],[-87.872646,41.973962],[-87.868605,41.974054],[-87.868607,41.973798],[-87.867837,41.973815],[-87.867839,41.973983],[-87.867492,41.973991],[-87.867493,41.973728],[-87.862008,41.973861],[-87.862008,41.97431],[-87.861758,41.975168],[-87.861684,41.975349],[-87.861245,41.976001],[-87.861021,41.976229],[-87.860675,41.976539],[-87.859964,41.976993],[-87.859379,41.977566],[-87.858456,41.978664],[-87.856274,41.980462],[-87.85604,41.980807],[-87.855877,41.981099],[-87.855784,41.981697],[-87.85578,41.982163],[-87.855971,41.982802],[-87.856234,41.983482],[-87.856572,41.984146],[-87.856639,41.984319],[-87.856648,41.984432],[-87.856645,41.984663],[-87.856571,41.985022],[-87.856471,41.985363],[-87.85636,41.985994],[-87.856306,41.986154],[-87.856088,41.986617],[-87.855874,41.987153],[-87.855582,41.987737],[-87.855537,41.987943],[-87.855568,41.988189],[-87.855681,41.988663],[-87.855766,41.988927],[-87.855835,41.989052],[-87.855502,41.988944],[-87.85483,41.98876],[-87.854122,41.988648],[-87.853607,41.988599],[-87.851327,41.988492],[-87.850583,41.988426],[-87.849531,41.988298],[-87.845365,41.987681],[-87.844404,41.987521],[-87.843836,41.987456],[-87.841742,41.987135],[-87.838925,41.986727],[-87.837657,41.986519],[-87.836581,41.986396],[-87.823327,41.984509],[-87.822164,41.993112],[-87.82177,41.995428],[-87.821404,41.996922],[-87.821381,42.000546],[-87.821338,42.003924],[-87.821322,42.004034],[-87.821405,42.00741],[-87.821318,42.007481],[-87.821307,42.007543],[-87.821253,42.011357],[-87.819729,42.011386],[-87.819738,42.011952],[-87.820108,42.011946],[-87.820074,42.01411],[-87.820081,42.015556],[-87.821215,42.015544],[-87.821202,42.018642],[-87.806547,42.018965]],[[-87.833655,41.975355],[-87.836627,41.975326],[-87.83663,41.974772],[-87.83854,41.974746],[-87.841555,41.974682],[-87.84155,41.973788],[-87.837944,41.973844],[-87.83796,41.971363],[-87.836649,41.971366],[-87.83665,41.970232],[-87.841582,41.970144],[-87.841565,41.971972],[-87.84259,41.97197],[-87.846534,41.97189],[-87.846561,41.96955],[-87.846539,41.968198],[-87.84657,41.966407],[-87.836682,41.966597],[-87.836699,41.95936],[-87.832678,41.959438],[-87.832604,41.959076],[-87.832095,41.957067],[-87.831821,41.955701],[-87.831827,41.954041],[-87.831793,41.952164],[-87.819786,41.952475],[-87.810304,41.952692],[-87.807574,41.952767],[-87.807269,41.952765],[-87.8073,41.953582],[-87.807291,41.953866],[-87.794727,41.959866],[-87.794328,41.96003],[-87.794197,41.960058],[-87.791801,41.960119],[-87.788303,41.960175],[-87.786805,41.960217],[-87.78689,41.962691],[-87.786963,41.963143],[-87.787048,41.963304],[-87.786804,41.963448],[-87.786779,41.963471],[-87.786769,41.96355],[-87.786736,41.967343],[-87.786757,41.96763],[-87.786759,41.968384],[-87.786772,41.968427],[-87.788014,41.968411],[-87.78801,41.968867],[-87.796489,41.968785],[-87.802525,41.968751],[-87.802542,41.968297],[-87.807156,41.96827],[-87.80706,41.973196],[-87.807067,41.974538],[-87.816917,41.974289],[-87.816953,41.97066],[-87.818987,41.970617],[-87.818972,41.973212],[-87.819432,41.973215],[-87.819426,41.974031],[-87.819398,41.974223],[-87.826735,41.974034],[-87.826743,41.973137],[-87.83172,41.973078],[-87.831705,41.973949],[-87.833431,41.97392],[-87.833414,41.974948],[-87.833655,41.974943],[-87.833655,41.975355]],[[-87.828178,41.983842],[-87.828313,41.983789],[-87.82847,41.983775],[-87.832953,41.983708],[-87.83313,41.983687],[-87.833373,41.983688],[-87.833601,41.983577],[-87.833567,41.983245],[-87.833594,41.982657],[-87.834326,41.982683],[-87.835075,41.98267],[-87.835092,41.982659],[-87.835109,41.981149],[-87.83435,41.981156],[-87.834355,41.980846],[-87.835098,41.980835],[-87.835095,41.980503],[-87.833951,41.980507],[-87.828838,41.980598],[-87.828836,41.980254],[-87.828705,41.980256],[-87.828687,41.979299],[-87.828082,41.979305],[-87.828082,41.97913],[-87.828686,41.979127],[-87.828681,41.978839],[-87.828635,41.97884],[-87.828638,41.978462],[-87.82931,41.978456],[-87.829309,41.978426],[-87.830021,41.978417],[-87.830021,41.978059],[-87.830035,41.978005],[-87.830018,41.977329],[-87.829604,41.977336],[-87.829595,41.976958],[-87.833617,41.976893],[-87.833611,41.975921],[-87.824426,41.976075],[-87.82352,41.983093],[-87.825294,41.983068],[-87.82526,41.981961],[-87.828136,41.981921],[-87.828157,41.983687],[-87.828178,41.983842]]]}},{"type":"Feature","properties":{"label":"8","hover_name":null,"color_index":2,"label_lon":-87.740066,"label_lat":41.781706},"geometry":{"type":"Polygon","coordinates":[[[-87.714416,41.828614],[-87.714303,41.826055],[-87.714323,41.824194],[-87.714275,41.822448],[-87.70444,41.82259],[-87.704516,41.822394],[-87.704528,41.822226],[-87.703965,41.807853],[-87.703554,41.793514],[-87.684315,41.793862],[-87.684042,41.793877],[-87.68403,41.793431],[-87.679283,41.793496],[-87.679171,41.786564],[-87.678978,41.779241],[-87.678846,41.775641],[-87.678829,41.772013],[-87.678792,41.7702],[-87.678731,41.768384],[-87.678768,41.764754],[-87.678562,41.757164],[-87.678318,41.750166],[-87.678276,41.747676],[-87.678352,41.746861],[-87.678525,41.746298],[-87.678901,41.745691],[-87.67939,41.74526],[-87.680053,41.744871],[-87.680903,41.744594],[-87.681744,41.744498],[-87.682715,41.744483],[-87.682514,41.735527],[-87.700485,41.73522],[-87.701244,41.73521],[-87.701471,41.73522],[-87.702151,41.735187],[-87.702798,41.735175],[-87.709157,41.735084],[-87.713991,41.734987],[-87.725956,41.73478],[-87.72716,41.734734],[-87.738258,41.734549],[-87.738607,41.734566],[-87.739527,41.73456],[-87.741067,41.734524],[-87.740936,41.735807],[-87.740933,41.736865],[-87.741304,41.747646],[-87.741307,41.748369],[-87.74132,41.74872],[-87.741392,41.749524],[-87.741413,41.750668],[-87.741466,41.751781],[-87.741467,41.752278],[-87.741497,41.752671],[-87.741497,41.753445],[-87.741533,41.754697],[-87.74169,41.758937],[-87.741779,41.760463],[-87.741785,41.761284],[-87.741855,41.762589],[-87.742034,41.770397],[-87.742165,41.77478],[-87.743076,41.77475],[-87.746904,41.77467],[-87.761583,41.774388],[-87.762861,41.77438],[-87.781897,41.773998],[-87.800806,41.773698],[-87.800821,41.774052],[-87.800777,41.774137],[-87.800775,41.774203],[-87.800831,41.775471],[-87.800777,41.775533],[-87.800964,41.776368],[-87.800886,41.776568],[-87.800872,41.776948],[-87.800924,41.77761],[-87.800956,41.778464],[-87.801011,41.779135],[-87.801024,41.780219],[-87.801538,41.792195],[-87.801615,41.794815],[-87.801606,41.79576],[-87.801533,41.798073],[-87.797154,41.799419],[-87.795271,41.799434],[-87.794472,41.799463],[-87.79405,41.799453],[-87.793335,41.799472],[-87.792824,41.799465],[-87.790969,41.799508],[-87.789625,41.799565],[-87.787939,41.799607],[-87.783109,41.799675],[-87.781794,41.799669],[-87.774845,41.799808],[-87.772077,41.79989],[-87.764793,41.800037],[-87.762873,41.800063],[-87.762226,41.800053],[-87.752736,41.800187],[-87.75308,41.813415],[-87.744999,41.815958],[-87.744901,41.819096],[-87.743811,41.819424],[-87.743207,41.819512],[-87.742852,41.819545],[-87.741552,41.820031],[-87.740497,41.820322],[-87.739255,41.82077],[-87.738162,41.821144],[-87.736313,41.821634],[-87.734773,41.822117],[-87.734401,41.822255],[-87.733644,41.822504],[-87.731361,41.82318],[-87.728959,41.824014],[-87.726499,41.824804],[-87.725505,41.825143],[-87.725106,41.825253],[-87.724327,41.825516],[-87.724059,41.825628],[-87.723089,41.825899],[-87.721647,41.826273],[-87.720701,41.826604],[-87.719463,41.826979],[-87.717526,41.827609],[-87.715198,41.828342],[-87.714416,41.828614]]]}},{"type":"Feature","properties":{"label":"18","hover_name":null,"color_index":3,"label_lon":-87.641211,"label_lat":41.906277},"geometry":{"type":"Polygon","coordinates":[[[-87.630683,41.926227],[-87.629599,41.926521],[-87.629603,41.92635],[-87.629629,41.926223],[-87.629706,41.926092],[-87.629876,41.92616],[-87.630177,41.925886],[-87.630271,41.925767],[-87.63027,41.92543],[-87.630231,41.924987],[-87.630146,41.924417],[-87.630084,41.924154],[-87.63008,41.924037],[-87.629938,41.923547],[-87.629903,41.923482],[-87.629581,41.923199],[-87.629273,41.922997],[-87.629003,41.92275],[-87.628383,41.923118],[-87.628336,41.923074],[-87.629268,41.922521],[-87.629304,41.922551],[-87.629486,41.922441],[-87.62948,41.922397],[-87.629427,41.922286],[-87.629258,41.922042],[-87.628988,41.921692],[-87.6289,41.921601],[-87.628852,41.921483],[-87.62868,41.921294],[-87.628536,41.921033],[-87.627757,41.921405],[-87.627728,41.921397],[-87.627705,41.921368],[-87.628761,41.920857],[-87.628795,41.92089],[-87.628934,41.920821],[-87.628928,41.920781],[-87.628917,41.920729],[-87.628731,41.920374],[-87.628561,41.920123],[-87.628427,41.919978],[-87.628175,41.919783],[-87.627956,41.919505],[-87.62735,41.9198],[-87.627325,41.919747],[-87.628365,41.91924],[-87.628397,41.919272],[-87.628436,41.919239],[-87.628436,41.919219],[-87.628406,41.919142],[-87.628294,41.919025],[-87.628152,41.918804],[-87.627893,41.918528],[-87.627494,41.918219],[-87.627354,41.918003],[-87.626832,41.918301],[-87.6268,41.918251],[-87.627856,41.917643],[-87.627891,41.917673],[-87.627918,41.917631],[-87.62789,41.917571],[-87.627582,41.917215],[-87.627354,41.917057],[-87.627085,41.916838],[-87.626935,41.916691],[-87.626846,41.916562],[-87.626771,41.91651],[-87.626705,41.916435],[-87.626093,41.916836],[-87.626044,41.916794],[-87.626813,41.916286],[-87.626632,41.916134],[-87.626288,41.915758],[-87.626086,41.915633],[-87.625921,41.915586],[-87.6258,41.91553],[-87.625644,41.915367],[-87.625451,41.915225],[-87.625093,41.914899],[-87.624867,41.914725],[-87.624547,41.914547],[-87.624339,41.914385],[-87.624025,41.914176],[-87.623536,41.913952],[-87.623269,41.913807],[-87.622906,41.913681],[-87.622427,41.913573],[-87.621889,41.913535],[-87.621624,41.913533],[-87.621094,41.913605],[-87.620773,41.913771],[-87.620617,41.913793],[-87.620553,41.91376],[-87.62052,41.913715],[-87.620486,41.91361],[-87.620494,41.913562],[-87.620565,41.913432],[-87.620572,41.91337],[-87.620442,41.913489],[-87.620374,41.913575],[-87.620292,41.913709],[-87.620212,41.913907],[-87.62019,41.914085],[-87.620208,41.914556],[-87.62024,41.914626],[-87.620306,41.914703],[-87.620467,41.914794],[-87.620615,41.914822],[-87.620742,41.91482],[-87.620841,41.914798],[-87.620955,41.914749],[-87.620989,41.914785],[-87.620879,41.914835],[-87.620773,41.914862],[-87.620662,41.914871],[-87.620497,41.914852],[-87.620378,41.914809],[-87.620292,41.914757],[-87.620173,41.914618],[-87.62014,41.914497],[-87.620132,41.914126],[-87.620166,41.913857],[-87.620294,41.913589],[-87.620442,41.913413],[-87.620564,41.913309],[-87.620857,41.913138],[-87.621261,41.912998],[-87.621587,41.912934],[-87.622092,41.912896],[-87.622323,41.912863],[-87.622634,41.912787],[-87.622934,41.912674],[-87.62329,41.91247],[-87.624663,41.911416],[-87.624653,41.911142],[-87.624703,41.910796],[-87.624802,41.910622],[-87.624987,41.910463],[-87.625041,41.91039],[-87.625116,41.91018],[-87.625143,41.909916],[-87.62509,41.909111],[-87.625019,41.90854],[-87.624809,41.907527],[-87.624596,41.906999],[-87.623572,41.904077],[-87.623723,41.904049],[-87.623607,41.903947],[-87.623169,41.903724],[-87.622874,41.903476],[-87.622591,41.903188],[-87.622296,41.902848],[-87.62193,41.902369],[-87.621858,41.902197],[-87.621868,41.902046],[-87.621397,41.901904],[-87.62057,41.90175],[-87.619876,41.901546],[-87.619486,41.901317],[-87.619235,41.901099],[-87.619035,41.900857],[-87.617201,41.898064],[-87.616362,41.896882],[-87.614907,41.894671],[-87.613686,41.893129],[-87.61337,41.893233],[-87.612867,41.893362],[-87.612623,41.893409],[-87.612555,41.893413],[-87.61203,41.893327],[-87.611851,41.893582],[-87.610383,41.895927],[-87.610271,41.896098],[-87.610154,41.896228],[-87.610027,41.896244],[-87.608194,41.896276],[-87.607976,41.896273],[-87.607934,41.896267],[-87.607904,41.896244],[-87.607871,41.896255],[-87.607607,41.896245],[-87.607573,41.896256],[-87.606749,41.896268],[-87.606689,41.896235],[-87.606553,41.896237],[-87.606554,41.896283],[-87.605865,41.896296],[-87.605863,41.89625],[-87.605727,41.896249],[-87.605667,41.896285],[-87.605185,41.896289],[-87.605082,41.896317],[-87.604961,41.896331],[-87.604217,41.896327],[-87.603127,41.896364],[-87.602426,41.896371],[-87.60237,41.896343],[-87.602343,41.896224],[-87.602293,41.893314],[-87.602352,41.893265],[-87.609822,41.893146],[-87.609796,41.892221],[-87.600911,41.892365],[-87.600911,41.892408],[-87.600749,41.892445],[-87.600592,41.892415],[-87.600582,41.89224],[-87.598549,41.892274],[-87.598524,41.89145],[-87.600567,41.891415],[-87.600561,41.891112],[-87.600685,41.891078],[-87.600753,41.891077],[-87.600846,41.891108],[-87.600887,41.891107],[-87.60089,41.891151],[-87.609535,41.891013],[-87.609486,41.88939],[-87.607665,41.889369],[-87.607642,41.889351],[-87.607637,41.889283],[-87.607664,41.889258],[-87.607707,41.889257],[-87.607671,41.889226],[-87.607653,41.888674],[-87.607566,41.888675],[-87.607514,41.88864],[-87.605438,41.888673],[-87.605433,41.888709],[-87.605199,41.888715],[-87.605146,41.888677],[-87.604718,41.888677],[-87.604673,41.888627],[-87.604712,41.888575],[-87.60781,41.888516],[-87.607819,41.888615],[-87.607869,41.888615],[-87.607873,41.888725],[-87.607823,41.888727],[-87.607833,41.889247],[-87.611283,41.889274],[-87.611272,41.889379],[-87.611413,41.889845],[-87.611458,41.890629],[-87.613391,41.890576],[-87.613513,41.890566],[-87.613536,41.890538],[-87.613611,41.890406],[-87.613661,41.890224],[-87.612707,41.890229],[-87.612644,41.890209],[-87.612591,41.890159],[-87.612561,41.889916],[-87.612523,41.889101],[-87.61358,41.888909],[-87.613773,41.888764],[-87.613763,41.888407],[-87.615266,41.888423],[-87.617255,41.888328],[-87.618012,41.888311],[-87.6212,41.888656],[-87.622714,41.888836],[-87.623607,41.888905],[-87.623858,41.888893],[-87.624032,41.888818],[-87.624187,41.888823],[-87.624514,41.888882],[-87.625094,41.888905],[-87.625334,41.888825],[-87.625664,41.888677],[-87.625987,41.888505],[-87.626356,41.888245],[-87.627265,41.88766],[-87.627617,41.887512],[-87.628238,41.887449],[-87.629284,41.887419],[-87.630785,41.887431],[-87.63223,41.88748],[-87.633372,41.887476],[-87.633774,41.887534],[-87.634266,41.887519],[-87.63484,41.887468],[-87.635619,41.887452],[-87.635797,41.887428],[-87.635975,41.887343],[-87.636844,41.886808],[-87.637087,41.886676],[-87.63727,41.886557],[-87.63744,41.88642],[-87.637588,41.886234],[-87.638392,41.886726],[-87.638564,41.886872],[-87.638765,41.887162],[-87.638848,41.887373],[-87.639064,41.888136],[-87.639202,41.888449],[-87.639278,41.888853],[-87.639435,41.889228],[-87.640122,41.889999],[-87.640669,41.890643],[-87.641092,41.891268],[-87.641192,41.891435],[-87.641267,41.891628],[-87.641506,41.891969],[-87.641927,41.892373],[-87.642131,41.892595],[-87.64245,41.892869],[-87.642716,41.893036],[-87.642943,41.893215],[-87.643215,41.893376],[-87.643553,41.893537],[-87.643777,41.893883],[-87.643977,41.894022],[-87.644075,41.894139],[-87.644121,41.894348],[-87.644232,41.896636],[-87.644432,41.897242],[-87.64478,41.897542],[-87.644886,41.897694],[-87.645408,41.897763],[-87.646315,41.897857],[-87.6479,41.897968],[-87.64879,41.898088],[-87.649398,41.898307],[-87.650863,41.899412],[-87.651355,41.899742],[-87.6519,41.900013],[-87.652195,41.900095],[-87.652477,41.900135],[-87.652576,41.900117],[-87.652907,41.900177],[-87.654507,41.900528],[-87.655381,41.900813],[-87.655888,41.901169],[-87.656161,41.901692],[-87.656185,41.901922],[-87.656474,41.902622],[-87.65734,41.903399],[-87.657497,41.903602],[-87.658157,41.904526],[-87.658289,41.905041],[-87.65817,41.905669],[-87.657736,41.908441],[-87.656851,41.910745],[-87.65693,41.911076],[-87.657057,41.911436],[-87.657595,41.912815],[-87.657715,41.913425],[-87.657862,41.913809],[-87.658077,41.914108],[-87.658308,41.914363],[-87.658651,41.914708],[-87.659235,41.915147],[-87.65987,41.915451],[-87.660268,41.915712],[-87.660735,41.91597],[-87.66093,41.916118],[-87.661015,41.91615],[-87.661172,41.916182],[-87.661329,41.916179],[-87.661513,41.916121],[-87.661781,41.916014],[-87.662066,41.91592],[-87.662276,41.915809],[-87.662449,41.915692],[-87.662649,41.915591],[-87.662789,41.915568],[-87.663029,41.915488],[-87.663706,41.915633],[-87.663771,41.915678],[-87.663896,41.91589],[-87.664216,41.916796],[-87.664297,41.917119],[-87.664445,41.917554],[-87.664602,41.917801],[-87.664752,41.917992],[-87.664958,41.918152],[-87.665426,41.918588],[-87.665722,41.91893],[-87.666463,41.920028],[-87.667339,41.920879],[-87.667678,41.921343],[-87.668096,41.92203],[-87.668366,41.922171],[-87.668925,41.922284],[-87.669285,41.922389],[-87.66951,41.922414],[-87.669758,41.922408],[-87.670151,41.922372],[-87.670627,41.922384],[-87.670889,41.922376],[-87.671112,41.922411],[-87.67165,41.922551],[-87.672161,41.922806],[-87.672974,41.923398],[-87.67346,41.923784],[-87.673767,41.923996],[-87.674255,41.92439],[-87.67442,41.92463],[-87.674465,41.924837],[-87.674476,41.925068],[-87.658001,41.925298],[-87.655889,41.925348],[-87.655307,41.925347],[-87.639731,41.925596],[-87.638622,41.925625],[-87.637618,41.925629],[-87.63555,41.925683],[-87.634178,41.925704],[-87.633962,41.925717],[-87.633017,41.925823],[-87.630683,41.926227]]]}},{"type":"Feature","properties":{"label":"12","hover_name":null,"color_index":0,"label_lon":-87.665454,"label_lat":41.87378},"geometry":{"type":"Polygon","coordinates":[[[-87.657425,41.903509],[-87.65734,41.903399],[-87.656474,41.902622],[-87.656185,41.901922],[-87.656161,41.901692],[-87.655917,41.901212],[-87.655888,41.901169],[-87.655381,41.900813],[-87.654455,41.900514],[-87.652907,41.900177],[-87.652576,41.900117],[-87.652477,41.900135],[-87.652195,41.900095],[-87.6519,41.900013],[-87.651355,41.899742],[-87.650863,41.899412],[-87.649398,41.898307],[-87.64879,41.898088],[-87.6479,41.897968],[-87.646315,41.897857],[-87.645408,41.897763],[-87.644886,41.897694],[-87.64478,41.897542],[-87.644432,41.897242],[-87.644232,41.896636],[-87.644121,41.894348],[-87.644075,41.894139],[-87.643977,41.894022],[-87.643777,41.893883],[-87.643553,41.893537],[-87.643215,41.893376],[-87.642943,41.893215],[-87.642716,41.893036],[-87.64245,41.892869],[-87.642131,41.892595],[-87.641927,41.892373],[-87.641506,41.891969],[-87.641267,41.891628],[-87.641192,41.891435],[-87.641092,41.891268],[-87.640669,41.890643],[-87.640122,41.889999],[-87.639435,41.889228],[-87.639278,41.888853],[-87.639202,41.888449],[-87.639064,41.888136],[-87.638848,41.887373],[-87.638765,41.887162],[-87.638564,41.886872],[-87.638392,41.886726],[-87.637588,41.886234],[-87.637653,41.88607],[-87.637733,41.885722],[-87.64538,41.885691],[-87.645226,41.884172],[-87.645125,41.880195],[-87.645136,41.879949],[-87.645179,41.879633],[-87.645367,41.878825],[-87.645491,41.878433],[-87.645488,41.878218],[-87.645416,41.877639],[-87.645297,41.877275],[-87.645072,41.876701],[-87.644734,41.875678],[-87.644744,41.875542],[-87.644775,41.875435],[-87.644738,41.874343],[-87.644467,41.871962],[-87.644397,41.869694],[-87.644089,41.867193],[-87.644053,41.865919],[-87.643965,41.86483],[-87.643956,41.864389],[-87.644074,41.862383],[-87.643986,41.861164],[-87.64386,41.859958],[-87.639014,41.860018],[-87.637799,41.860013],[-87.634515,41.860133],[-87.634509,41.859384],[-87.634564,41.859215],[-87.634783,41.858912],[-87.635093,41.8582],[-87.635158,41.857722],[-87.635321,41.857225],[-87.635494,41.856938],[-87.636161,41.856292],[-87.637056,41.855615],[-87.637479,41.85533],[-87.63844,41.854884],[-87.639044,41.854568],[-87.639394,41.854285],[-87.639648,41.85395],[-87.639872,41.853587],[-87.640342,41.852986],[-87.641148,41.851793],[-87.642182,41.850455],[-87.64264,41.850024],[-87.643316,41.849693],[-87.643974,41.849508],[-87.644889,41.849418],[-87.64585,41.849384],[-87.6468,41.849212],[-87.647593,41.848944],[-87.648644,41.848615],[-87.649637,41.848396],[-87.651003,41.848306],[-87.651578,41.848176],[-87.652583,41.848005],[-87.653053,41.847947],[-87.653409,41.847961],[-87.656301,41.848354],[-87.656673,41.84832],[-87.657046,41.848213],[-87.657354,41.848091],[-87.657595,41.847966],[-87.658901,41.84717],[-87.660418,41.846041],[-87.661638,41.845346],[-87.662524,41.84491],[-87.663451,41.844503],[-87.663778,41.844292],[-87.663888,41.844096],[-87.663919,41.844001],[-87.664907,41.844708],[-87.665123,41.844818],[-87.665364,41.844898],[-87.665598,41.844929],[-87.665877,41.844934],[-87.665992,41.849234],[-87.666024,41.852331],[-87.68564,41.852032],[-87.685771,41.857116],[-87.685847,41.857722],[-87.685803,41.858116],[-87.685831,41.859238],[-87.686263,41.874776],[-87.686246,41.875543],[-87.686281,41.876339],[-87.686335,41.876997],[-87.686431,41.881162],[-87.688792,41.881127],[-87.689488,41.881132],[-87.696016,41.88108],[-87.706123,41.880973],[-87.706405,41.890777],[-87.706789,41.902832],[-87.687223,41.903011],[-87.668152,41.903338],[-87.664288,41.90338],[-87.657425,41.903509]]]}},{"type":"Feature","properties":{"label":"11","hover_name":null,"color_index":3,"label_lon":-87.725821,"label_lat":41.884375},"geometry":{"type":"Polygon","coordinates":[[[-87.706789,41.902832],[-87.706405,41.890777],[-87.706123,41.880973],[-87.696016,41.88108],[-87.689488,41.881132],[-87.688792,41.881127],[-87.686431,41.881162],[-87.686335,41.876997],[-87.686281,41.876339],[-87.686246,41.875543],[-87.686263,41.874776],[-87.686038,41.866613],[-87.716635,41.866285],[-87.744754,41.865897],[-87.744924,41.870978],[-87.744934,41.872203],[-87.744993,41.872958],[-87.745143,41.876675],[-87.745752,41.893301],[-87.745825,41.895673],[-87.745978,41.902352],[-87.726106,41.902676],[-87.710753,41.902789],[-87.706789,41.902832]]]}},{"type":"Feature","properties":{"label":"7","hover_name":null,"color_index":3,"label_lon":-87.65321,"label_lat":41.775848},"geometry":{"type":"Polygon","coordinates":[[[-87.630759,41.794196],[-87.630702,41.791904],[-87.63063,41.790904],[-87.630625,41.789372],[-87.630556,41.786951],[-87.630553,41.785711],[-87.630636,41.784109],[-87.630611,41.782997],[-87.630618,41.782427],[-87.630538,41.779816],[-87.630453,41.779041],[-87.630372,41.778738],[-87.630201,41.778377],[-87.62995,41.777943],[-87.629631,41.777548],[-87.629472,41.777377],[-87.629028,41.776983],[-87.62808,41.776286],[-87.627656,41.775928],[-87.627477,41.775767],[-87.627028,41.775283],[-87.626507,41.77451],[-87.626207,41.773982],[-87.625963,41.773417],[-87.625813,41.77292],[-87.625681,41.771854],[-87.625667,41.771461],[-87.625682,41.770953],[-87.625637,41.769186],[-87.625474,41.76431],[-87.625457,41.762602],[-87.625369,41.758176],[-87.626407,41.75816],[-87.626965,41.758192],[-87.627577,41.75819],[-87.637197,41.758036],[-87.640573,41.757968],[-87.640577,41.758127],[-87.64666,41.758022],[-87.649083,41.758002],[-87.653931,41.757928],[-87.658778,41.757772],[-87.663608,41.757766],[-87.673342,41.757659],[-87.678572,41.757523],[-87.678768,41.764754],[-87.678731,41.768384],[-87.678792,41.7702],[-87.678829,41.772013],[-87.678846,41.775641],[-87.678978,41.779241],[-87.679171,41.786564],[-87.679283,41.793496],[-87.674764,41.793556],[-87.674027,41.793552],[-87.667134,41.793627],[-87.665274,41.793662],[-87.663203,41.793677],[-87.659874,41.793736],[-87.659564,41.79373],[-87.657107,41.793765],[-87.655114,41.793805],[-87.652727,41.793826],[-87.650374,41.793872],[-87.646218,41.79392],[-87.633262,41.794161],[-87.630759,41.794196]]]}},{"type":"Feature","properties":{"label":"3","hover_name":null,"color_index":1,"label_lon":-87.601314,"label_lat":41.77585},"geometry":{"type":"Polygon","coordinates":[[[-87.580158,41.793477],[-87.579491,41.793493],[-87.579686,41.793009],[-87.579739,41.792772],[-87.579762,41.792479],[-87.579749,41.792263],[-87.579584,41.791946],[-87.579274,41.791431],[-87.578678,41.79067],[-87.578582,41.7905],[-87.578423,41.790102],[-87.578272,41.789936],[-87.577688,41.789453],[-87.577247,41.78914],[-87.576649,41.788747],[-87.57639,41.788591],[-87.57632,41.78857],[-87.576317,41.788506],[-87.576679,41.788472],[-87.576681,41.788422],[-87.57715,41.788396],[-87.577189,41.788356],[-87.57722,41.788352],[-87.577315,41.788363],[-87.577334,41.788384],[-87.577667,41.788362],[-87.57767,41.788313],[-87.577858,41.788295],[-87.577848,41.788194],[-87.577661,41.788202],[-87.577638,41.788153],[-87.577319,41.788166],[-87.5773,41.788204],[-87.577261,41.788211],[-87.577196,41.788211],[-87.57715,41.788183],[-87.577152,41.788104],[-87.577273,41.788082],[-87.57733,41.787572],[-87.577338,41.787191],[-87.577321,41.786933],[-87.577242,41.786484],[-87.576996,41.785689],[-87.576818,41.785212],[-87.576382,41.784221],[-87.576099,41.783651],[-87.576046,41.783598],[-87.575325,41.783245],[-87.57488,41.782986],[-87.574207,41.782628],[-87.573377,41.782245],[-87.572304,41.781835],[-87.571191,41.781518],[-87.570497,41.781371],[-87.569987,41.78129],[-87.569862,41.781279],[-87.569761,41.781293],[-87.569156,41.781487],[-87.569116,41.781358],[-87.571282,41.780839],[-87.573079,41.78025],[-87.572927,41.779895],[-87.572954,41.779824],[-87.573025,41.779792],[-87.573696,41.779639],[-87.57411,41.779528],[-87.574438,41.779371],[-87.57466,41.77919],[-87.574735,41.779111],[-87.574943,41.778812],[-87.57493,41.778724],[-87.575,41.77868],[-87.5751,41.778452],[-87.575279,41.777867],[-87.575302,41.777408],[-87.575245,41.777144],[-87.57519,41.777005],[-87.575071,41.776781],[-87.574922,41.776554],[-87.574694,41.776284],[-87.574607,41.776154],[-87.574605,41.776082],[-87.57464,41.776026],[-87.574697,41.775986],[-87.575078,41.775931],[-87.575043,41.775785],[-87.574809,41.775774],[-87.574585,41.775676],[-87.574234,41.775571],[-87.574216,41.775546],[-87.57386,41.775511],[-87.573475,41.775507],[-87.573395,41.775484],[-87.573367,41.775377],[-87.573312,41.775381],[-87.573315,41.775482],[-87.573296,41.775547],[-87.573216,41.775586],[-87.572842,41.775608],[-87.57269,41.775641],[-87.572166,41.775784],[-87.572087,41.775786],[-87.571998,41.775821],[-87.571936,41.775878],[-87.571841,41.776073],[-87.571756,41.776406],[-87.571745,41.776603],[-87.571772,41.776664],[-87.571823,41.776695],[-87.57193,41.776881],[-87.572159,41.777181],[-87.572314,41.777336],[-87.572372,41.777328],[-87.57245,41.777409],[-87.572621,41.777329],[-87.572646,41.777335],[-87.572868,41.77762],[-87.572791,41.777669],[-87.573156,41.778005],[-87.573271,41.778136],[-87.57336,41.778306],[-87.57332,41.778415],[-87.57338,41.778624],[-87.573364,41.778903],[-87.573298,41.779078],[-87.573214,41.779191],[-87.573125,41.779221],[-87.572923,41.779251],[-87.572746,41.779319],[-87.572665,41.779327],[-87.572477,41.779307],[-87.572238,41.779228],[-87.572169,41.779185],[-87.572126,41.779114],[-87.572095,41.779044],[-87.572098,41.778967],[-87.572077,41.778905],[-87.571823,41.77858],[-87.571671,41.77854],[-87.571566,41.778465],[-87.571142,41.778048],[-87.570325,41.777419],[-87.570149,41.777228],[-87.569898,41.776998],[-87.569811,41.776968],[-87.569693,41.776967],[-87.569502,41.776848],[-87.569415,41.776817],[-87.569188,41.776688],[-87.568812,41.776404],[-87.56807,41.775624],[-87.567819,41.775311],[-87.567201,41.774477],[-87.566862,41.774075],[-87.566826,41.77397],[-87.566584,41.773856],[-87.56655,41.773826],[-87.566429,41.773781],[-87.566358,41.773729],[-87.566287,41.773618],[-87.566278,41.773544],[-87.566295,41.773471],[-87.566186,41.773353],[-87.565937,41.773134],[-87.565652,41.772923],[-87.565356,41.772758],[-87.565,41.772531],[-87.564904,41.772517],[-87.564716,41.772408],[-87.564372,41.772273],[-87.564073,41.772115],[-87.563981,41.77209],[-87.563641,41.772084],[-87.56358,41.772026],[-87.563592,41.771838],[-87.56357,41.771772],[-87.56352,41.771709],[-87.563484,41.771351],[-87.563421,41.771175],[-87.563418,41.771106],[-87.563467,41.771062],[-87.563275,41.770443],[-87.563195,41.770278],[-87.562925,41.769973],[-87.562517,41.769426],[-87.562429,41.769257],[-87.562403,41.769118],[-87.562338,41.769001],[-87.561916,41.768785],[-87.56154,41.768634],[-87.560924,41.768438],[-87.560796,41.768415],[-87.560527,41.768397],[-87.560413,41.768407],[-87.560322,41.76844],[-87.56017,41.768553],[-87.559812,41.768971],[-87.559663,41.76911],[-87.559595,41.769161],[-87.559536,41.769179],[-87.559517,41.769109],[-87.55952,41.768936],[-87.559434,41.76872],[-87.559415,41.768623],[-87.559447,41.768057],[-87.55952,41.767977],[-87.55952,41.767918],[-87.559519,41.767854],[-87.559437,41.767748],[-87.559426,41.767653],[-87.559429,41.767187],[-87.559392,41.766783],[-87.559445,41.766749],[-87.559506,41.766747],[-87.559539,41.766713],[-87.559527,41.766598],[-87.559563,41.766566],[-87.55997,41.766498],[-87.560181,41.76644],[-87.560443,41.76625],[-87.560516,41.766171],[-87.560552,41.766092],[-87.560623,41.765805],[-87.560612,41.765642],[-87.560514,41.76539],[-87.560434,41.76529],[-87.560358,41.765323],[-87.560145,41.76509],[-87.56022,41.765043],[-87.560122,41.764941],[-87.560001,41.764901],[-87.559919,41.764958],[-87.559842,41.764958],[-87.559602,41.76473],[-87.559588,41.76469],[-87.5596,41.764633],[-87.559517,41.764517],[-87.559742,41.764391],[-87.559609,41.764221],[-87.559439,41.76408],[-87.559343,41.764043],[-87.55928,41.764041],[-87.558979,41.763753],[-87.558456,41.764018],[-87.557572,41.763115],[-87.557701,41.763049],[-87.55765,41.762996],[-87.557641,41.762846],[-87.557602,41.76281],[-87.557166,41.762607],[-87.55687,41.76243],[-87.556649,41.762209],[-87.556318,41.762034],[-87.556079,41.761821],[-87.555734,41.761628],[-87.555593,41.761579],[-87.55527,41.761621],[-87.554876,41.761787],[-87.554802,41.761771],[-87.554754,41.76169],[-87.555466,41.761348],[-87.55575,41.761305],[-87.559083,41.759628],[-87.560057,41.75912],[-87.560271,41.759069],[-87.565825,41.758994],[-87.58553,41.758769],[-87.594474,41.75869],[-87.594923,41.758698],[-87.597336,41.758683],[-87.598086,41.758652],[-87.598078,41.758547],[-87.598223,41.758652],[-87.604795,41.758592],[-87.608784,41.758523],[-87.609953,41.75849],[-87.611224,41.75848],[-87.623267,41.75826],[-87.623689,41.758245],[-87.624465,41.758187],[-87.625369,41.758176],[-87.625457,41.762602],[-87.625474,41.76431],[-87.625637,41.769186],[-87.625682,41.770953],[-87.625667,41.771461],[-87.625681,41.771854],[-87.625813,41.77292],[-87.625963,41.773417],[-87.626207,41.773982],[-87.626507,41.77451],[-87.627028,41.775283],[-87.627477,41.775767],[-87.627912,41.776149],[-87.629028,41.776983],[-87.629472,41.777377],[-87.629801,41.777744],[-87.62995,41.777943],[-87.630201,41.778377],[-87.630372,41.778738],[-87.630453,41.779041],[-87.630519,41.779553],[-87.630554,41.780257],[-87.630618,41.782427],[-87.630611,41.782997],[-87.630636,41.784109],[-87.630571,41.785431],[-87.630262,41.785463],[-87.629349,41.785481],[-87.625746,41.78554],[-87.625099,41.785533],[-87.623275,41.785564],[-87.620225,41.785629],[-87.615916,41.785695],[-87.606037,41.785874],[-87.606009,41.784058],[-87.595703,41.784174],[-87.591436,41.784206],[-87.591475,41.786096],[-87.586595,41.786142],[-87.586713,41.791331],[-87.58671,41.791763],[-87.586637,41.793384],[-87.586528,41.793395],[-87.580533,41.793458],[-87.580443,41.793492],[-87.580158,41.793477]]]}},{"type":"Feature","properties":{"label":"4","hover_name":null,"color_index":3,"label_lon":-87.557202,"label_lat":41.703152},"geometry":{"type":"Polygon","coordinates":[[[-87.555466,41.761348],[-87.554754,41.76169],[-87.55467,41.761489],[-87.554383,41.761081],[-87.554347,41.761053],[-87.554279,41.761052],[-87.554251,41.761033],[-87.554106,41.760814],[-87.554033,41.760761],[-87.553158,41.760392],[-87.552252,41.759975],[-87.549545,41.758956],[-87.548709,41.758726],[-87.548401,41.758692],[-87.547974,41.758675],[-87.547643,41.758715],[-87.547246,41.758721],[-87.546937,41.758772],[-87.546851,41.75882],[-87.54659,41.758878],[-87.546064,41.759095],[-87.54551,41.759362],[-87.545282,41.759537],[-87.544935,41.759751],[-87.54456,41.760036],[-87.544387,41.760136],[-87.544195,41.7602],[-87.544158,41.760197],[-87.544011,41.760107],[-87.543936,41.760098],[-87.543853,41.760112],[-87.544344,41.760583],[-87.544417,41.760616],[-87.546444,41.760616],[-87.546493,41.76063],[-87.546492,41.760646],[-87.546379,41.760658],[-87.546083,41.760661],[-87.546002,41.760647],[-87.544434,41.760676],[-87.544365,41.760666],[-87.544307,41.760638],[-87.54328,41.759701],[-87.543213,41.759707],[-87.543164,41.759695],[-87.543041,41.759601],[-87.542561,41.759128],[-87.542529,41.759057],[-87.542527,41.758958],[-87.542627,41.758739],[-87.541649,41.757824],[-87.541376,41.757836],[-87.541254,41.757823],[-87.541148,41.757794],[-87.540625,41.757325],[-87.540597,41.757269],[-87.540624,41.757228],[-87.540929,41.75703],[-87.540996,41.757035],[-87.541053,41.757003],[-87.541056,41.756985],[-87.541379,41.756805],[-87.5418,41.756536],[-87.542495,41.756148],[-87.543567,41.755503],[-87.543961,41.755235],[-87.543978,41.755151],[-87.543933,41.755047],[-87.543941,41.755025],[-87.543995,41.754966],[-87.544042,41.754961],[-87.544178,41.754797],[-87.544151,41.754616],[-87.544207,41.754584],[-87.544212,41.754516],[-87.544263,41.754403],[-87.544313,41.754322],[-87.544342,41.754321],[-87.544413,41.754132],[-87.544147,41.753445],[-87.54379,41.752683],[-87.543716,41.752534],[-87.543491,41.75222],[-87.543226,41.752013],[-87.543027,41.751915],[-87.542938,41.751928],[-87.542331,41.751918],[-87.541139,41.751932],[-87.541039,41.75191],[-87.540941,41.751917],[-87.540828,41.751902],[-87.54065,41.751855],[-87.540548,41.75187],[-87.540434,41.751846],[-87.540215,41.751769],[-87.540147,41.751724],[-87.539918,41.751634],[-87.53893,41.751315],[-87.538501,41.751118],[-87.537658,41.750824],[-87.537589,41.750766],[-87.537352,41.750711],[-87.537318,41.750674],[-87.537154,41.750616],[-87.537119,41.750572],[-87.537057,41.750564],[-87.53689,41.750496],[-87.536838,41.750446],[-87.536727,41.750445],[-87.536572,41.750366],[-87.536263,41.750252],[-87.536212,41.750201],[-87.536014,41.750164],[-87.535904,41.750094],[-87.535771,41.750046],[-87.535677,41.749974],[-87.535622,41.749957],[-87.535487,41.749877],[-87.535258,41.749794],[-87.535204,41.749802],[-87.535135,41.749746],[-87.535072,41.749737],[-87.534767,41.749593],[-87.534678,41.749574],[-87.534562,41.749515],[-87.534435,41.749486],[-87.534381,41.749446],[-87.534214,41.749411],[-87.533899,41.749311],[-87.533395,41.749087],[-87.533194,41.749022],[-87.532736,41.74882],[-87.532082,41.748592],[-87.531838,41.748466],[-87.531378,41.748284],[-87.530948,41.748026],[-87.530912,41.747958],[-87.530765,41.747285],[-87.530757,41.747112],[-87.530706,41.746913],[-87.530699,41.746722],[-87.530574,41.746039],[-87.530076,41.742377],[-87.530051,41.742311],[-87.530071,41.742251],[-87.530037,41.742199],[-87.530075,41.742115],[-87.530044,41.742051],[-87.530061,41.742027],[-87.529992,41.741985],[-87.530042,41.741924],[-87.530035,41.74176],[-87.529979,41.741601],[-87.529907,41.741504],[-87.529847,41.741456],[-87.52973,41.74141],[-87.529622,41.741421],[-87.529496,41.741398],[-87.524483,41.741451],[-87.52448,41.741468],[-87.524462,41.741469],[-87.524463,41.741386],[-87.529887,41.741329],[-87.53011,41.741237],[-87.530167,41.741239],[-87.530189,41.741264],[-87.530687,41.741117],[-87.539855,41.741013],[-87.53983,41.740497],[-87.529857,41.740607],[-87.529816,41.740348],[-87.529834,41.740346],[-87.529774,41.739847],[-87.529779,41.739829],[-87.529814,41.739814],[-87.529767,41.739789],[-87.529731,41.739593],[-87.529725,41.739387],[-87.52968,41.739161],[-87.529588,41.738409],[-87.529558,41.738323],[-87.529572,41.738256],[-87.529485,41.737835],[-87.529485,41.737706],[-87.529431,41.737551],[-87.529453,41.737499],[-87.529425,41.73716],[-87.529335,41.736554],[-87.5293,41.736155],[-87.529277,41.736055],[-87.529242,41.736011],[-87.529281,41.735935],[-87.529277,41.735895],[-87.529249,41.735827],[-87.529231,41.735613],[-87.529122,41.734972],[-87.52915,41.734898],[-87.529125,41.734847],[-87.529124,41.734737],[-87.529065,41.734335],[-87.529082,41.734255],[-87.529019,41.733942],[-87.529021,41.7338],[-87.528961,41.733791],[-87.528955,41.733768],[-87.528961,41.733739],[-87.529001,41.733715],[-87.528992,41.7337],[-87.529495,41.732367],[-87.529463,41.732314],[-87.529373,41.732319],[-87.529269,41.732283],[-87.529181,41.73213],[-87.529116,41.732082],[-87.525222,41.73152],[-87.524949,41.731408],[-87.524734,41.731221],[-87.524688,41.731093],[-87.524531,41.723499],[-87.524554,41.723203],[-87.524471,41.7232],[-87.524467,41.721898],[-87.524502,41.721884],[-87.524503,41.721793],[-87.524691,41.721794],[-87.524839,41.72169],[-87.525003,41.721523],[-87.5247,41.721254],[-87.524818,41.721179],[-87.525093,41.721415],[-87.525236,41.721221],[-87.525408,41.72092],[-87.525081,41.720848],[-87.525136,41.72073],[-87.525454,41.720797],[-87.525485,41.720722],[-87.525556,41.72037],[-87.525609,41.719436],[-87.525548,41.718994],[-87.525452,41.718755],[-87.525294,41.718487],[-87.525103,41.718254],[-87.524905,41.71805],[-87.524505,41.717988],[-87.524505,41.717814],[-87.524472,41.717791],[-87.524468,41.717403],[-87.525346,41.717382],[-87.525813,41.717331],[-87.525805,41.717318],[-87.526421,41.717114],[-87.526517,41.717267],[-87.526605,41.717236],[-87.526519,41.717085],[-87.526797,41.716991],[-87.526769,41.716922],[-87.526791,41.716882],[-87.526821,41.71687],[-87.52686,41.716876],[-87.526914,41.716925],[-87.526989,41.71695],[-87.527301,41.716825],[-87.52729,41.716806],[-87.527641,41.71662],[-87.527902,41.716454],[-87.528194,41.716224],[-87.528567,41.715852],[-87.528565,41.715813],[-87.528641,41.715744],[-87.528669,41.715686],[-87.528704,41.715423],[-87.528618,41.715019],[-87.528563,41.714869],[-87.528484,41.714725],[-87.528133,41.714239],[-87.527974,41.713873],[-87.527712,41.713422],[-87.527423,41.713085],[-87.526433,41.712313],[-87.528408,41.710803],[-87.527204,41.710032],[-87.5269,41.709914],[-87.526648,41.709849],[-87.526243,41.70982],[-87.5259,41.710145],[-87.526021,41.710255],[-87.525997,41.71035],[-87.525864,41.710412],[-87.525784,41.710419],[-87.525715,41.710399],[-87.525628,41.710341],[-87.525594,41.710269],[-87.525538,41.710228],[-87.525471,41.710129],[-87.525419,41.710102],[-87.52537,41.710108],[-87.52535,41.710056],[-87.525281,41.710046],[-87.525159,41.71],[-87.525094,41.709953],[-87.52504,41.709945],[-87.524568,41.709573],[-87.524171,41.709415],[-87.524145,41.70938],[-87.524137,41.709326],[-87.524164,41.709307],[-87.524204,41.709321],[-87.524233,41.709282],[-87.524326,41.709281],[-87.524377,41.709259],[-87.524452,41.709253],[-87.524551,41.709271],[-87.524613,41.709315],[-87.524727,41.709354],[-87.52476,41.709334],[-87.524882,41.709405],[-87.524884,41.709441],[-87.525123,41.709735],[-87.525167,41.709708],[-87.52521,41.709741],[-87.525258,41.709713],[-87.52553,41.709937],[-87.525587,41.709938],[-87.52622,41.709539],[-87.525769,41.709157],[-87.525307,41.709461],[-87.525356,41.709496],[-87.525339,41.709513],[-87.525275,41.709464],[-87.525261,41.709473],[-87.52513,41.709344],[-87.52516,41.709321],[-87.525225,41.709368],[-87.525679,41.709085],[-87.525422,41.708837],[-87.525374,41.708827],[-87.524862,41.709153],[-87.524784,41.709081],[-87.525019,41.708915],[-87.524961,41.708817],[-87.524929,41.708705],[-87.524889,41.708667],[-87.524535,41.708482],[-87.524418,41.708384],[-87.524191,41.708239],[-87.524465,41.70268],[-87.524527,41.702603],[-87.524555,41.699323],[-87.524562,41.699115],[-87.5246,41.698984],[-87.524614,41.69859],[-87.524979,41.644555],[-87.578376,41.644688],[-87.578446,41.645518],[-87.578575,41.646254],[-87.578677,41.646699],[-87.578878,41.64738],[-87.579182,41.648161],[-87.579638,41.649144],[-87.579792,41.649405],[-87.580487,41.650424],[-87.580811,41.650837],[-87.582122,41.652384],[-87.582741,41.653084],[-87.584684,41.655366],[-87.587651,41.658806],[-87.588679,41.660031],[-87.59012,41.661652],[-87.590741,41.66241],[-87.592389,41.66428],[-87.593065,41.665095],[-87.593729,41.66586],[-87.593424,41.665886],[-87.594803,41.667492],[-87.595777,41.668671],[-87.599818,41.673377],[-87.600252,41.673982],[-87.600559,41.674517],[-87.600784,41.675007],[-87.601053,41.67583],[-87.60116,41.676367],[-87.601208,41.676836],[-87.601391,41.683166],[-87.60136,41.683506],[-87.601296,41.683818],[-87.601214,41.684094],[-87.600808,41.685222],[-87.600601,41.685723],[-87.6004,41.686127],[-87.596503,41.693363],[-87.596414,41.693583],[-87.596324,41.693898],[-87.596311,41.69407],[-87.596343,41.694441],[-87.596341,41.694697],[-87.59629,41.694961],[-87.596198,41.695199],[-87.59513,41.697167],[-87.594675,41.697915],[-87.594035,41.698852],[-87.593274,41.699821],[-87.592427,41.700781],[-87.59129,41.701915],[-87.589926,41.703184],[-87.589176,41.703846],[-87.587551,41.705199],[-87.587187,41.70542],[-87.586221,41.705881],[-87.587495,41.705827],[-87.586808,41.70648],[-87.586483,41.706815],[-87.586223,41.707115],[-87.585885,41.707562],[-87.585425,41.708291],[-87.585256,41.708616],[-87.585086,41.709013],[-87.584938,41.709418],[-87.584829,41.709815],[-87.584737,41.71029],[-87.584628,41.71125],[-87.584683,41.712491],[-87.584684,41.713607],[-87.584737,41.714295],[-87.584891,41.717626],[-87.584889,41.718319],[-87.584974,41.721006],[-87.58499,41.721352],[-87.585053,41.721684],[-87.585127,41.722339],[-87.591835,41.722248],[-87.593981,41.7222],[-87.595104,41.722197],[-87.601183,41.722105],[-87.602844,41.722055],[-87.603823,41.72204],[-87.60358,41.723234],[-87.602996,41.72573],[-87.601923,41.729395],[-87.600452,41.736709],[-87.598697,41.744047],[-87.598241,41.745867],[-87.597032,41.751371],[-87.595715,41.756859],[-87.595487,41.75686],[-87.595673,41.756992],[-87.595408,41.758534],[-87.59563,41.758696],[-87.594474,41.75869],[-87.58553,41.758769],[-87.565825,41.758994],[-87.560271,41.759069],[-87.560057,41.75912],[-87.559083,41.759628],[-87.55575,41.761305],[-87.555466,41.761348]]]}},{"type":"Feature","properties":{"label":"6","hover_name":null,"color_index":0,"label_lon":-87.641148,"label_lat":41.739929},"geometry":{"type":"Polygon","coordinates":[[[-87.598086,41.758652],[-87.597777,41.758657],[-87.597706,41.758675],[-87.597336,41.758683],[-87.59563,41.758696],[-87.595408,41.758534],[-87.595673,41.756992],[-87.595487,41.75686],[-87.595715,41.756859],[-87.597032,41.751371],[-87.598241,41.745867],[-87.598697,41.744047],[-87.600452,41.736709],[-87.601923,41.729395],[-87.602996,41.72573],[-87.60358,41.723234],[-87.603823,41.72204],[-87.605922,41.722032],[-87.622607,41.721747],[-87.623537,41.721717],[-87.623888,41.721633],[-87.624886,41.721622],[-87.625147,41.721696],[-87.625908,41.7217],[-87.633533,41.721592],[-87.633999,41.734368],[-87.633775,41.735947],[-87.634148,41.735975],[-87.63444,41.735979],[-87.635202,41.736147],[-87.63551,41.736181],[-87.639971,41.736156],[-87.639968,41.736031],[-87.643428,41.736004],[-87.643622,41.73607],[-87.64368,41.736074],[-87.663495,41.735783],[-87.67157,41.735678],[-87.672623,41.735651],[-87.673807,41.735654],[-87.682514,41.735527],[-87.682715,41.744483],[-87.681744,41.744498],[-87.680903,41.744594],[-87.680053,41.744871],[-87.67939,41.74526],[-87.678901,41.745691],[-87.678525,41.746298],[-87.678352,41.746861],[-87.678276,41.747676],[-87.678318,41.750166],[-87.678572,41.757523],[-87.673342,41.757659],[-87.663608,41.757766],[-87.658778,41.757772],[-87.653931,41.757928],[-87.649083,41.758002],[-87.64666,41.758022],[-87.640577,41.758127],[-87.640573,41.757968],[-87.637197,41.758036],[-87.627577,41.75819],[-87.626965,41.758192],[-87.626407,41.75816],[-87.625169,41.758175],[-87.624465,41.758187],[-87.623689,41.758245],[-87.623267,41.75826],[-87.611224,41.75848],[-87.609953,41.75849],[-87.608784,41.758523],[-87.604795,41.758592],[-87.598223,41.758652],[-87.598078,41.758547],[-87.598086,41.758652]]]}},{"type":"Feature","properties":{"label":"10","hover_name":null,"color_index":4,"label_lon":-87.705864,"label_lat":41.842947},"geometry":{"type":"Polygon","coordinates":[[[-87.686038,41.866613],[-87.685803,41.858116],[-87.685847,41.857722],[-87.685771,41.857116],[-87.68564,41.852032],[-87.666024,41.852331],[-87.665992,41.849234],[-87.665877,41.844934],[-87.666734,41.844942],[-87.667049,41.844926],[-87.667218,41.844903],[-87.667503,41.844822],[-87.669931,41.843983],[-87.672863,41.842834],[-87.674318,41.84201],[-87.674877,41.841743],[-87.675407,41.841621],[-87.675742,41.841498],[-87.676442,41.841023],[-87.677058,41.840548],[-87.677618,41.840239],[-87.683337,41.838357],[-87.685541,41.837724],[-87.687522,41.837007],[-87.688395,41.836823],[-87.690107,41.836259],[-87.693887,41.835081],[-87.695424,41.834634],[-87.698985,41.833532],[-87.699555,41.83335],[-87.70315,41.8321],[-87.70488,41.831576],[-87.706077,41.831175],[-87.7068,41.830965],[-87.714442,41.828606],[-87.715198,41.828342],[-87.717526,41.827609],[-87.719463,41.826979],[-87.720701,41.826604],[-87.721647,41.826273],[-87.723089,41.825899],[-87.724059,41.825628],[-87.724327,41.825516],[-87.725106,41.825253],[-87.725505,41.825143],[-87.726499,41.824804],[-87.728959,41.824014],[-87.731361,41.82318],[-87.733644,41.822504],[-87.734401,41.822255],[-87.734773,41.822117],[-87.736313,41.821634],[-87.738162,41.821144],[-87.739255,41.82077],[-87.740497,41.820322],[-87.741552,41.820031],[-87.742852,41.819545],[-87.743207,41.819512],[-87.743811,41.819424],[-87.744901,41.819096],[-87.744802,41.822009],[-87.738648,41.822059],[-87.738913,41.835551],[-87.739278,41.847305],[-87.739295,41.847711],[-87.739364,41.848294],[-87.739425,41.850162],[-87.739432,41.851164],[-87.739393,41.851733],[-87.739452,41.852464],[-87.739791,41.863118],[-87.739806,41.863391],[-87.739857,41.863652],[-87.739875,41.863947],[-87.739932,41.86596],[-87.716635,41.866285],[-87.686038,41.866613]]]}},{"type":"Feature","properties":{"label":"1","hover_name":null,"color_index":2,"label_lon":-87.628697,"label_lat":41.863598},"geometry":{"type":"Polygon","coordinates":[[[-87.624514,41.888882],[-87.624187,41.888823],[-87.624032,41.888818],[-87.623858,41.888893],[-87.623607,41.888905],[-87.622714,41.888836],[-87.6212,41.888656],[-87.618012,41.888311],[-87.617255,41.888328],[-87.615266,41.888423],[-87.613763,41.888407],[-87.613753,41.888091],[-87.613534,41.88794],[-87.612731,41.887944],[-87.612729,41.884131],[-87.610214,41.884149],[-87.610166,41.884795],[-87.610195,41.885426],[-87.61016,41.885741],[-87.610144,41.887064],[-87.610119,41.887124],[-87.610047,41.887169],[-87.610038,41.887394],[-87.610344,41.887394],[-87.610346,41.88755],[-87.610661,41.887554],[-87.61066,41.887568],[-87.610418,41.887564],[-87.61042,41.887622],[-87.610775,41.887625],[-87.610775,41.887647],[-87.610415,41.887641],[-87.610414,41.887724],[-87.61066,41.887727],[-87.61066,41.887741],[-87.610339,41.887739],[-87.61034,41.887863],[-87.611147,41.887858],[-87.611153,41.887951],[-87.610041,41.887952],[-87.610029,41.888042],[-87.609964,41.888075],[-87.607773,41.888307],[-87.602524,41.888386],[-87.602479,41.888371],[-87.602458,41.888344],[-87.602468,41.888299],[-87.602524,41.888275],[-87.605136,41.888229],[-87.605184,41.888192],[-87.605413,41.888189],[-87.605411,41.888224],[-87.605987,41.888217],[-87.607506,41.88819],[-87.607558,41.888155],[-87.607807,41.888149],[-87.60781,41.888185],[-87.609846,41.88797],[-87.609879,41.88779],[-87.609879,41.887153],[-87.6099,41.887118],[-87.609936,41.887107],[-87.609938,41.887088],[-87.609986,41.88408],[-87.612736,41.884059],[-87.612739,41.883808],[-87.612759,41.883675],[-87.612806,41.88353],[-87.612878,41.883391],[-87.612983,41.883261],[-87.613138,41.883114],[-87.61344,41.882898],[-87.613643,41.882789],[-87.613861,41.882697],[-87.614338,41.882566],[-87.614668,41.882516],[-87.615545,41.882483],[-87.61571,41.882456],[-87.615926,41.882391],[-87.616124,41.882291],[-87.616335,41.882112],[-87.616459,41.881903],[-87.616506,41.881727],[-87.616498,41.881414],[-87.615754,41.881417],[-87.615722,41.880567],[-87.616478,41.880557],[-87.616458,41.879777],[-87.616372,41.87978],[-87.616336,41.877826],[-87.616305,41.877819],[-87.616242,41.877021],[-87.616183,41.875668],[-87.616191,41.874626],[-87.616224,41.87395],[-87.616245,41.873948],[-87.6162,41.87197],[-87.616281,41.871967],[-87.616273,41.871781],[-87.616234,41.871714],[-87.616234,41.871628],[-87.616268,41.871557],[-87.616212,41.868899],[-87.615944,41.868791],[-87.615705,41.868651],[-87.615502,41.868481],[-87.615352,41.868304],[-87.61474,41.868324],[-87.614491,41.868422],[-87.614313,41.868468],[-87.614139,41.868495],[-87.613805,41.868507],[-87.613471,41.868501],[-87.613214,41.868477],[-87.612982,41.86841],[-87.612773,41.868308],[-87.612598,41.868176],[-87.612464,41.868019],[-87.612366,41.867819],[-87.612333,41.867633],[-87.612353,41.867446],[-87.612425,41.867266],[-87.612534,41.867114],[-87.612689,41.866969],[-87.612688,41.866753],[-87.610656,41.86678],[-87.610602,41.866817],[-87.607749,41.866859],[-87.607526,41.867041],[-87.607319,41.867144],[-87.607007,41.867225],[-87.606759,41.867242],[-87.606513,41.867219],[-87.606354,41.867182],[-87.606134,41.867097],[-87.606002,41.867021],[-87.605788,41.866833],[-87.60571,41.866723],[-87.605634,41.866547],[-87.605612,41.8663],[-87.605683,41.866059],[-87.605842,41.865842],[-87.606051,41.865681],[-87.606045,41.864794],[-87.606293,41.864785],[-87.606297,41.864935],[-87.606313,41.864966],[-87.606586,41.865213],[-87.606674,41.865233],[-87.60687,41.865181],[-87.607092,41.865059],[-87.607244,41.864933],[-87.607358,41.864812],[-87.607451,41.864682],[-87.60751,41.864557],[-87.607573,41.86436],[-87.607579,41.864274],[-87.607575,41.864102],[-87.607525,41.863846],[-87.606955,41.862374],[-87.606919,41.862346],[-87.606807,41.862312],[-87.606765,41.862206],[-87.606737,41.862187],[-87.606624,41.862165],[-87.606532,41.862204],[-87.606413,41.86207],[-87.606086,41.862074],[-87.60608,41.862056],[-87.606042,41.862052],[-87.606021,41.862005],[-87.605965,41.86008],[-87.606838,41.860057],[-87.607072,41.859958],[-87.606597,41.853411],[-87.606513,41.853415],[-87.606511,41.853359],[-87.608394,41.853195],[-87.608758,41.85317],[-87.609004,41.853181],[-87.609317,41.853256],[-87.609588,41.853393],[-87.609775,41.853559],[-87.609897,41.85377],[-87.609923,41.85388],[-87.609914,41.854037],[-87.60945,41.856407],[-87.609342,41.85667],[-87.609335,41.856817],[-87.609407,41.857005],[-87.609464,41.857078],[-87.609662,41.85725],[-87.60977,41.857378],[-87.609925,41.857656],[-87.609974,41.857831],[-87.609994,41.858083],[-87.60998,41.858186],[-87.60988,41.858488],[-87.609885,41.858643],[-87.609942,41.858791],[-87.610008,41.858882],[-87.610221,41.85906],[-87.610393,41.859164],[-87.610476,41.859281],[-87.610476,41.85939],[-87.610364,41.859708],[-87.610363,41.859864],[-87.610426,41.860081],[-87.610461,41.860131],[-87.610547,41.860183],[-87.610668,41.860206],[-87.610675,41.860651],[-87.61053,41.860687],[-87.610455,41.860752],[-87.610425,41.860849],[-87.610348,41.860848],[-87.610361,41.861396],[-87.610285,41.861398],[-87.610036,41.861803],[-87.609898,41.862109],[-87.609776,41.862488],[-87.609799,41.862492],[-87.609713,41.862867],[-87.609674,41.863246],[-87.609657,41.863248],[-87.609655,41.863288],[-87.609628,41.86329],[-87.609628,41.863374],[-87.609652,41.863377],[-87.60965,41.863403],[-87.609605,41.863405],[-87.609611,41.863508],[-87.609645,41.863508],[-87.60974,41.864091],[-87.609885,41.864468],[-87.609969,41.864629],[-87.609955,41.864634],[-87.6101,41.864903],[-87.610371,41.865322],[-87.610448,41.865319],[-87.61048,41.865865],[-87.612669,41.865843],[-87.61265,41.865279],[-87.612741,41.865288],[-87.612947,41.864871],[-87.61321,41.864255],[-87.613294,41.863999],[-87.613424,41.863462],[-87.613457,41.863091],[-87.61343,41.862865],[-87.613355,41.862613],[-87.61326,41.862376],[-87.613101,41.862058],[-87.612953,41.8618],[-87.612692,41.861427],[-87.612648,41.861372],[-87.612561,41.861373],[-87.612548,41.860825],[-87.612471,41.860828],[-87.612463,41.860773],[-87.612418,41.860705],[-87.612358,41.860666],[-87.612286,41.860642],[-87.612203,41.860634],[-87.612205,41.860461],[-87.612391,41.860455],[-87.612393,41.860354],[-87.61215,41.860346],[-87.612153,41.860265],[-87.612187,41.860265],[-87.612183,41.860175],[-87.612316,41.860152],[-87.612409,41.860084],[-87.612443,41.859988],[-87.612403,41.859787],[-87.612201,41.859265],[-87.612165,41.858668],[-87.612187,41.858584],[-87.612265,41.858508],[-87.612403,41.85849],[-87.612539,41.858494],[-87.612639,41.858432],[-87.612725,41.858359],[-87.612835,41.858187],[-87.612968,41.857856],[-87.613056,41.85751],[-87.613065,41.857108],[-87.61301,41.856859],[-87.612899,41.856582],[-87.612853,41.856356],[-87.612818,41.85628],[-87.612684,41.856064],[-87.612568,41.85593],[-87.61232,41.855718],[-87.611426,41.85515],[-87.611306,41.855043],[-87.611162,41.854864],[-87.61109,41.854729],[-87.611022,41.854505],[-87.610985,41.853964],[-87.610904,41.853581],[-87.610772,41.853201],[-87.610656,41.852956],[-87.610373,41.852505],[-87.610137,41.852196],[-87.609438,41.851353],[-87.609272,41.851062],[-87.609206,41.850831],[-87.609189,41.850528],[-87.609498,41.848981],[-87.609521,41.8487],[-87.609543,41.848696],[-87.609477,41.847999],[-87.609433,41.84785],[-87.609326,41.847636],[-87.608538,41.846576],[-87.608429,41.84629],[-87.608408,41.846066],[-87.60845,41.845808],[-87.608541,41.845606],[-87.609002,41.845006],[-87.609107,41.844803],[-87.609161,41.84459],[-87.60915,41.844239],[-87.609171,41.844235],[-87.609174,41.844127],[-87.609072,41.844026],[-87.609042,41.843935],[-87.609062,41.843871],[-87.609036,41.843763],[-87.608973,41.843713],[-87.608957,41.843567],[-87.60898,41.843542],[-87.608943,41.843471],[-87.608962,41.84345],[-87.608915,41.843393],[-87.608928,41.843343],[-87.608905,41.843293],[-87.608942,41.843237],[-87.608811,41.843141],[-87.608719,41.842973],[-87.608559,41.84277],[-87.608541,41.842696],[-87.608363,41.842512],[-87.608318,41.842413],[-87.608225,41.842344],[-87.608177,41.842278],[-87.608151,41.842199],[-87.608152,41.842109],[-87.608125,41.84202],[-87.608096,41.84176],[-87.608104,41.841449],[-87.608131,41.84143],[-87.608139,41.84139],[-87.60811,41.841337],[-87.60811,41.841275],[-87.608056,41.841201],[-87.607967,41.840987],[-87.607752,41.840737],[-87.607511,41.840368],[-87.607303,41.839832],[-87.607211,41.839652],[-87.607095,41.839512],[-87.606701,41.839303],[-87.606451,41.839085],[-87.606146,41.838676],[-87.606133,41.838627],[-87.606175,41.838571],[-87.607694,41.838582],[-87.609514,41.838538],[-87.611069,41.838533],[-87.611713,41.838504],[-87.613371,41.838473],[-87.629723,41.838266],[-87.629905,41.844276],[-87.629912,41.845544],[-87.630003,41.847909],[-87.630137,41.849199],[-87.630189,41.851059],[-87.63027,41.852875],[-87.630607,41.853966],[-87.630825,41.857759],[-87.630896,41.860131],[-87.631934,41.860148],[-87.634515,41.860133],[-87.637799,41.860013],[-87.639014,41.860018],[-87.64386,41.859958],[-87.643986,41.861164],[-87.644074,41.862383],[-87.643956,41.864389],[-87.643965,41.86483],[-87.644053,41.865919],[-87.644089,41.867193],[-87.644397,41.869694],[-87.644467,41.871962],[-87.644738,41.874343],[-87.644775,41.875435],[-87.644744,41.875542],[-87.644734,41.875678],[-87.645072,41.876701],[-87.645297,41.877275],[-87.645416,41.877639],[-87.645488,41.878218],[-87.645491,41.878433],[-87.645367,41.878825],[-87.645179,41.879633],[-87.645136,41.879949],[-87.645125,41.880195],[-87.645226,41.884172],[-87.64538,41.885691],[-87.637733,41.885722],[-87.637653,41.88607],[-87.637584,41.886245],[-87.63744,41.88642],[-87.63727,41.886557],[-87.637087,41.886676],[-87.636844,41.886808],[-87.635975,41.887343],[-87.635797,41.887428],[-87.635619,41.887452],[-87.63484,41.887468],[-87.634266,41.887519],[-87.633774,41.887534],[-87.633372,41.887476],[-87.63223,41.88748],[-87.630785,41.887431],[-87.630068,41.887421],[-87.629284,41.887419],[-87.628238,41.887449],[-87.627617,41.887512],[-87.627265,41.88766],[-87.626356,41.888245],[-87.625987,41.888505],[-87.625664,41.888677],[-87.625334,41.888825],[-87.625094,41.888905],[-87.624514,41.888882]]]}},{"type":"Feature","properties":{"label":"9","hover_name":null,"color_index":1,"label_lon":-87.672209,"label_lat":41.826774},"geometry":{"type":"Polygon","coordinates":[[[-87.631934,41.860148],[-87.630896,41.860131],[-87.630825,41.857759],[-87.630607,41.853966],[-87.63027,41.852875],[-87.630189,41.851059],[-87.630137,41.849199],[-87.630003,41.847909],[-87.629912,41.845544],[-87.629905,41.844276],[-87.629723,41.838266],[-87.630339,41.838257],[-87.630369,41.837506],[-87.630348,41.836197],[-87.630305,41.835629],[-87.630301,41.833589],[-87.63025,41.832946],[-87.630259,41.832684],[-87.630164,41.828675],[-87.630101,41.827241],[-87.630012,41.82272],[-87.629922,41.820001],[-87.629915,41.81853],[-87.629851,41.815514],[-87.629788,41.814521],[-87.629642,41.813152],[-87.629637,41.812595],[-87.629724,41.811978],[-87.629815,41.811684],[-87.629922,41.811422],[-87.630032,41.811199],[-87.63085,41.809925],[-87.631122,41.809417],[-87.631315,41.808886],[-87.631357,41.808707],[-87.631409,41.808184],[-87.6314,41.807858],[-87.631327,41.80709],[-87.631275,41.806599],[-87.631211,41.806306],[-87.631083,41.805045],[-87.630847,41.798409],[-87.630824,41.79656],[-87.630759,41.794196],[-87.633262,41.794161],[-87.646218,41.79392],[-87.650374,41.793872],[-87.652727,41.793826],[-87.655114,41.793805],[-87.657107,41.793765],[-87.659564,41.79373],[-87.659874,41.793736],[-87.664371,41.793662],[-87.665274,41.793662],[-87.667134,41.793627],[-87.674027,41.793552],[-87.674764,41.793556],[-87.683487,41.793436],[-87.68403,41.793431],[-87.684042,41.793877],[-87.684315,41.793862],[-87.703554,41.793514],[-87.703965,41.807853],[-87.704528,41.822226],[-87.704516,41.822394],[-87.70444,41.82259],[-87.714275,41.822448],[-87.714323,41.824194],[-87.714303,41.826055],[-87.714416,41.828614],[-87.7068,41.830965],[-87.706077,41.831175],[-87.70488,41.831576],[-87.70315,41.8321],[-87.699555,41.83335],[-87.698985,41.833532],[-87.695424,41.834634],[-87.693887,41.835081],[-87.690107,41.836259],[-87.688395,41.836823],[-87.687522,41.837007],[-87.685541,41.837724],[-87.683337,41.838357],[-87.677618,41.840239],[-87.677058,41.840548],[-87.676442,41.841023],[-87.675742,41.841498],[-87.675407,41.841621],[-87.674877,41.841743],[-87.674318,41.84201],[-87.672863,41.842834],[-87.669931,41.843983],[-87.667503,41.844822],[-87.667218,41.844903],[-87.667049,41.844926],[-87.666734,41.844942],[-87.665598,41.844929],[-87.665364,41.844898],[-87.665123,41.844818],[-87.664907,41.844708],[-87.663919,41.844001],[-87.663888,41.844096],[-87.663778,41.844292],[-87.663451,41.844503],[-87.662524,41.84491],[-87.661638,41.845346],[-87.660418,41.846041],[-87.658901,41.84717],[-87.657595,41.847966],[-87.657354,41.848091],[-87.657046,41.848213],[-87.656673,41.84832],[-87.656301,41.848354],[-87.653409,41.847961],[-87.653053,41.847947],[-87.652583,41.848005],[-87.651578,41.848176],[-87.651003,41.848306],[-87.649637,41.848396],[-87.648644,41.848615],[-87.647593,41.848944],[-87.6468,41.849212],[-87.64585,41.849384],[-87.644889,41.849418],[-87.643974,41.849508],[-87.643316,41.849693],[-87.64264,41.850024],[-87.642182,41.850455],[-87.641148,41.851793],[-87.640342,41.852986],[-87.639872,41.853587],[-87.639648,41.85395],[-87.639394,41.854285],[-87.639044,41.854568],[-87.63844,41.854884],[-87.637479,41.85533],[-87.637056,41.855615],[-87.636161,41.856292],[-87.635494,41.856938],[-87.635321,41.857225],[-87.635158,41.857722],[-87.635093,41.8582],[-87.634783,41.858912],[-87.634564,41.859215],[-87.634509,41.859384],[-87.634515,41.860133],[-87.631934,41.860148]]]}},{"type":"Feature","properties":{"label":"2","hover_name":null,"color_index":0,"label_lon":-87.608481,"label_lat":41.811323},"geometry":{"type":"Polygon","coordinates":[[[-87.607694,41.838582],[-87.606175,41.838571],[-87.606232,41.838519],[-87.606233,41.838487],[-87.606175,41.838112],[-87.60616,41.837767],[-87.606172,41.83734],[-87.60603,41.836763],[-87.605951,41.83652],[-87.605619,41.835932],[-87.605442,41.835669],[-87.605308,41.83553],[-87.604721,41.83506],[-87.604653,41.834974],[-87.604635,41.834921],[-87.604652,41.834804],[-87.604688,41.834749],[-87.604765,41.834684],[-87.604983,41.834597],[-87.605049,41.834548],[-87.605102,41.834453],[-87.6051,41.834275],[-87.605029,41.833991],[-87.604837,41.833556],[-87.604839,41.833436],[-87.604795,41.833363],[-87.604594,41.833179],[-87.604346,41.833017],[-87.60426,41.833004],[-87.604051,41.833016],[-87.603906,41.832979],[-87.603479,41.832947],[-87.603429,41.832928],[-87.603383,41.832885],[-87.60325,41.832836],[-87.60314,41.832744],[-87.602803,41.832328],[-87.602792,41.832233],[-87.602825,41.832144],[-87.602842,41.832],[-87.602847,41.831732],[-87.602836,41.831558],[-87.602758,41.831237],[-87.602526,41.83074],[-87.60249,41.830627],[-87.602403,41.83052],[-87.602374,41.830456],[-87.602024,41.830076],[-87.601752,41.82989],[-87.601715,41.829838],[-87.601711,41.829703],[-87.60187,41.829483],[-87.601861,41.829374],[-87.601646,41.828684],[-87.601517,41.828376],[-87.60126,41.827876],[-87.601041,41.827536],[-87.600812,41.827249],[-87.60078,41.827192],[-87.600784,41.82712],[-87.60062,41.826944],[-87.60039,41.82681],[-87.6003,41.82679],[-87.600231,41.826824],[-87.599161,41.826432],[-87.599167,41.826422],[-87.599087,41.826378],[-87.599041,41.826325],[-87.598993,41.826259],[-87.598987,41.826198],[-87.598885,41.826116],[-87.598758,41.825897],[-87.598698,41.825846],[-87.598485,41.825479],[-87.598528,41.825222],[-87.598531,41.824989],[-87.598489,41.824715],[-87.598428,41.824496],[-87.598434,41.824428],[-87.598359,41.824265],[-87.598266,41.824148],[-87.59797,41.823959],[-87.59793,41.823891],[-87.597935,41.823826],[-87.597896,41.82378],[-87.597769,41.823693],[-87.597598,41.823532],[-87.597428,41.82323],[-87.597329,41.823112],[-87.597278,41.823003],[-87.597246,41.822797],[-87.597281,41.822803],[-87.597329,41.822845],[-87.597348,41.822827],[-87.597327,41.822737],[-87.597251,41.822682],[-87.597248,41.822652],[-87.597271,41.822618],[-87.597196,41.822614],[-87.597206,41.822571],[-87.597128,41.822539],[-87.597113,41.822518],[-87.597093,41.822411],[-87.597057,41.822367],[-87.59702,41.822229],[-87.596868,41.822048],[-87.59684,41.821965],[-87.596679,41.821826],[-87.59659,41.821694],[-87.596418,41.82151],[-87.596204,41.821333],[-87.596063,41.821142],[-87.595862,41.82084],[-87.595779,41.820655],[-87.59571,41.820562],[-87.595694,41.820489],[-87.59573,41.820434],[-87.595646,41.820323],[-87.595379,41.820037],[-87.595162,41.81985],[-87.59481,41.819654],[-87.594717,41.819618],[-87.594665,41.819569],[-87.594638,41.819498],[-87.594636,41.819422],[-87.594571,41.819235],[-87.594538,41.819192],[-87.59431,41.819144],[-87.594113,41.819134],[-87.594003,41.819104],[-87.593856,41.819034],[-87.59381,41.819009],[-87.593621,41.818792],[-87.593541,41.818727],[-87.593417,41.818646],[-87.593112,41.818535],[-87.592901,41.818431],[-87.592776,41.818339],[-87.592691,41.818248],[-87.592462,41.817941],[-87.592352,41.817777],[-87.592327,41.817712],[-87.59233,41.817594],[-87.592375,41.817396],[-87.592376,41.817265],[-87.592325,41.81697],[-87.59227,41.816828],[-87.592281,41.816704],[-87.592157,41.81658],[-87.591989,41.816289],[-87.591822,41.816166],[-87.591712,41.816034],[-87.591606,41.815982],[-87.591502,41.815982],[-87.591456,41.815958],[-87.591302,41.815691],[-87.591179,41.815406],[-87.591155,41.815378],[-87.59111,41.815362],[-87.590891,41.815004],[-87.590693,41.814827],[-87.590678,41.814782],[-87.590619,41.814715],[-87.590504,41.81468],[-87.590458,41.814649],[-87.590374,41.814498],[-87.590346,41.814376],[-87.590368,41.814346],[-87.590416,41.814346],[-87.590496,41.814372],[-87.590517,41.814349],[-87.590496,41.814301],[-87.590424,41.814212],[-87.590324,41.814145],[-87.590288,41.813938],[-87.590254,41.813893],[-87.590219,41.813748],[-87.590134,41.813621],[-87.59006,41.813564],[-87.590036,41.813516],[-87.589827,41.813296],[-87.589724,41.813222],[-87.589662,41.813132],[-87.589566,41.813058],[-87.589344,41.812969],[-87.58913,41.812817],[-87.588911,41.812546],[-87.588794,41.812316],[-87.588626,41.81219],[-87.58844,41.812089],[-87.5883,41.812041],[-87.587998,41.811997],[-87.587709,41.811981],[-87.587656,41.81197],[-87.587644,41.811944],[-87.587557,41.811935],[-87.587349,41.811854],[-87.587292,41.811673],[-87.587199,41.811605],[-87.587196,41.811559],[-87.587222,41.811509],[-87.587041,41.811404],[-87.586988,41.811317],[-87.586986,41.811226],[-87.58694,41.811197],[-87.586934,41.811174],[-87.586952,41.811088],[-87.587008,41.811063],[-87.586989,41.810907],[-87.587037,41.810637],[-87.587017,41.810441],[-87.586925,41.810107],[-87.586747,41.809794],[-87.586642,41.809713],[-87.586451,41.809439],[-87.586441,41.80937],[-87.586484,41.809311],[-87.586388,41.809259],[-87.586339,41.809252],[-87.586273,41.809196],[-87.586291,41.809097],[-87.586222,41.809084],[-87.586105,41.808841],[-87.586105,41.808796],[-87.586148,41.808718],[-87.585705,41.808073],[-87.585683,41.808],[-87.585698,41.807977],[-87.585667,41.807902],[-87.585625,41.807848],[-87.585586,41.807846],[-87.585389,41.807523],[-87.585158,41.807215],[-87.58495,41.806995],[-87.584495,41.806604],[-87.584256,41.80644],[-87.583903,41.806239],[-87.583649,41.806032],[-87.583198,41.80576],[-87.582979,41.80559],[-87.582898,41.805583],[-87.582869,41.805542],[-87.582253,41.805117],[-87.581626,41.804649],[-87.581506,41.804545],[-87.581367,41.804377],[-87.581269,41.804311],[-87.58117,41.804255],[-87.581032,41.804211],[-87.580895,41.804194],[-87.580666,41.804206],[-87.580177,41.803974],[-87.580115,41.803927],[-87.580046,41.803836],[-87.580015,41.803651],[-87.58003,41.803546],[-87.58006,41.803502],[-87.58011,41.803472],[-87.580415,41.802997],[-87.580554,41.802718],[-87.580608,41.802584],[-87.580612,41.802513],[-87.580722,41.802263],[-87.580872,41.801608],[-87.580881,41.801467],[-87.580918,41.801351],[-87.580964,41.801068],[-87.580913,41.800438],[-87.580887,41.800436],[-87.580875,41.800415],[-87.580875,41.80032],[-87.580843,41.800287],[-87.580815,41.800182],[-87.580774,41.799967],[-87.580784,41.799939],[-87.580731,41.799763],[-87.580667,41.79959],[-87.580576,41.799404],[-87.580548,41.79938],[-87.580469,41.799179],[-87.580183,41.79866],[-87.580098,41.798541],[-87.579737,41.798142],[-87.579334,41.797783],[-87.579013,41.797541],[-87.578468,41.797182],[-87.578363,41.797095],[-87.57821,41.797013],[-87.577988,41.79694],[-87.577831,41.796906],[-87.577553,41.796864],[-87.577316,41.796857],[-87.576838,41.796972],[-87.57659,41.797015],[-87.576507,41.797046],[-87.576316,41.797048],[-87.576138,41.797031],[-87.575883,41.796977],[-87.575762,41.796939],[-87.575621,41.796869],[-87.57548,41.796741],[-87.575312,41.796646],[-87.575272,41.796608],[-87.575229,41.796513],[-87.575213,41.796378],[-87.575164,41.79624],[-87.5752,41.796045],[-87.575279,41.795913],[-87.575355,41.795719],[-87.575406,41.795469],[-87.575444,41.79544],[-87.575781,41.795337],[-87.576097,41.795109],[-87.576166,41.795086],[-87.576327,41.795075],[-87.576458,41.795096],[-87.576651,41.795046],[-87.576853,41.795104],[-87.576914,41.795105],[-87.577388,41.795039],[-87.577604,41.794992],[-87.57783,41.794921],[-87.578303,41.794729],[-87.578574,41.794561],[-87.578989,41.794223],[-87.579219,41.793944],[-87.579491,41.793493],[-87.580158,41.793477],[-87.580443,41.793492],[-87.580533,41.793458],[-87.586528,41.793395],[-87.586637,41.793384],[-87.58671,41.791763],[-87.586713,41.791331],[-87.586595,41.786142],[-87.591475,41.786096],[-87.591436,41.784206],[-87.595703,41.784174],[-87.606009,41.784058],[-87.606037,41.785874],[-87.615916,41.785695],[-87.620225,41.785629],[-87.623275,41.785564],[-87.625099,41.785533],[-87.625746,41.78554],[-87.629349,41.785481],[-87.630262,41.785463],[-87.630571,41.785431],[-87.630553,41.785711],[-87.630556,41.786951],[-87.630625,41.789372],[-87.63063,41.790904],[-87.630675,41.791378],[-87.630708,41.792053],[-87.630824,41.79656],[-87.630847,41.798409],[-87.630902,41.799682],[-87.630932,41.801007],[-87.631073,41.80443],[-87.631083,41.805045],[-87.631211,41.806306],[-87.631275,41.806599],[-87.631327,41.80709],[-87.6314,41.807858],[-87.631409,41.808184],[-87.631357,41.808707],[-87.631315,41.808886],[-87.631122,41.809417],[-87.63085,41.809925],[-87.630032,41.811199],[-87.629922,41.811422],[-87.629815,41.811684],[-87.629724,41.811978],[-87.629637,41.812595],[-87.629642,41.813152],[-87.629788,41.814521],[-87.629851,41.815514],[-87.629915,41.81853],[-87.629922,41.820001],[-87.630012,41.82272],[-87.630066,41.82505],[-87.630066,41.826007],[-87.630115,41.827715],[-87.630164,41.828675],[-87.630259,41.832684],[-87.63025,41.832946],[-87.630294,41.833362],[-87.630304,41.833714],[-87.630305,41.835629],[-87.630348,41.836197],[-87.630368,41.837211],[-87.630339,41.838257],[-87.613371,41.838473],[-87.611713,41.838504],[-87.611069,41.838533],[-87.609514,41.838538],[-87.607694,41.838582]]]}},{"type":"Feature","properties":{"label":"15","hover_name":null,"color_index":0,"label_lon":-87.760092,"label_lat":41.883905},"geometry":{"type":"Polygon","coordinates":[[[-87.745978,41.902352],[-87.745825,41.895673],[-87.745752,41.893301],[-87.745143,41.876675],[-87.744993,41.872958],[-87.744934,41.872203],[-87.744924,41.870978],[-87.744754,41.865897],[-87.763994,41.865611],[-87.7653,41.865582],[-87.774139,41.865459],[-87.77427,41.869254],[-87.774286,41.870023],[-87.774276,41.870567],[-87.774343,41.871364],[-87.774419,41.872997],[-87.775362,41.901998],[-87.765331,41.902148],[-87.745978,41.902352]]]}}]}