{"type":"FeatureCollection","features":[{"type":"Feature","properties":{"label":"60607","hover_name":null,"color_index":0,"label_lon":-87.659682,"label_lat":41.869979},"geometry":{"type":"Polygon","coordinates":[[[-87.647583,41.88905],[-87.647202,41.876672],[-87.633694,41.87685],[-87.633523,41.870179],[-87.633516,41.869949],[-87.633483,41.869862],[-87.633489,41.869115],[-87.633566,41.86732],[-87.633566,41.860138],[-87.634515,41.860133],[-87.63563,41.860077],[-87.637799,41.860013],[-87.639014,41.860018],[-87.641252,41.859994],[-87.644764,41.859953],[-87.645222,41.859933],[-87.646706,41.859911],[-87.646918,41.867154],[-87.664816,41.866863],[-87.666384,41.866862],[-87.666565,41.872632],[-87.666688,41.877643],[-87.666754,41.878925],[-87.666749,41.879992],[-87.66687,41.883212],[-87.666907,41.885122],[-87.666979,41.885404],[-87.667069,41.888852],[-87.665118,41.888855],[-87.660845,41.888904],[-87.660676,41.888861],[-87.66048,41.888911],[-87.659018,41.888921],[-87.658921,41.88895],[-87.658831,41.888923],[-87.654857,41.888978],[-87.65333,41.888977],[-87.649633,41.889015],[-87.647583,41.88905]]]}},{"type":"Feature","properties":{"label":"60661","hover_name":null,"color_index":3,"label_lon":-87.643558,"label_lat":41.882909},"geometry":{"type":"Polygon","coordinates":[[[-87.640813,41.889077],[-87.640632,41.889041],[-87.639973,41.889048],[-87.63999,41.888887],[-87.639949,41.887734],[-87.639958,41.887569],[-87.639859,41.886491],[-87.639843,41.885939],[-87.639861,41.885588],[-87.639826,41.885425],[-87.639785,41.883567],[-87.639717,41.882977],[-87.639562,41.878166],[-87.639547,41.877059],[-87.639571,41.876921],[-87.639623,41.876771],[-87.647202,41.876672],[-87.647583,41.88905],[-87.645788,41.889074],[-87.645349,41.889021],[-87.641589,41.889051],[-87.640813,41.889077]]]}},{"type":"Feature","properties":{"label":"60606","hover_name":null,"color_index":1,"label_lon":-87.636785,"label_lat":41.87931},"geometry":{"type":"Polygon","coordinates":[[[-87.636963,41.889132],[-87.636951,41.888819],[-87.63692,41.888698],[-87.636844,41.888545],[-87.636712,41.888376],[-87.635837,41.887409],[-87.635797,41.887428],[-87.635619,41.887452],[-87.63484,41.887468],[-87.634266,41.887519],[-87.633971,41.887528],[-87.6338,41.880714],[-87.63375,41.879494],[-87.633752,41.878758],[-87.633694,41.87685],[-87.639623,41.876771],[-87.639571,41.876921],[-87.639547,41.877059],[-87.639562,41.878166],[-87.639717,41.882977],[-87.639785,41.883567],[-87.639826,41.885425],[-87.639861,41.885588],[-87.639843,41.885939],[-87.639859,41.886491],[-87.639958,41.887569],[-87.639949,41.887734],[-87.63999,41.888887],[-87.639973,41.889048],[-87.639753,41.889052],[-87.639013,41.889106],[-87.638888,41.889096],[-87.638758,41.889061],[-87.638485,41.889062],[-87.638302,41.889065],[-87.637887,41.889112],[-87.636963,41.889132]]]}},{"type":"Feature","properties":{"label":"60615","hover_name":null,"color_index":2,"label_lon":-87.60316,"label_lat":41.802315},"geometry":{"type":"Polygon","coordinates":[[[-87.581032,41.804211],[-87.580895,41.804194],[-87.580666,41.804206],[-87.580545,41.804155],[-87.580177,41.803974],[-87.580115,41.803927],[-87.580045,41.803836],[-87.580025,41.803771],[-87.580015,41.803651],[-87.58003,41.803546],[-87.58006,41.803502],[-87.58011,41.803472],[-87.580191,41.803355],[-87.580447,41.802931],[-87.580289,41.802865],[-87.580335,41.802739],[-87.580449,41.802132],[-87.580501,41.801578],[-87.580497,41.801104],[-87.580416,41.800382],[-87.580282,41.799626],[-87.58011,41.799118],[-87.579788,41.798441],[-87.579937,41.798369],[-87.579608,41.798025],[-87.579334,41.797783],[-87.579013,41.797541],[-87.578468,41.797182],[-87.578363,41.797095],[-87.57821,41.797013],[-87.577988,41.79694],[-87.577831,41.796906],[-87.577553,41.796864],[-87.577316,41.796857],[-87.576838,41.796972],[-87.57659,41.797015],[-87.576507,41.797046],[-87.576316,41.797048],[-87.576138,41.797031],[-87.575883,41.796977],[-87.575706,41.796915],[-87.575621,41.796869],[-87.57548,41.796741],[-87.575312,41.796646],[-87.575272,41.796608],[-87.575229,41.796513],[-87.575165,41.796182],[-87.5752,41.796045],[-87.575326,41.795809],[-87.575403,41.795537],[-87.575406,41.795469],[-87.575444,41.79544],[-87.575781,41.795337],[-87.576097,41.795109],[-87.576166,41.795086],[-87.576327,41.795075],[-87.576458,41.795096],[-87.576651,41.795046],[-87.576853,41.795104],[-87.577454,41.795124],[-87.579213,41.795241],[-87.579329,41.795238],[-87.579688,41.795279],[-87.579925,41.795288],[-87.581252,41.795254],[-87.587549,41.795185],[-87.58921,41.795201],[-87.589207,41.795123],[-87.589233,41.795049],[-87.589311,41.794924],[-87.589416,41.794862],[-87.58955,41.794817],[-87.589862,41.794797],[-87.591858,41.794784],[-87.592019,41.794811],[-87.592204,41.794903],[-87.592261,41.794984],[-87.592307,41.795124],[-87.59586,41.795071],[-87.60574,41.794966],[-87.607383,41.794971],[-87.607401,41.794909],[-87.607596,41.794605],[-87.607941,41.794154],[-87.608582,41.793762],[-87.608869,41.793624],[-87.60938,41.793433],[-87.609898,41.793301],[-87.610277,41.793249],[-87.611142,41.7932],[-87.61136,41.793268],[-87.612293,41.79346],[-87.612671,41.793557],[-87.61383,41.794042],[-87.614404,41.794264],[-87.614573,41.794375],[-87.614653,41.794492],[-87.615862,41.794498],[-87.616091,41.794478],[-87.620717,41.794396],[-87.621739,41.79439],[-87.622581,41.794361],[-87.625691,41.7943],[-87.626085,41.809236],[-87.606137,41.809539],[-87.592201,41.809686],[-87.592075,41.8097],[-87.591769,41.809778],[-87.588843,41.810929],[-87.587222,41.811509],[-87.587041,41.811404],[-87.586988,41.811317],[-87.586986,41.811226],[-87.58694,41.811197],[-87.586934,41.811174],[-87.586952,41.811088],[-87.587008,41.811063],[-87.586989,41.810907],[-87.587037,41.810637],[-87.587017,41.810441],[-87.586925,41.810107],[-87.586747,41.809794],[-87.586642,41.809713],[-87.586451,41.809439],[-87.586441,41.80937],[-87.586484,41.809311],[-87.586388,41.809259],[-87.586339,41.809252],[-87.586273,41.809196],[-87.586291,41.809097],[-87.586222,41.809084],[-87.586105,41.808841],[-87.586105,41.808796],[-87.586148,41.808718],[-87.585705,41.808073],[-87.585683,41.808],[-87.585698,41.807977],[-87.585667,41.807902],[-87.585625,41.807848],[-87.585586,41.807846],[-87.585458,41.807617],[-87.585158,41.807215],[-87.584895,41.80694],[-87.584725,41.806812],[-87.584524,41.806624],[-87.584256,41.80644],[-87.583903,41.806239],[-87.583649,41.806032],[-87.583198,41.80576],[-87.582979,41.80559],[-87.582898,41.805583],[-87.582869,41.805542],[-87.582253,41.805117],[-87.581626,41.804649],[-87.581505,41.804545],[-87.581367,41.804377],[-87.58117,41.804255],[-87.581032,41.804211]]]}},{"type":"Feature","properties":{"label":"60643","hover_name":null,"color_index":2,"label_lon":-87.661429,"label_lat":41.701449},"geometry":{"type":"MultiPolygon","coordinates":[[[[-87.663263,41.721204],[-87.643214,41.721457],[-87.643052,41.715411],[-87.64299,41.713913],[-87.642975,41.71326],[-87.642984,41.712735],[-87.642843,41.707191],[-87.642148,41.684891],[-87.641665,41.67054],[-87.658287,41.670288],[-87.658652,41.670285],[-87.658795,41.670335],[-87.659364,41.670318],[-87.66115,41.670335],[-87.661384,41.677308],[-87.661365,41.677544],[-87.666771,41.677438],[-87.667316,41.675963],[-87.668404,41.676188],[-87.667951,41.677417],[-87.678499,41.677229],[-87.679555,41.677228],[-87.680696,41.677257],[-87.681559,41.704373],[-87.682514,41.735527],[-87.673372,41.735659],[-87.672785,41.735654],[-87.672622,41.735537],[-87.671656,41.734384],[-87.670799,41.733414],[-87.6697,41.732099],[-87.668799,41.73106],[-87.668362,41.730519],[-87.668201,41.730285],[-87.668057,41.730141],[-87.666979,41.728416],[-87.664218,41.722947],[-87.663263,41.721204]]],[[[-87.641422,41.657771],[-87.643664,41.65775],[-87.643842,41.65772],[-87.644025,41.657717],[-87.644752,41.657725],[-87.645911,41.65778],[-87.646988,41.65763],[-87.647217,41.663159],[-87.641421,41.663245],[-87.641245,41.658095],[-87.641428,41.658094],[-87.641422,41.657771]]]]}},{"type":"Feature","properties":{"label":"60621","hover_name":null,"color_index":1,"label_lon":-87.639805,"label_lat":41.775943},"geometry":{"type":"Polygon","coordinates":[[[-87.624934,41.76624],[-87.624758,41.758182],[-87.626407,41.75816],[-87.626965,41.758192],[-87.627577,41.75819],[-87.638842,41.758],[-87.641793,41.758109],[-87.643003,41.757862],[-87.644225,41.757741],[-87.645159,41.757714],[-87.653923,41.757593],[-87.654865,41.793802],[-87.646218,41.79392],[-87.633262,41.794161],[-87.630255,41.794205],[-87.625691,41.7943],[-87.625361,41.781582],[-87.625357,41.780798],[-87.625379,41.77985],[-87.625351,41.77876],[-87.625324,41.777951],[-87.625258,41.777427],[-87.625232,41.77704],[-87.625082,41.770887],[-87.625013,41.769341],[-87.624942,41.769194],[-87.624947,41.768782],[-87.624918,41.768305],[-87.624912,41.767638],[-87.624912,41.766661],[-87.624934,41.76624]]]}},{"type":"Feature","properties":{"label":"60629","hover_name":null,"color_index":1,"label_lon":-87.71286,"label_lat":41.774187},"geometry":{"type":"Polygon","coordinates":[[[-87.684042,41.793877],[-87.683048,41.757407],[-87.687973,41.756917],[-87.68802,41.757267],[-87.701444,41.757145],[-87.70262,41.757301],[-87.715983,41.757368],[-87.718844,41.757303],[-87.718996,41.757284],[-87.719247,41.757208],[-87.719426,41.757182],[-87.720488,41.757157],[-87.722176,41.757152],[-87.722175,41.756902],[-87.732434,41.756759],[-87.7416,41.756509],[-87.74169,41.758937],[-87.741779,41.760463],[-87.741785,41.761284],[-87.741855,41.762589],[-87.742034,41.770397],[-87.742137,41.774187],[-87.742181,41.775037],[-87.742184,41.775837],[-87.74222,41.776329],[-87.742265,41.777541],[-87.742541,41.786109],[-87.742508,41.786452],[-87.742388,41.786764],[-87.741768,41.787639],[-87.741647,41.787888],[-87.741573,41.788091],[-87.741447,41.788295],[-87.741504,41.789421],[-87.741524,41.790827],[-87.741587,41.791947],[-87.74162,41.792215],[-87.741674,41.792445],[-87.741985,41.793031],[-87.739211,41.793068],[-87.732821,41.793116],[-87.720628,41.793236],[-87.71103,41.793403],[-87.703418,41.793516],[-87.684315,41.793862],[-87.684042,41.793877]]]}},{"type":"Feature","properties":{"label":"60619","hover_name":null,"color_index":2,"label_lon":-87.605069,"label_lat":41.743509},"geometry":{"type":"Polygon","coordinates":[[[-87.585925,41.751747],[-87.585881,41.750945],[-87.585791,41.750571],[-87.585787,41.750383],[-87.585806,41.749736],[-87.585895,41.748859],[-87.585905,41.748327],[-87.585832,41.745197],[-87.585808,41.744812],[-87.585681,41.738408],[-87.585656,41.738122],[-87.585635,41.737343],[-87.585634,41.736271],[-87.585464,41.728303],[-87.585434,41.727959],[-87.58545,41.727682],[-87.585434,41.726871],[-87.585401,41.726424],[-87.585415,41.72616],[-87.585395,41.725111],[-87.585364,41.724642],[-87.585306,41.724264],[-87.585158,41.724125],[-87.585145,41.722576],[-87.585127,41.722339],[-87.591835,41.722248],[-87.593981,41.7222],[-87.595104,41.722197],[-87.601183,41.722105],[-87.60366,41.722039],[-87.604695,41.722045],[-87.605922,41.722032],[-87.621743,41.721762],[-87.623537,41.721717],[-87.623729,41.721671],[-87.623788,41.723135],[-87.623776,41.723484],[-87.623947,41.729296],[-87.624044,41.73002],[-87.624057,41.730701],[-87.624007,41.731667],[-87.624059,41.733666],[-87.624108,41.73409],[-87.624181,41.73721],[-87.624194,41.738499],[-87.624336,41.743843],[-87.62437,41.744568],[-87.62447,41.748834],[-87.624541,41.750862],[-87.624599,41.751868],[-87.624589,41.752154],[-87.62466,41.755379],[-87.624714,41.755724],[-87.624905,41.765453],[-87.624727,41.765455],[-87.62353,41.765535],[-87.622912,41.765555],[-87.614968,41.765718],[-87.606471,41.765864],[-87.605145,41.765869],[-87.604529,41.765798],[-87.595837,41.7659],[-87.595313,41.765986],[-87.594048,41.766004],[-87.590406,41.766014],[-87.58993,41.766086],[-87.589197,41.766128],[-87.58633,41.766151],[-87.586089,41.756945],[-87.586071,41.756026],[-87.58613,41.755921],[-87.586128,41.755237],[-87.586072,41.753096],[-87.586039,41.752052],[-87.585985,41.75179],[-87.585925,41.751747]]]}},{"type":"Feature","properties":{"label":"60642","hover_name":null,"color_index":1,"label_lon":-87.657793,"label_lat":41.903566},"geometry":{"type":"Polygon","coordinates":[[[-87.667069,41.888852],[-87.667259,41.894913],[-87.667617,41.908146],[-87.667809,41.914525],[-87.667815,41.915498],[-87.667761,41.917254],[-87.667961,41.917932],[-87.66737,41.917919],[-87.665239,41.918408],[-87.664958,41.918152],[-87.664752,41.917992],[-87.664602,41.917801],[-87.664445,41.917554],[-87.664297,41.917119],[-87.664216,41.916796],[-87.663896,41.91589],[-87.663771,41.915678],[-87.663706,41.915633],[-87.663029,41.915488],[-87.662789,41.915568],[-87.662649,41.915591],[-87.662449,41.915692],[-87.662276,41.915809],[-87.662066,41.91592],[-87.661781,41.916014],[-87.661513,41.916121],[-87.661329,41.916179],[-87.661132,41.916177],[-87.66093,41.916118],[-87.660735,41.91597],[-87.660268,41.915712],[-87.65987,41.915451],[-87.659235,41.915147],[-87.658651,41.914708],[-87.658077,41.914108],[-87.657862,41.913809],[-87.657715,41.913425],[-87.657595,41.912815],[-87.657057,41.911436],[-87.65693,41.911076],[-87.656861,41.910785],[-87.648272,41.91092],[-87.648116,41.904893],[-87.648107,41.903829],[-87.648074,41.903496],[-87.647806,41.897355],[-87.647755,41.896645],[-87.64771,41.89537],[-87.647718,41.894798],[-87.647675,41.893214],[-87.647619,41.892887],[-87.647594,41.892046],[-87.647641,41.891755],[-87.647583,41.88905],[-87.649633,41.889015],[-87.65333,41.888977],[-87.654857,41.888978],[-87.658831,41.888923],[-87.658921,41.88895],[-87.659018,41.888921],[-87.66048,41.888911],[-87.660676,41.888861],[-87.660845,41.888904],[-87.665118,41.888855],[-87.667069,41.888852]]]}},{"type":"Feature","properties":{"label":"60660","hover_name":null,"color_index":2,"label_lon":-87.667031,"label_lat":41.993328},"geometry":{"type":"Polygon","coordinates":[[[-87.654596,41.998241],[-87.654528,41.998113],[-87.654444,41.997683],[-87.654423,41.997368],[-87.654438,41.997277],[-87.654285,41.996364],[-87.654262,41.995993],[-87.654271,41.995958],[-87.654295,41.995951],[-87.654315,41.995967],[-87.654354,41.996075],[-87.654451,41.996086],[-87.654595,41.996063],[-87.654638,41.996041],[-87.654644,41.995946],[-87.654664,41.995943],[-87.654639,41.995684],[-87.65458,41.99553],[-87.654485,41.99537],[-87.654498,41.995272],[-87.654485,41.995128],[-87.654559,41.994956],[-87.654557,41.994763],[-87.6546,41.994531],[-87.654391,41.994533],[-87.654361,41.994295],[-87.6543,41.994265],[-87.654266,41.994108],[-87.654259,41.993966],[-87.65428,41.993881],[-87.654433,41.993861],[-87.654505,41.993668],[-87.654506,41.993657],[-87.654449,41.993654],[-87.654471,41.993626],[-87.654472,41.993572],[-87.654466,41.99348],[-87.654451,41.993478],[-87.654455,41.993464],[-87.654511,41.99346],[-87.654527,41.993392],[-87.654286,41.99308],[-87.654257,41.993064],[-87.6541,41.993051],[-87.654093,41.993006],[-87.654149,41.992584],[-87.65421,41.992371],[-87.6543,41.991814],[-87.654325,41.990996],[-87.654413,41.990993],[-87.654382,41.990925],[-87.654238,41.990867],[-87.654189,41.990292],[-87.654187,41.990216],[-87.654209,41.990167],[-87.654306,41.990122],[-87.654289,41.990068],[-87.654202,41.989964],[-87.654193,41.989924],[-87.654233,41.989689],[-87.654227,41.989532],[-87.654198,41.989464],[-87.654196,41.989376],[-87.654238,41.988659],[-87.654231,41.988541],[-87.654244,41.98852],[-87.654304,41.988502],[-87.654308,41.988406],[-87.653931,41.987976],[-87.653543,41.98757],[-87.653388,41.987458],[-87.653092,41.987297],[-87.652664,41.986968],[-87.652262,41.986692],[-87.651926,41.986429],[-87.65159,41.986137],[-87.651405,41.986026],[-87.651056,41.985764],[-87.650977,41.985723],[-87.650665,41.985608],[-87.65028,41.985545],[-87.650138,41.985509],[-87.650048,41.985467],[-87.649894,41.985422],[-87.649396,41.986404],[-87.649352,41.986393],[-87.650221,41.984669],[-87.650365,41.984339],[-87.650539,41.983833],[-87.652189,41.983868],[-87.652393,41.983884],[-87.653397,41.983868],[-87.654985,41.983833],[-87.655915,41.983692],[-87.67426,41.983403],[-87.674474,41.983394],[-87.674724,41.983326],[-87.678366,41.983258],[-87.679157,41.983267],[-87.679374,41.983255],[-87.679456,41.983218],[-87.679828,41.990675],[-87.679927,41.994263],[-87.680136,41.997895],[-87.670858,41.998073],[-87.667659,41.998113],[-87.656004,41.998236],[-87.655847,41.998221],[-87.655737,41.998175],[-87.654649,41.998295],[-87.654596,41.998241]]]}},{"type":"Feature","properties":{"label":"60604","hover_name":null,"color_index":2,"label_lon":-87.632706,"label_lat":41.877408},"geometry":{"type":"Polygon","coordinates":[[[-87.633694,41.87685],[-87.633754,41.879386],[-87.630338,41.879418],[-87.62771,41.879462],[-87.627643,41.879492],[-87.624352,41.879554],[-87.624366,41.880092],[-87.624335,41.880827],[-87.620791,41.880873],[-87.62072,41.878661],[-87.620677,41.878332],[-87.6172,41.878379],[-87.616346,41.878364],[-87.616336,41.877826],[-87.616305,41.877819],[-87.616247,41.8771],[-87.617401,41.877103],[-87.624656,41.877006],[-87.627529,41.876941],[-87.627794,41.876917],[-87.629555,41.876892],[-87.632914,41.876869],[-87.633694,41.87685]]]}},{"type":"Feature","properties":{"label":"60633","hover_name":null,"color_index":2,"label_lon":-87.556517,"label_lat":41.659276},"geometry":{"type":"Polygon","coordinates":[[[-87.600811,41.674334],[-87.58363,41.673595],[-87.578608,41.673624],[-87.575081,41.673655],[-87.573964,41.673677],[-87.565539,41.673741],[-87.564093,41.673737],[-87.559253,41.673771],[-87.555824,41.673755],[-87.549575,41.673593],[-87.524836,41.673551],[-87.525166,41.644543],[-87.529938,41.644574],[-87.53503,41.644558],[-87.549803,41.644573],[-87.562374,41.644664],[-87.574869,41.64468],[-87.577251,41.644709],[-87.578377,41.644695],[-87.584786,41.644703],[-87.584898,41.655616],[-87.587651,41.658806],[-87.588679,41.660031],[-87.59012,41.661652],[-87.590741,41.66241],[-87.592389,41.66428],[-87.593065,41.665095],[-87.600031,41.673181],[-87.600292,41.673512],[-87.600466,41.673762],[-87.600811,41.674334]]]}},{"type":"Feature","properties":{"label":"60624","hover_name":null,"color_index":1,"label_lon":-87.723104,"label_lat":41.880753},"geometry":{"type":"Polygon","coordinates":[[[-87.706556,41.895553],[-87.706174,41.882933],[-87.705922,41.873812],[-87.705669,41.866405],[-87.716635,41.866285],[-87.739982,41.865959],[-87.740481,41.880554],[-87.740087,41.880558],[-87.740157,41.882002],[-87.7402,41.884032],[-87.740229,41.884614],[-87.740227,41.885075],[-87.740282,41.886099],[-87.740299,41.887362],[-87.740323,41.887512],[-87.740303,41.887561],[-87.74023,41.887602],[-87.740882,41.887687],[-87.741111,41.891457],[-87.741204,41.892345],[-87.741222,41.89324],[-87.741272,41.894035],[-87.741337,41.894136],[-87.741402,41.895003],[-87.741505,41.895095],[-87.739519,41.895119],[-87.726238,41.895366],[-87.706556,41.895553]]]}},{"type":"Feature","properties":{"label":"60644","hover_name":null,"color_index":2,"label_lon":-87.757565,"label_lat":41.880222},"geometry":{"type":"Polygon","coordinates":[[[-87.740147,41.881875],[-87.740087,41.880558],[-87.740481,41.880554],[-87.739982,41.865959],[-87.774139,41.865459],[-87.77427,41.869254],[-87.774286,41.870023],[-87.774276,41.870567],[-87.774343,41.871364],[-87.774419,41.872997],[-87.775129,41.894712],[-87.765162,41.894858],[-87.756685,41.894921],[-87.753302,41.894961],[-87.752949,41.894948],[-87.752043,41.894953],[-87.746036,41.895001],[-87.742393,41.895065],[-87.741505,41.895095],[-87.741402,41.895003],[-87.741337,41.894136],[-87.741272,41.894035],[-87.741222,41.89324],[-87.741204,41.892345],[-87.741111,41.891457],[-87.740882,41.887687],[-87.74023,41.887602],[-87.740303,41.887561],[-87.740323,41.887512],[-87.740299,41.887362],[-87.740282,41.886099],[-87.740227,41.885075],[-87.740229,41.884614],[-87.7402,41.884032],[-87.740147,41.881875]]]}},{"type":"Feature","properties":{"label":"60603","hover_name":null,"color_index":0,"label_lon":-87.617459,"label_lat":41.879243},"geometry":{"type":"Polygon","coordinates":[[[-87.616335,41.882112],[-87.616432,41.881964],[-87.616497,41.881779],[-87.616498,41.881414],[-87.615754,41.881417],[-87.615722,41.880567],[-87.616478,41.880557],[-87.616458,41.879777],[-87.616372,41.87978],[-87.616346,41.878364],[-87.6172,41.878379],[-87.620677,41.878332],[-87.62072,41.878661],[-87.620791,41.880873],[-87.624335,41.880827],[-87.624366,41.880092],[-87.624352,41.879554],[-87.627643,41.879492],[-87.62771,41.879462],[-87.630338,41.879418],[-87.633754,41.879386],[-87.633824,41.881946],[-87.628072,41.882016],[-87.627594,41.882062],[-87.626661,41.882077],[-87.616238,41.882207],[-87.616335,41.882112]]]}},{"type":"Feature","properties":{"label":"60827","hover_name":null,"color_index":0,"label_lon":-87.602208,"label_lat":41.652422},"geometry":{"type":"Polygon","coordinates":[[[-87.584786,41.644703],[-87.585672,41.644704],[-87.589449,41.644651],[-87.592835,41.644639],[-87.595282,41.644596],[-87.598239,41.644612],[-87.613359,41.644609],[-87.617216,41.644584],[-87.617237,41.647625],[-87.61723,41.650276],[-87.618034,41.650374],[-87.620205,41.650847],[-87.620316,41.650886],[-87.619823,41.65183],[-87.619445,41.652658],[-87.619067,41.653612],[-87.618746,41.654578],[-87.618482,41.655553],[-87.61771,41.659105],[-87.608077,41.659135],[-87.606703,41.659159],[-87.606205,41.659145],[-87.604395,41.659147],[-87.603883,41.659133],[-87.603411,41.659152],[-87.601743,41.659166],[-87.600434,41.659212],[-87.598543,41.659336],[-87.595718,41.659746],[-87.59531,41.659825],[-87.594448,41.659953],[-87.593825,41.660074],[-87.592595,41.660255],[-87.591412,41.660364],[-87.590674,41.6604],[-87.589,41.660392],[-87.584898,41.655616],[-87.584786,41.644703]]]}},{"type":"Feature","properties":{"label":"60666","hover_name":null,"color_index":1,"label_lon":-87.907199,"label_lat":41.97878},"geometry":{"type":"MultiPolygon","coordinates":[[[[-87.895983,42.005785],[-87.895983,42.005647],[-87.895763,42.005654],[-87.895763,42.005877],[-87.895309,42.005669],[-87.894295,42.005702],[-87.894346,42.002708],[-87.893547,42.002737],[-87.893578,42.003332],[-87.893229,42.003344],[-87.893265,42.003942],[-87.89189,42.003987],[-87.889997,42.003227],[-87.890265,42.002853],[-87.890382,42.00285],[-87.890385,42.0023],[-87.894355,42.00217],[-87.894357,42.00206],[-87.899236,42.001899],[-87.902406,42.003615],[-87.902404,42.004027],[-87.90406,42.003973],[-87.904062,42.00356],[-87.903115,42.00342],[-87.899543,42.001477],[-87.897441,42.001546],[-87.897458,42.000532],[-87.89297,41.999913],[-87.890811,41.999572],[-87.890753,41.99961],[-87.889828,41.999447],[-87.889398,41.999388],[-87.886751,41.998866],[-87.88496,41.998463],[-87.884955,41.998297],[-87.884533,41.998195],[-87.884543,41.995099],[-87.880355,41.99523],[-87.876911,41.985669],[-87.875857,41.985701],[-87.875863,41.982939],[-87.874894,41.980247],[-87.875022,41.980244],[-87.873731,41.976657],[-87.875883,41.976603],[-87.875893,41.973894],[-87.875962,41.972987],[-87.877323,41.97294],[-87.880773,41.972855],[-87.880835,41.965504],[-87.880788,41.9572],[-87.881633,41.957111],[-87.883828,41.957362],[-87.883846,41.9573],[-87.885629,41.95754],[-87.885629,41.957486],[-87.890266,41.958096],[-87.892899,41.958051],[-87.892877,41.950794],[-87.903776,41.950618],[-87.912298,41.952371],[-87.912282,41.951433],[-87.91451,41.951985],[-87.914731,41.952026],[-87.914773,41.954341],[-87.914798,41.954713],[-87.914892,41.955456],[-87.914961,41.955826],[-87.915044,41.956194],[-87.915228,41.956845],[-87.915781,41.957132],[-87.916139,41.957271],[-87.916557,41.957405],[-87.91703,41.957514],[-87.92,41.958012],[-87.92,41.958151],[-87.922171,41.958384],[-87.922187,41.956531],[-87.922169,41.953873],[-87.924752,41.954502],[-87.926353,41.954864],[-87.926357,41.959017],[-87.92839,41.959336],[-87.930735,41.959738],[-87.932082,41.959942],[-87.932254,41.964799],[-87.934771,41.9648],[-87.934764,41.966825],[-87.936805,41.965406],[-87.938126,41.964279],[-87.939718,41.964285],[-87.939713,41.978636],[-87.939858,41.990153],[-87.939878,41.990488],[-87.93993,41.993491],[-87.938801,41.993533],[-87.938651,41.994249],[-87.938387,41.995184],[-87.938047,41.996097],[-87.937615,41.997031],[-87.937274,41.997649],[-87.936668,41.998593],[-87.936122,41.999328],[-87.935525,42.00004],[-87.934655,42.000902],[-87.934286,42.001237],[-87.933769,42.001665],[-87.933322,42.002006],[-87.930403,42.004126],[-87.930363,42.002206],[-87.925463,42.00226],[-87.925445,42.001045],[-87.920516,42.001131],[-87.920519,42.001197],[-87.920437,42.001199],[-87.920511,42.004953],[-87.913771,42.005075],[-87.91377,42.008705],[-87.913751,42.008706],[-87.91331,42.008721],[-87.913306,42.006258],[-87.91303,42.006268],[-87.913027,42.005088],[-87.911335,42.005118],[-87.911334,42.005095],[-87.908274,42.005208],[-87.908274,42.005227],[-87.907674,42.005249],[-87.90768,42.008922],[-87.90575,42.008991],[-87.902383,42.008091],[-87.902384,42.007916],[-87.899162,42.00705],[-87.898354,42.006793],[-87.897564,42.006495],[-87.895983,42.005785]]],[[[-87.937079,41.998586],[-87.94002,41.998107],[-87.940114,42.000789],[-87.935144,42.000889],[-87.935512,42.000481],[-87.935986,42.000014],[-87.936615,41.999233],[-87.937079,41.998586]]],[[[-87.933485,42.005424],[-87.933613,42.004882],[-87.934373,42.004983],[-87.934303,42.001963],[-87.933889,42.001972],[-87.934295,42.001647],[-87.934297,42.001729],[-87.935095,42.000938],[-87.935288,42.008151],[-87.93358,42.008174],[-87.933563,42.008019],[-87.933506,42.005565],[-87.933485,42.005424]]]]}},{"type":"Feature","properties":{"label":"60625","hover_name":null,"color_index":1,"label_lon":-87.703714,"label_lat":41.972159},"geometry":{"type":"Polygon","coordinates":[[[-87.678959,41.961458],[-87.688932,41.961309],[-87.708726,41.961183],[-87.727828,41.960947],[-87.728433,41.982832],[-87.72734,41.982827],[-87.709324,41.983068],[-87.679456,41.983218],[-87.679506,41.983156],[-87.679518,41.983068],[-87.679501,41.982187],[-87.67956,41.981787],[-87.679567,41.981381],[-87.679069,41.964553],[-87.678959,41.961458]]]}},{"type":"Feature","properties":{"label":"60641","hover_name":null,"color_index":3,"label_lon":-87.747075,"label_lat":41.945999},"geometry":{"type":"Polygon","coordinates":[[[-87.726979,41.93179],[-87.766246,41.931277],[-87.766796,41.947008],[-87.767243,41.960484],[-87.727828,41.960947],[-87.726979,41.93179]]]}},{"type":"Feature","properties":{"label":"60659","hover_name":null,"color_index":0,"label_lon":-87.703138,"label_lat":41.988896},"geometry":{"type":"Polygon","coordinates":[[[-87.679456,41.983218],[-87.709324,41.983068],[-87.72734,41.982827],[-87.728433,41.982832],[-87.728575,41.988285],[-87.72864,41.990135],[-87.726458,41.990163],[-87.726479,41.991936],[-87.728827,41.990815],[-87.728864,41.991213],[-87.728909,41.997239],[-87.718584,41.997278],[-87.713955,41.997313],[-87.680136,41.997895],[-87.679927,41.994263],[-87.679828,41.990675],[-87.679456,41.983218]]]}},{"type":"Feature","properties":{"label":"60613","hover_name":null,"color_index":2,"label_lon":-87.659841,"label_lat":41.95245},"geometry":{"type":"Polygon","coordinates":[[[-87.638943,41.950088],[-87.643461,41.948638],[-87.647126,41.947396],[-87.64738,41.947325],[-87.649199,41.947306],[-87.649799,41.947319],[-87.653561,41.947249],[-87.656313,41.947213],[-87.656849,41.947184],[-87.668666,41.94699],[-87.678553,41.946864],[-87.678939,41.960228],[-87.678959,41.961458],[-87.668506,41.961604],[-87.656104,41.961756],[-87.647385,41.961883],[-87.642042,41.961933],[-87.64217,41.96176],[-87.642276,41.961516],[-87.642296,41.961371],[-87.642282,41.961185],[-87.642196,41.960957],[-87.641949,41.960678],[-87.641673,41.960444],[-87.641596,41.960347],[-87.641525,41.960183],[-87.641522,41.960091],[-87.641613,41.959396],[-87.641022,41.959351],[-87.641026,41.959297],[-87.641629,41.959331],[-87.641745,41.958364],[-87.641582,41.957664],[-87.641527,41.957152],[-87.641424,41.956592],[-87.641347,41.956291],[-87.641288,41.955856],[-87.641126,41.955179],[-87.641013,41.954761],[-87.640845,41.95425],[-87.640782,41.954177],[-87.640668,41.953892],[-87.640592,41.953612],[-87.640487,41.953601],[-87.640224,41.952888],[-87.639844,41.952017],[-87.638943,41.950088]]]}},{"type":"Feature","properties":{"label":"60632","hover_name":null,"color_index":2,"label_lon":-87.71394,"label_lat":41.813313},"geometry":{"type":"Polygon","coordinates":[[[-87.698298,41.829966],[-87.693895,41.830112],[-87.685034,41.830281],[-87.684853,41.824191],[-87.684852,41.823811],[-87.684903,41.823057],[-87.684838,41.822907],[-87.684793,41.822123],[-87.6845,41.810503],[-87.684351,41.805933],[-87.684366,41.804489],[-87.684292,41.803676],[-87.68428,41.80333],[-87.684042,41.793877],[-87.684315,41.793862],[-87.703418,41.793516],[-87.71103,41.793403],[-87.720628,41.793236],[-87.732821,41.793116],[-87.739211,41.793068],[-87.741985,41.793031],[-87.742221,41.793462],[-87.742741,41.794543],[-87.742815,41.795003],[-87.742947,41.799128],[-87.743008,41.802329],[-87.743361,41.815025],[-87.743385,41.816628],[-87.743466,41.818193],[-87.743465,41.81876],[-87.738933,41.820381],[-87.738577,41.820535],[-87.738486,41.82212],[-87.738725,41.833057],[-87.733979,41.833124],[-87.732762,41.833164],[-87.729107,41.833242],[-87.729061,41.833218],[-87.728971,41.833207],[-87.724272,41.833285],[-87.724115,41.825605],[-87.723089,41.825899],[-87.721753,41.826245],[-87.721792,41.829704],[-87.716855,41.829726],[-87.699642,41.829948],[-87.698387,41.829929],[-87.698298,41.829966]]]}},{"type":"Feature","properties":{"label":"60609","hover_name":null,"color_index":0,"label_lon":-87.655347,"label_lat":41.812171},"geometry":{"type":"Polygon","coordinates":[[[-87.626644,41.831014],[-87.626592,41.829656],[-87.626528,41.829575],[-87.626414,41.824946],[-87.626413,41.823914],[-87.626431,41.823534],[-87.62635,41.819351],[-87.625691,41.7943],[-87.630255,41.794205],[-87.633262,41.794161],[-87.646218,41.79392],[-87.650374,41.793872],[-87.654678,41.7938],[-87.655114,41.793805],[-87.663203,41.793677],[-87.674027,41.793552],[-87.674764,41.793556],[-87.675777,41.793534],[-87.682628,41.793456],[-87.682948,41.793442],[-87.683211,41.793444],[-87.684042,41.793877],[-87.68428,41.80333],[-87.684292,41.803676],[-87.684366,41.804489],[-87.684351,41.805933],[-87.6845,41.810503],[-87.684793,41.822123],[-87.684838,41.822907],[-87.684903,41.823057],[-87.684852,41.823811],[-87.684853,41.824191],[-87.685034,41.830281],[-87.656345,41.830611],[-87.634801,41.8309],[-87.632622,41.830941],[-87.631836,41.830928],[-87.626644,41.831014]]]}},{"type":"Feature","properties":{"label":"60626","hover_name":null,"color_index":1,"label_lon":-87.669837,"label_lat":42.010452},"geometry":{"type":"Polygon","coordinates":[[[-87.664449,42.021428],[-87.664186,42.021252],[-87.664009,42.021332],[-87.663858,42.020728],[-87.663885,42.020719],[-87.663809,42.02045],[-87.663739,42.02039],[-87.663729,42.020361],[-87.663754,42.020346],[-87.663927,42.020317],[-87.663885,42.020181],[-87.664008,42.020177],[-87.663855,42.019659],[-87.663878,42.019642],[-87.663927,42.019642],[-87.663928,42.019603],[-87.663879,42.019515],[-87.663642,42.019504],[-87.663638,42.019373],[-87.663834,42.019364],[-87.663856,42.019348],[-87.663869,42.019204],[-87.663986,42.019185],[-87.66398,42.019076],[-87.663715,42.018741],[-87.663566,42.018628],[-87.663418,42.018621],[-87.663355,42.018583],[-87.663282,42.018434],[-87.663282,42.018322],[-87.663327,42.018301],[-87.663333,42.018151],[-87.663412,42.018149],[-87.663344,42.017968],[-87.663288,42.017922],[-87.663269,42.017852],[-87.663302,42.01782],[-87.663273,42.017765],[-87.663143,42.017723],[-87.66313,42.017294],[-87.663195,42.01729],[-87.663184,42.017211],[-87.663153,42.017172],[-87.662999,42.017139],[-87.662995,42.017093],[-87.663059,42.016882],[-87.663094,42.016855],[-87.663005,42.016742],[-87.662878,42.016699],[-87.662841,42.016649],[-87.662805,42.016648],[-87.662766,42.016536],[-87.66275,42.016265],[-87.662725,42.016191],[-87.662625,42.016122],[-87.662554,42.016045],[-87.662539,42.015948],[-87.662583,42.015857],[-87.662547,42.015804],[-87.662527,42.015606],[-87.662465,42.015427],[-87.662291,42.015215],[-87.662219,42.015105],[-87.662171,42.014981],[-87.662086,42.014963],[-87.661999,42.014584],[-87.661895,42.014426],[-87.661784,42.014043],[-87.661699,42.013973],[-87.661572,42.013731],[-87.661504,42.013473],[-87.661515,42.013406],[-87.661605,42.01336],[-87.661621,42.01332],[-87.6615,42.013124],[-87.661326,42.01295],[-87.661249,42.012773],[-87.661191,42.01277],[-87.661197,42.012693],[-87.661176,42.012588],[-87.661132,42.012499],[-87.660934,42.012227],[-87.660939,42.012209],[-87.661074,42.012168],[-87.661014,42.012026],[-87.660788,42.011753],[-87.660643,42.01162],[-87.660384,42.011447],[-87.660147,42.01124],[-87.660139,42.011219],[-87.660278,42.011155],[-87.66012,42.010981],[-87.659217,42.01024],[-87.658897,42.009849],[-87.65889,42.009783],[-87.658953,42.00976],[-87.658841,42.009749],[-87.65879,42.00971],[-87.658661,42.00954],[-87.658116,42.009051],[-87.657519,42.008454],[-87.657338,42.008316],[-87.65698,42.008001],[-87.65684,42.007844],[-87.656745,42.00768],[-87.65646,42.007422],[-87.655371,42.006709],[-87.655096,42.006922],[-87.655062,42.006899],[-87.655844,42.006307],[-87.657394,42.006279],[-87.657412,42.006201],[-87.657421,42.005616],[-87.657312,42.005072],[-87.657072,42.004623],[-87.657046,42.004596],[-87.657022,42.004595],[-87.657026,42.004531],[-87.656968,42.004418],[-87.656821,42.004242],[-87.656743,42.004243],[-87.656744,42.004296],[-87.656712,42.004296],[-87.656711,42.004216],[-87.657287,42.004212],[-87.657289,42.003925],[-87.657238,42.003711],[-87.657114,42.003563],[-87.656975,42.003201],[-87.657005,42.003129],[-87.656919,42.002949],[-87.656875,42.002753],[-87.656897,42.0026],[-87.656865,42.002521],[-87.65659,42.002151],[-87.656445,42.002064],[-87.656042,42.00122],[-87.655993,42.001096],[-87.655965,42.000933],[-87.656038,42.000795],[-87.656007,42.00066],[-87.655622,41.99955],[-87.655308,41.99911],[-87.655214,41.99906],[-87.655091,41.998902],[-87.654649,41.998295],[-87.655737,41.998175],[-87.655847,41.998221],[-87.656004,41.998236],[-87.667659,41.998113],[-87.670858,41.998073],[-87.680136,41.997895],[-87.680354,42.004695],[-87.680339,42.005037],[-87.680171,42.005206],[-87.681842,42.008845],[-87.68014,42.008876],[-87.680298,42.013446],[-87.680319,42.013523],[-87.680464,42.013683],[-87.680494,42.013739],[-87.680448,42.019447],[-87.67728,42.019427],[-87.677079,42.019408],[-87.67607,42.019395],[-87.673118,42.019386],[-87.676241,42.021928],[-87.676646,42.02246],[-87.677056,42.023039],[-87.665126,42.022948],[-87.665267,42.022747],[-87.665284,42.022696],[-87.665267,42.022618],[-87.665165,42.022472],[-87.665051,42.022362],[-87.664939,42.022291],[-87.664846,42.022266],[-87.664793,42.022225],[-87.664749,42.022089],[-87.664699,42.022025],[-87.664632,42.021872],[-87.664649,42.021785],[-87.664718,42.021734],[-87.664645,42.02161],[-87.664449,42.021428]]]}},{"type":"Feature","properties":{"label":"60610","hover_name":null,"color_index":0,"label_lon":-87.635717,"label_lat":41.903815},"geometry":{"type":"Polygon","coordinates":[[[-87.628199,41.896677],[-87.63521,41.896581],[-87.635438,41.896591],[-87.635923,41.896569],[-87.637412,41.896547],[-87.645032,41.896446],[-87.646522,41.89642],[-87.647428,41.896388],[-87.647745,41.896399],[-87.647769,41.896984],[-87.647806,41.897355],[-87.648074,41.903496],[-87.648107,41.903829],[-87.648116,41.904893],[-87.648272,41.91092],[-87.644985,41.910968],[-87.643624,41.911004],[-87.643064,41.911043],[-87.642291,41.911061],[-87.636847,41.91114],[-87.635051,41.911161],[-87.631974,41.911164],[-87.631382,41.911198],[-87.631006,41.911189],[-87.627663,41.911242],[-87.624669,41.911249],[-87.624687,41.910852],[-87.624703,41.910796],[-87.624802,41.910622],[-87.624987,41.910463],[-87.625041,41.91039],[-87.625116,41.91018],[-87.625143,41.909916],[-87.62509,41.909111],[-87.625019,41.90854],[-87.624809,41.907527],[-87.624596,41.906999],[-87.623572,41.904077],[-87.623723,41.904049],[-87.623607,41.903947],[-87.623169,41.903724],[-87.622908,41.903508],[-87.622656,41.903254],[-87.624761,41.903244],[-87.628628,41.90318],[-87.628321,41.902373],[-87.62835,41.902323],[-87.628356,41.90218],[-87.628199,41.896677]]]}},{"type":"Feature","properties":{"label":"60654","hover_name":null,"color_index":2,"label_lon":-87.6433,"label_lat":41.892022},"geometry":{"type":"Polygon","coordinates":[[[-87.628199,41.896677],[-87.62811,41.893394],[-87.628121,41.893168],[-87.628106,41.892606],[-87.628082,41.892369],[-87.627998,41.889727],[-87.627992,41.889345],[-87.628059,41.889145],[-87.628002,41.887473],[-87.628238,41.887449],[-87.628985,41.887426],[-87.630068,41.887421],[-87.630785,41.887431],[-87.63223,41.88748],[-87.633372,41.887476],[-87.633774,41.887534],[-87.634266,41.887519],[-87.63484,41.887468],[-87.635619,41.887452],[-87.635797,41.887428],[-87.635837,41.887409],[-87.636712,41.888376],[-87.636844,41.888545],[-87.63692,41.888698],[-87.636951,41.888819],[-87.636963,41.889132],[-87.637887,41.889112],[-87.638302,41.889065],[-87.638758,41.889061],[-87.638978,41.889106],[-87.639828,41.889048],[-87.640632,41.889041],[-87.640813,41.889077],[-87.641589,41.889051],[-87.645349,41.889021],[-87.645788,41.889074],[-87.647583,41.88905],[-87.647641,41.891755],[-87.647594,41.892046],[-87.647619,41.892887],[-87.647675,41.893214],[-87.647745,41.896399],[-87.647428,41.896388],[-87.646522,41.89642],[-87.645032,41.896446],[-87.637412,41.896547],[-87.635923,41.896569],[-87.635438,41.896591],[-87.63521,41.896581],[-87.628199,41.896677]]]}},{"type":"Feature","properties":{"label":"60651","hover_name":null,"color_index":0,"label_lon":-87.74108,"label_lat":41.90253},"geometry":{"type":"Polygon","coordinates":[[[-87.706556,41.895553],[-87.726238,41.895366],[-87.739519,41.895119],[-87.741505,41.895095],[-87.742393,41.895065],[-87.746036,41.895001],[-87.752043,41.894953],[-87.752949,41.894948],[-87.753302,41.894961],[-87.756685,41.894921],[-87.765162,41.894858],[-87.775129,41.894712],[-87.775599,41.909254],[-87.743601,41.909652],[-87.72568,41.909896],[-87.720998,41.909945],[-87.720585,41.909939],[-87.70696,41.910115],[-87.706992,41.910011],[-87.707005,41.909571],[-87.706556,41.895553]]]}},{"type":"Feature","properties":{"label":"60623","hover_name":null,"color_index":0,"label_lon":-87.717297,"label_lat":41.845576},"geometry":{"type":"Polygon","coordinates":[[[-87.694793,41.830075],[-87.698298,41.829966],[-87.698387,41.829929],[-87.699642,41.829948],[-87.716855,41.829726],[-87.721792,41.829704],[-87.721753,41.826245],[-87.723089,41.825899],[-87.724115,41.825605],[-87.724272,41.833285],[-87.728971,41.833207],[-87.729061,41.833218],[-87.729107,41.833242],[-87.732762,41.833164],[-87.733979,41.833124],[-87.738725,41.833057],[-87.738812,41.836726],[-87.738933,41.836724],[-87.738988,41.838549],[-87.739109,41.838548],[-87.739449,41.8496],[-87.739469,41.8496],[-87.739498,41.851142],[-87.739771,41.858653],[-87.739982,41.865959],[-87.716635,41.866285],[-87.695907,41.866511],[-87.695662,41.858184],[-87.695164,41.843042],[-87.69512,41.8415],[-87.69513,41.841029],[-87.695088,41.839295],[-87.694919,41.833526],[-87.694937,41.832985],[-87.694886,41.832419],[-87.694842,41.830974],[-87.694793,41.830075]]]}},{"type":"Feature","properties":{"label":"60611","hover_name":null,"color_index":1,"label_lon":-87.622463,"label_lat":41.897437},"geometry":{"type":"Polygon","coordinates":[[[-87.614907,41.894671],[-87.613686,41.893129],[-87.61337,41.893233],[-87.612867,41.893362],[-87.612623,41.893409],[-87.612555,41.893413],[-87.61203,41.893327],[-87.611851,41.893582],[-87.610383,41.895927],[-87.610271,41.896098],[-87.610154,41.896228],[-87.610027,41.896244],[-87.608194,41.896276],[-87.607976,41.896273],[-87.607934,41.896267],[-87.607904,41.896244],[-87.607871,41.896255],[-87.607607,41.896245],[-87.607573,41.896256],[-87.606749,41.896268],[-87.606689,41.896235],[-87.606553,41.896237],[-87.606554,41.896283],[-87.605865,41.896296],[-87.605863,41.89625],[-87.605727,41.896249],[-87.605667,41.896285],[-87.605185,41.896289],[-87.605082,41.896317],[-87.604961,41.896331],[-87.604217,41.896327],[-87.603127,41.896364],[-87.602426,41.896371],[-87.60237,41.896343],[-87.602343,41.896224],[-87.602293,41.893314],[-87.602352,41.893265],[-87.609822,41.893146],[-87.609796,41.892221],[-87.600911,41.892365],[-87.600911,41.892408],[-87.600783,41.892442],[-87.600715,41.892443],[-87.600592,41.892415],[-87.600582,41.89224],[-87.598549,41.892274],[-87.598524,41.89145],[-87.600567,41.891415],[-87.600561,41.891112],[-87.600719,41.891075],[-87.600887,41.891107],[-87.60089,41.891151],[-87.609535,41.891013],[-87.609486,41.88939],[-87.607665,41.889369],[-87.607642,41.889351],[-87.607637,41.889283],[-87.607664,41.889258],[-87.607707,41.889257],[-87.607671,41.889226],[-87.607653,41.888674],[-87.607566,41.888675],[-87.607514,41.88864],[-87.605438,41.888673],[-87.605433,41.888709],[-87.605199,41.888715],[-87.605146,41.888677],[-87.604738,41.888681],[-87.604686,41.888657],[-87.604675,41.888612],[-87.604732,41.88857],[-87.605134,41.88856],[-87.605214,41.888454],[-87.607617,41.888429],[-87.610451,41.88848],[-87.611427,41.888512],[-87.611786,41.888465],[-87.613253,41.888404],[-87.615266,41.888423],[-87.617255,41.888328],[-87.618012,41.888311],[-87.6212,41.888656],[-87.622714,41.888836],[-87.623607,41.888905],[-87.623858,41.888893],[-87.624032,41.888818],[-87.624187,41.888823],[-87.624514,41.888882],[-87.625094,41.888905],[-87.625334,41.888825],[-87.625664,41.888677],[-87.625987,41.888505],[-87.626356,41.888245],[-87.627265,41.88766],[-87.627617,41.887512],[-87.628002,41.887473],[-87.628059,41.889145],[-87.627992,41.889345],[-87.627998,41.889727],[-87.628082,41.892369],[-87.628106,41.892606],[-87.628121,41.893168],[-87.62811,41.893394],[-87.628344,41.901681],[-87.628356,41.90218],[-87.62835,41.902323],[-87.628321,41.902373],[-87.628628,41.90318],[-87.624761,41.903244],[-87.622656,41.903254],[-87.622296,41.902848],[-87.62193,41.902369],[-87.621858,41.902197],[-87.621868,41.902046],[-87.621397,41.901904],[-87.620521,41.901737],[-87.619876,41.901546],[-87.619638,41.901417],[-87.619414,41.901265],[-87.619311,41.901174],[-87.619035,41.900857],[-87.617201,41.898064],[-87.616362,41.896882],[-87.614907,41.894671]]]}},{"type":"Feature","properties":{"label":"60630","hover_name":null,"color_index":2,"label_lon":-87.758041,"label_lat":41.967198},"geometry":{"type":"Polygon","coordinates":[[[-87.752437,41.983225],[-87.751476,41.982118],[-87.750872,41.982401],[-87.750773,41.982358],[-87.749612,41.982902],[-87.749586,41.983023],[-87.748221,41.982626],[-87.745796,41.982625],[-87.743109,41.982702],[-87.743085,41.982632],[-87.743057,41.982617],[-87.742793,41.98261],[-87.741832,41.982644],[-87.740854,41.982665],[-87.740611,41.982658],[-87.738135,41.982716],[-87.737943,41.98274],[-87.737668,41.982739],[-87.737341,41.982771],[-87.737107,41.982755],[-87.729406,41.982838],[-87.728433,41.982832],[-87.727828,41.960947],[-87.767594,41.960481],[-87.786805,41.960217],[-87.78689,41.962691],[-87.786963,41.963143],[-87.787048,41.963304],[-87.786804,41.963448],[-87.786779,41.963471],[-87.786769,41.96355],[-87.786736,41.967343],[-87.786757,41.96763],[-87.786759,41.968384],[-87.786772,41.968427],[-87.788013,41.968411],[-87.787735,41.982899],[-87.784684,41.982898],[-87.783778,41.982915],[-87.78314,41.982902],[-87.779037,41.98291],[-87.777818,41.9829],[-87.764897,41.982953],[-87.759241,41.983129],[-87.752437,41.983225]]]}},{"type":"Feature","properties":{"label":"60640","hover_name":null,"color_index":3,"label_lon":-87.662374,"label_lat":41.971504},"geometry":{"type":"Polygon","coordinates":[[[-87.650539,41.983833],[-87.650683,41.983192],[-87.650735,41.982693],[-87.650695,41.980926],[-87.650669,41.980661],[-87.650589,41.98035],[-87.650221,41.979723],[-87.650384,41.979616],[-87.650439,41.979545],[-87.650475,41.979457],[-87.650281,41.979392],[-87.650233,41.979358],[-87.649765,41.978906],[-87.648774,41.978153],[-87.648651,41.977997],[-87.648604,41.97784],[-87.647543,41.977783],[-87.647369,41.977763],[-87.64712,41.977701],[-87.646965,41.97764],[-87.646822,41.977563],[-87.646691,41.977471],[-87.646145,41.977837],[-87.646115,41.97781],[-87.646662,41.977443],[-87.646559,41.97734],[-87.646443,41.977168],[-87.646366,41.976919],[-87.646258,41.973468],[-87.64623,41.973221],[-87.646143,41.972855],[-87.646005,41.972499],[-87.645689,41.97187],[-87.64545,41.971456],[-87.645027,41.970799],[-87.64424,41.969828],[-87.643973,41.969542],[-87.643451,41.969038],[-87.642628,41.968354],[-87.642744,41.968272],[-87.643013,41.968494],[-87.643272,41.968306],[-87.642965,41.968055],[-87.642869,41.968033],[-87.642802,41.968046],[-87.642616,41.968165],[-87.642669,41.968215],[-87.642558,41.968296],[-87.641973,41.96783],[-87.641679,41.967623],[-87.640486,41.966925],[-87.639,41.966568],[-87.637426,41.966035],[-87.63644,41.965782],[-87.63587,41.965668],[-87.635094,41.96554],[-87.634529,41.965485],[-87.634096,41.965482],[-87.633552,41.965432],[-87.63298,41.965359],[-87.632579,41.965256],[-87.631995,41.965068],[-87.632017,41.965622],[-87.631996,41.965931],[-87.631921,41.966391],[-87.631841,41.966695],[-87.631695,41.967106],[-87.631554,41.967415],[-87.631301,41.967866],[-87.631,41.968302],[-87.630962,41.968421],[-87.630972,41.968504],[-87.631029,41.968622],[-87.631098,41.96869],[-87.631184,41.968739],[-87.631388,41.96879],[-87.631535,41.968785],[-87.631632,41.96876],[-87.631792,41.968664],[-87.631846,41.968599],[-87.631888,41.968507],[-87.631882,41.968352],[-87.631844,41.96828],[-87.631751,41.968187],[-87.63182,41.968146],[-87.631946,41.968288],[-87.631984,41.968413],[-87.63198,41.968499],[-87.631953,41.968582],[-87.631872,41.968695],[-87.631775,41.968769],[-87.631678,41.968815],[-87.63157,41.968845],[-87.631399,41.968858],[-87.631285,41.968845],[-87.631127,41.968794],[-87.631015,41.968725],[-87.63092,41.96862],[-87.630872,41.968498],[-87.630876,41.968372],[-87.630911,41.968286],[-87.631169,41.967927],[-87.631347,41.96763],[-87.631638,41.967015],[-87.631834,41.96638],[-87.631888,41.966076],[-87.631926,41.965617],[-87.631908,41.965103],[-87.631869,41.964797],[-87.631776,41.964377],[-87.631657,41.964026],[-87.631414,41.963869],[-87.63122,41.963685],[-87.631067,41.963461],[-87.630996,41.963232],[-87.631002,41.963064],[-87.631036,41.962902],[-87.631186,41.962686],[-87.631314,41.962547],[-87.631528,41.962411],[-87.631726,41.962317],[-87.632208,41.96219],[-87.632889,41.961914],[-87.633463,41.961746],[-87.633685,41.961635],[-87.633854,41.961531],[-87.634224,41.961384],[-87.634574,41.961146],[-87.634851,41.960913],[-87.635291,41.960456],[-87.635588,41.960198],[-87.635993,41.959896],[-87.636316,41.959698],[-87.636639,41.959541],[-87.636901,41.959462],[-87.637337,41.95938],[-87.63794,41.959344],[-87.638167,41.95935],[-87.638949,41.959425],[-87.640099,41.95967],[-87.6403,41.959192],[-87.640369,41.959207],[-87.640161,41.959689],[-87.640472,41.959782],[-87.640667,41.959883],[-87.640803,41.959977],[-87.640938,41.960227],[-87.640959,41.960304],[-87.640967,41.960371],[-87.640947,41.96049],[-87.640861,41.96065],[-87.640735,41.960786],[-87.640657,41.96083],[-87.640471,41.960892],[-87.640378,41.960904],[-87.640264,41.960894],[-87.640122,41.960832],[-87.639683,41.960584],[-87.639324,41.960403],[-87.639075,41.960328],[-87.638822,41.960287],[-87.638472,41.960276],[-87.638165,41.960308],[-87.637643,41.960403],[-87.637319,41.960493],[-87.637031,41.960602],[-87.636769,41.960726],[-87.636391,41.960936],[-87.636066,41.961171],[-87.63583,41.961384],[-87.635565,41.961695],[-87.635347,41.962038],[-87.635326,41.962134],[-87.63533,41.962307],[-87.635407,41.962486],[-87.63551,41.962615],[-87.635625,41.96271],[-87.635726,41.962768],[-87.635923,41.962845],[-87.63631,41.962888],[-87.636846,41.962876],[-87.637871,41.96276],[-87.637907,41.962754],[-87.637892,41.962694],[-87.638364,41.962642],[-87.638375,41.962696],[-87.64125,41.962338],[-87.641639,41.962224],[-87.641851,41.962099],[-87.642042,41.961933],[-87.647385,41.961883],[-87.656104,41.961756],[-87.668506,41.961604],[-87.678959,41.961458],[-87.679069,41.964553],[-87.679567,41.981381],[-87.67956,41.981787],[-87.679501,41.982187],[-87.679518,41.983068],[-87.679506,41.983156],[-87.679471,41.983206],[-87.679402,41.983247],[-87.679276,41.983264],[-87.678366,41.983258],[-87.674724,41.983326],[-87.674474,41.983394],[-87.67426,41.983403],[-87.655915,41.983692],[-87.654985,41.983833],[-87.653397,41.983868],[-87.652393,41.983884],[-87.652189,41.983868],[-87.650539,41.983833]]]}},{"type":"Feature","properties":{"label":"60657","hover_name":null,"color_index":3,"label_lon":-87.672003,"label_lat":41.942194},"geometry":{"type":"Polygon","coordinates":[[[-87.637988,41.948165],[-87.637546,41.947433],[-87.637385,41.947208],[-87.636253,41.945764],[-87.634995,41.944407],[-87.633402,41.942963],[-87.633051,41.94262],[-87.63301,41.942548],[-87.633004,41.942403],[-87.633028,41.942335],[-87.633082,41.942267],[-87.633155,41.942213],[-87.633369,41.942149],[-87.633453,41.942144],[-87.633643,41.942185],[-87.633794,41.94228],[-87.633836,41.942317],[-87.633901,41.942462],[-87.634056,41.942913],[-87.634268,41.943109],[-87.63443,41.943175],[-87.634689,41.943214],[-87.634842,41.943183],[-87.635017,41.943111],[-87.63516,41.943007],[-87.635251,41.942961],[-87.635485,41.942903],[-87.635731,41.942914],[-87.635922,41.942979],[-87.636074,41.9431],[-87.636184,41.943243],[-87.636965,41.944897],[-87.636822,41.945045],[-87.637313,41.945752],[-87.637363,41.945793],[-87.638101,41.946035],[-87.638698,41.946201],[-87.638683,41.946241],[-87.638887,41.946311],[-87.639694,41.946333],[-87.639841,41.946374],[-87.639884,41.946396],[-87.639874,41.946416],[-87.639974,41.946455],[-87.640021,41.946397],[-87.640265,41.946519],[-87.6401,41.946716],[-87.640203,41.946761],[-87.640269,41.946698],[-87.640304,41.94672],[-87.640834,41.947369],[-87.641105,41.947604],[-87.641426,41.947805],[-87.641826,41.947993],[-87.641961,41.948015],[-87.642065,41.947997],[-87.642126,41.947947],[-87.642141,41.94788],[-87.64202,41.94768],[-87.641893,41.947531],[-87.641632,41.947285],[-87.641361,41.947043],[-87.640642,41.946464],[-87.640326,41.946176],[-87.640101,41.946008],[-87.640049,41.945947],[-87.640018,41.945878],[-87.640027,41.9458],[-87.640197,41.945516],[-87.640133,41.945444],[-87.640124,41.945381],[-87.640199,41.945293],[-87.640413,41.945239],[-87.640448,41.945187],[-87.6405,41.94501],[-87.64046,41.944832],[-87.639586,41.943596],[-87.63933,41.943522],[-87.639111,41.943373],[-87.638905,41.943181],[-87.638718,41.942939],[-87.638578,41.942684],[-87.638512,41.942507],[-87.638434,41.942124],[-87.638405,41.941775],[-87.638405,41.941428],[-87.638346,41.941288],[-87.638154,41.941001],[-87.638028,41.94087],[-87.637541,41.940284],[-87.637529,41.940288],[-87.637115,41.939826],[-87.637037,41.939815],[-87.636951,41.940259],[-87.636734,41.94023],[-87.636816,41.939758],[-87.636677,41.939743],[-87.636314,41.939742],[-87.635841,41.939777],[-87.6358,41.939611],[-87.635469,41.939732],[-87.635167,41.939953],[-87.634988,41.940149],[-87.634783,41.940688],[-87.63517,41.940711],[-87.635153,41.940859],[-87.63513,41.94087],[-87.635097,41.940854],[-87.635112,41.940748],[-87.634775,41.940728],[-87.634764,41.940742],[-87.634727,41.940993],[-87.6347,41.941414],[-87.634602,41.941537],[-87.634448,41.941594],[-87.634453,41.941861],[-87.634341,41.94186],[-87.634335,41.941732],[-87.6342,41.94172],[-87.634118,41.941697],[-87.634,41.941624],[-87.633904,41.941495],[-87.633853,41.941344],[-87.633882,41.940725],[-87.633856,41.940385],[-87.633733,41.940016],[-87.633554,41.939357],[-87.633168,41.938434],[-87.632985,41.938076],[-87.632365,41.937381],[-87.632292,41.937235],[-87.632426,41.937182],[-87.632294,41.93691],[-87.632236,41.936697],[-87.632188,41.936476],[-87.632206,41.936387],[-87.63217,41.936137],[-87.632101,41.93584],[-87.632043,41.935752],[-87.632028,41.935687],[-87.63196,41.935595],[-87.63192,41.935482],[-87.631875,41.935447],[-87.631721,41.935188],[-87.631592,41.935047],[-87.631448,41.934812],[-87.630707,41.933914],[-87.630504,41.933747],[-87.630443,41.933666],[-87.630424,41.933504],[-87.630472,41.933328],[-87.632525,41.933324],[-87.634966,41.933347],[-87.63611,41.933157],[-87.63624,41.932854],[-87.637346,41.932931],[-87.638089,41.932932],[-87.64987,41.9327],[-87.659509,41.932542],[-87.667789,41.932411],[-87.678135,41.932285],[-87.678146,41.933211],[-87.678338,41.938962],[-87.678553,41.946864],[-87.668666,41.94699],[-87.656849,41.947184],[-87.656313,41.947213],[-87.653561,41.947249],[-87.649799,41.947319],[-87.649199,41.947306],[-87.64738,41.947325],[-87.647126,41.947396],[-87.643461,41.948638],[-87.638943,41.950088],[-87.638503,41.949155],[-87.637988,41.948165]]]}},{"type":"Feature","properties":{"label":"60656","hover_name":null,"color_index":0,"label_lon":-87.797533,"label_lat":41.971042},"geometry":{"type":"Polygon","coordinates":[[[-87.875962,41.972987],[-87.875893,41.973894],[-87.873008,41.973966],[-87.872976,41.973876],[-87.872576,41.973886],[-87.872646,41.973975],[-87.868605,41.974066],[-87.868607,41.97381],[-87.867837,41.973828],[-87.867839,41.973995],[-87.867492,41.974003],[-87.867493,41.973741],[-87.862388,41.973865],[-87.862011,41.973892],[-87.862008,41.97431],[-87.861758,41.975168],[-87.861684,41.975349],[-87.861245,41.976001],[-87.861021,41.976229],[-87.860675,41.976539],[-87.859964,41.976993],[-87.859379,41.977566],[-87.858456,41.978664],[-87.856274,41.980462],[-87.85604,41.980807],[-87.855944,41.980978],[-87.845986,41.980948],[-87.839463,41.981056],[-87.837394,41.981115],[-87.83727,41.98109],[-87.837183,41.981053],[-87.837094,41.980949],[-87.837076,41.98085],[-87.837114,41.980016],[-87.837089,41.979676],[-87.837055,41.97962],[-87.836993,41.979576],[-87.836818,41.979531],[-87.836266,41.979565],[-87.836164,41.979604],[-87.836095,41.979676],[-87.836089,41.979786],[-87.836118,41.979833],[-87.83624,41.979925],[-87.836296,41.979993],[-87.836324,41.980112],[-87.836313,41.98101],[-87.836273,41.981077],[-87.836177,41.981123],[-87.835605,41.981144],[-87.834525,41.981151],[-87.832118,41.981198],[-87.8321,41.981035],[-87.832074,41.980998],[-87.832019,41.980968],[-87.830808,41.980982],[-87.830403,41.980999],[-87.830343,41.98105],[-87.830318,41.981228],[-87.828228,41.98126],[-87.828224,41.981056],[-87.828207,41.981017],[-87.828158,41.98099],[-87.826836,41.981002],[-87.825352,41.981046],[-87.825286,41.981068],[-87.825239,41.981111],[-87.825201,41.981329],[-87.820775,41.981449],[-87.817478,41.981519],[-87.815808,41.981579],[-87.815387,41.981622],[-87.814987,41.981689],[-87.81454,41.981797],[-87.814115,41.981928],[-87.814039,41.981973],[-87.813919,41.982088],[-87.813432,41.982675],[-87.813034,41.982627],[-87.812663,41.982613],[-87.806942,41.982771],[-87.803435,41.982784],[-87.78946,41.982897],[-87.788698,41.982882],[-87.787854,41.98291],[-87.787735,41.982899],[-87.788009,41.968888],[-87.797821,41.968799],[-87.802525,41.968773],[-87.802542,41.968297],[-87.807156,41.96827],[-87.80706,41.973196],[-87.807067,41.974538],[-87.816917,41.974289],[-87.816953,41.97066],[-87.818987,41.970608],[-87.818968,41.973219],[-87.819433,41.97322],[-87.819426,41.974031],[-87.819398,41.974223],[-87.826735,41.974034],[-87.826743,41.973143],[-87.831729,41.973056],[-87.831723,41.973949],[-87.833418,41.97392],[-87.833414,41.974917],[-87.83363,41.974913],[-87.833627,41.975368],[-87.836627,41.97531],[-87.836631,41.974771],[-87.841555,41.97469],[-87.84155,41.973788],[-87.837934,41.973844],[-87.837951,41.971347],[-87.836649,41.971366],[-87.83665,41.970232],[-87.841589,41.970143],[-87.841575,41.971975],[-87.846534,41.97189],[-87.846561,41.96955],[-87.846539,41.968198],[-87.84657,41.966407],[-87.836682,41.966597],[-87.836699,41.95936],[-87.842245,41.959266],[-87.857577,41.95919],[-87.857416,41.959559],[-87.85703,41.960196],[-87.856475,41.961227],[-87.856299,41.961591],[-87.85582,41.962415],[-87.855677,41.962844],[-87.855506,41.964456],[-87.855443,41.964709],[-87.855301,41.965119],[-87.854968,41.965949],[-87.854867,41.966359],[-87.854772,41.966913],[-87.854777,41.9672],[-87.85498,41.96793],[-87.855037,41.968329],[-87.855029,41.968708],[-87.854777,41.96943],[-87.854323,41.970298],[-87.854173,41.970785],[-87.854136,41.971001],[-87.854135,41.971168],[-87.854188,41.971432],[-87.854271,41.971621],[-87.854467,41.971895],[-87.854598,41.972039],[-87.854979,41.972341],[-87.855158,41.972458],[-87.855362,41.972517],[-87.855841,41.972586],[-87.856063,41.972578],[-87.856214,41.972552],[-87.856592,41.97246],[-87.857043,41.972314],[-87.857464,41.972149],[-87.857833,41.971974],[-87.858387,41.971614],[-87.858537,41.971532],[-87.858676,41.971466],[-87.858795,41.971432],[-87.858922,41.971422],[-87.859405,41.971495],[-87.859746,41.971597],[-87.860106,41.971756],[-87.860426,41.971929],[-87.860852,41.972224],[-87.861338,41.972609],[-87.861701,41.972988],[-87.861803,41.973126],[-87.861906,41.973333],[-87.862278,41.973311],[-87.864851,41.973244],[-87.868482,41.973155],[-87.868759,41.97317],[-87.869428,41.973157],[-87.869895,41.973124],[-87.875962,41.972987]]]}},{"type":"Feature","properties":{"label":"60649","hover_name":null,"color_index":1,"label_lon":-87.572908,"label_lat":41.768106},"geometry":{"type":"Polygon","coordinates":[[[-87.543284,41.752055],[-87.545836,41.752008],[-87.566912,41.751719],[-87.584538,41.751499],[-87.585918,41.751504],[-87.585925,41.751747],[-87.585985,41.75179],[-87.586039,41.752052],[-87.586072,41.753096],[-87.586128,41.755237],[-87.58613,41.755921],[-87.586071,41.756026],[-87.586089,41.756945],[-87.586388,41.768457],[-87.586377,41.768651],[-87.586261,41.76921],[-87.586234,41.76954],[-87.586303,41.772245],[-87.5863,41.773799],[-87.586334,41.77462],[-87.586327,41.774911],[-87.586289,41.775175],[-87.586296,41.77609],[-87.586413,41.778538],[-87.586458,41.780619],[-87.585582,41.78065],[-87.584777,41.780643],[-87.583062,41.780496],[-87.582361,41.780411],[-87.581822,41.780299],[-87.581239,41.78014],[-87.580637,41.779914],[-87.580492,41.779835],[-87.579925,41.779607],[-87.577631,41.780361],[-87.577247,41.780474],[-87.576641,41.780601],[-87.576208,41.780663],[-87.575792,41.780697],[-87.574749,41.780718],[-87.57361,41.780701],[-87.569683,41.781297],[-87.568397,41.781608],[-87.567644,41.784622],[-87.567532,41.784597],[-87.568305,41.781539],[-87.569116,41.781358],[-87.571282,41.780839],[-87.573079,41.78025],[-87.572927,41.779895],[-87.572954,41.779824],[-87.573025,41.779792],[-87.573696,41.779639],[-87.57411,41.779528],[-87.574438,41.779371],[-87.574562,41.77928],[-87.574735,41.779111],[-87.574943,41.778812],[-87.57493,41.778724],[-87.575,41.77868],[-87.575053,41.778566],[-87.575279,41.777867],[-87.575302,41.777408],[-87.575245,41.777144],[-87.57519,41.777005],[-87.575071,41.776781],[-87.574922,41.776554],[-87.574694,41.776284],[-87.574607,41.776154],[-87.574605,41.776082],[-87.57464,41.776026],[-87.574697,41.775986],[-87.575079,41.775931],[-87.575043,41.775785],[-87.574809,41.775774],[-87.574585,41.775676],[-87.574234,41.775571],[-87.574216,41.775546],[-87.57386,41.775511],[-87.573475,41.775507],[-87.573395,41.775484],[-87.573367,41.775377],[-87.573312,41.775381],[-87.573315,41.775482],[-87.573296,41.775547],[-87.573216,41.775586],[-87.572842,41.775608],[-87.57269,41.775641],[-87.572166,41.775784],[-87.572087,41.775786],[-87.571998,41.775821],[-87.571936,41.775878],[-87.571841,41.776073],[-87.571756,41.776406],[-87.571745,41.776603],[-87.571772,41.776664],[-87.571823,41.776695],[-87.57193,41.776881],[-87.572159,41.777181],[-87.572314,41.777336],[-87.572372,41.777328],[-87.57245,41.777409],[-87.572621,41.777329],[-87.572646,41.777335],[-87.572868,41.77762],[-87.572791,41.777669],[-87.573156,41.778005],[-87.573271,41.778136],[-87.57336,41.778306],[-87.57332,41.778415],[-87.57338,41.778624],[-87.573364,41.778903],[-87.573298,41.779078],[-87.573214,41.779191],[-87.573125,41.779221],[-87.572923,41.779251],[-87.572746,41.779319],[-87.572665,41.779327],[-87.572477,41.779307],[-87.572238,41.779228],[-87.572169,41.779185],[-87.572126,41.779114],[-87.572095,41.779044],[-87.572098,41.778967],[-87.572077,41.778905],[-87.571823,41.77858],[-87.571671,41.77854],[-87.571566,41.778465],[-87.571142,41.778048],[-87.570325,41.777419],[-87.570149,41.777228],[-87.569898,41.776998],[-87.569811,41.776968],[-87.569693,41.776967],[-87.569502,41.776848],[-87.569416,41.776817],[-87.569188,41.776688],[-87.568812,41.776404],[-87.56807,41.775624],[-87.567819,41.775311],[-87.567201,41.774477],[-87.566862,41.774075],[-87.566826,41.77397],[-87.566584,41.773856],[-87.56655,41.773826],[-87.566429,41.773781],[-87.566358,41.773729],[-87.566287,41.773618],[-87.566278,41.773544],[-87.566295,41.773471],[-87.566186,41.773353],[-87.565937,41.773134],[-87.565652,41.772923],[-87.565356,41.772758],[-87.565,41.772531],[-87.564904,41.772517],[-87.564716,41.772408],[-87.564372,41.772273],[-87.564073,41.772115],[-87.563981,41.77209],[-87.563641,41.772084],[-87.56358,41.772026],[-87.563592,41.771838],[-87.56357,41.771772],[-87.56352,41.771709],[-87.563484,41.771351],[-87.563421,41.771175],[-87.563418,41.771106],[-87.563467,41.771062],[-87.563275,41.770443],[-87.563195,41.770278],[-87.562925,41.769973],[-87.562517,41.769426],[-87.562429,41.769257],[-87.562403,41.769118],[-87.562338,41.769001],[-87.561916,41.768785],[-87.56154,41.768634],[-87.560924,41.768438],[-87.560796,41.768415],[-87.560527,41.768397],[-87.560413,41.768407],[-87.560322,41.76844],[-87.56017,41.768553],[-87.559812,41.768971],[-87.559663,41.76911],[-87.559595,41.769161],[-87.559536,41.769179],[-87.559517,41.769109],[-87.55952,41.768936],[-87.559434,41.76872],[-87.559415,41.768623],[-87.559447,41.768057],[-87.55952,41.767977],[-87.55952,41.767918],[-87.559519,41.767854],[-87.559437,41.767748],[-87.559426,41.767653],[-87.559429,41.767187],[-87.559392,41.766783],[-87.559445,41.766749],[-87.559506,41.766747],[-87.559539,41.766713],[-87.559527,41.766598],[-87.559563,41.766566],[-87.55997,41.766498],[-87.560181,41.76644],[-87.560443,41.76625],[-87.560516,41.766171],[-87.560582,41.765988],[-87.560623,41.765805],[-87.560612,41.765642],[-87.560514,41.76539],[-87.560434,41.76529],[-87.560358,41.765323],[-87.560145,41.76509],[-87.56022,41.765043],[-87.560122,41.764941],[-87.560001,41.764901],[-87.559919,41.764958],[-87.559842,41.764958],[-87.55959,41.764714],[-87.5596,41.764633],[-87.559517,41.764517],[-87.559742,41.764391],[-87.559609,41.764221],[-87.559401,41.764058],[-87.55928,41.764041],[-87.558979,41.763753],[-87.558456,41.764018],[-87.557572,41.763115],[-87.557701,41.763049],[-87.55765,41.762996],[-87.557641,41.762846],[-87.557602,41.76281],[-87.557166,41.762607],[-87.55687,41.76243],[-87.556649,41.762209],[-87.556318,41.762034],[-87.556079,41.761821],[-87.555734,41.761628],[-87.55564,41.761589],[-87.555521,41.76158],[-87.55527,41.761621],[-87.554876,41.761787],[-87.554802,41.761771],[-87.554767,41.76173],[-87.55467,41.761489],[-87.554383,41.761081],[-87.554347,41.761053],[-87.554279,41.761052],[-87.554251,41.761033],[-87.554106,41.760814],[-87.554033,41.760761],[-87.553158,41.760392],[-87.552252,41.759975],[-87.551797,41.759813],[-87.551069,41.759521],[-87.549545,41.758956],[-87.548709,41.758726],[-87.548401,41.758692],[-87.547974,41.758675],[-87.547643,41.758715],[-87.547246,41.758721],[-87.546937,41.758772],[-87.546851,41.75882],[-87.54659,41.758878],[-87.546364,41.758967],[-87.54551,41.759362],[-87.545282,41.759537],[-87.544935,41.759751],[-87.54456,41.760036],[-87.544319,41.760167],[-87.544173,41.760199],[-87.544011,41.760107],[-87.543936,41.760098],[-87.543853,41.760112],[-87.544344,41.760583],[-87.544417,41.760616],[-87.546444,41.760616],[-87.546493,41.76063],[-87.546492,41.760646],[-87.546379,41.760658],[-87.546083,41.760661],[-87.546002,41.760647],[-87.544434,41.760676],[-87.544365,41.760666],[-87.544307,41.760638],[-87.54328,41.759701],[-87.543213,41.759707],[-87.543164,41.759695],[-87.543041,41.759601],[-87.542561,41.759128],[-87.542529,41.759057],[-87.542527,41.758958],[-87.542627,41.758739],[-87.541649,41.757824],[-87.541376,41.757836],[-87.541254,41.757823],[-87.541148,41.757794],[-87.540599,41.75729],[-87.540624,41.757228],[-87.540929,41.75703],[-87.540996,41.757035],[-87.541053,41.757003],[-87.541056,41.756985],[-87.541379,41.756805],[-87.5418,41.756536],[-87.542495,41.756148],[-87.543567,41.755503],[-87.543961,41.755235],[-87.543978,41.755151],[-87.543933,41.755047],[-87.543941,41.755025],[-87.543995,41.754966],[-87.544042,41.754961],[-87.544178,41.754797],[-87.544151,41.754616],[-87.544207,41.754584],[-87.544212,41.754516],[-87.544263,41.754403],[-87.544313,41.754322],[-87.544342,41.754321],[-87.544413,41.754132],[-87.544147,41.753445],[-87.543716,41.752534],[-87.543514,41.752246],[-87.543284,41.752055]]]}},{"type":"Feature","properties":{"label":"60646","hover_name":null,"color_index":3,"label_lon":-87.77258,"label_lat":41.998768},"geometry":{"type":"Polygon","coordinates":[[[-87.790648,42.000399],[-87.782003,42.004498],[-87.782236,42.00465],[-87.782551,42.004894],[-87.782769,42.005085],[-87.783103,42.005423],[-87.788723,42.011997],[-87.787786,42.012008],[-87.787235,42.011992],[-87.782071,42.011998],[-87.781538,42.012009],[-87.779266,42.011992],[-87.779148,42.013565],[-87.779104,42.015442],[-87.776972,42.015386],[-87.777053,42.011982],[-87.773349,42.011958],[-87.770359,42.006194],[-87.769949,42.006376],[-87.769171,42.004861],[-87.767855,42.004253],[-87.767715,42.00423],[-87.765795,42.003325],[-87.765467,42.003735],[-87.767543,42.004706],[-87.767462,42.008322],[-87.761664,42.008272],[-87.761858,42.003543],[-87.761885,42.00324],[-87.761953,42.002657],[-87.761993,42.002489],[-87.76227,42.001687],[-87.761433,42.001316],[-87.758653,42.000018],[-87.75662,41.999048],[-87.756367,41.998944],[-87.755465,41.998524],[-87.754443,41.99804],[-87.754348,41.997977],[-87.7529,41.997301],[-87.740938,41.997252],[-87.728909,41.997239],[-87.728864,41.991213],[-87.728827,41.990815],[-87.726479,41.991936],[-87.726458,41.990163],[-87.72864,41.990135],[-87.728575,41.988285],[-87.728433,41.982832],[-87.729406,41.982838],[-87.737107,41.982755],[-87.737341,41.982771],[-87.737668,41.982739],[-87.737943,41.98274],[-87.738135,41.982716],[-87.740611,41.982658],[-87.740854,41.982665],[-87.741832,41.982644],[-87.742793,41.98261],[-87.743057,41.982617],[-87.743085,41.982632],[-87.743109,41.982702],[-87.745796,41.982625],[-87.748221,41.982626],[-87.749586,41.983023],[-87.749612,41.982902],[-87.750773,41.982358],[-87.750872,41.982401],[-87.751476,41.982118],[-87.752437,41.983225],[-87.759241,41.983129],[-87.764897,41.982953],[-87.777818,41.9829],[-87.779037,41.98291],[-87.78314,41.982902],[-87.783778,41.982915],[-87.784684,41.982898],[-87.787735,41.982899],[-87.78748,41.996694],[-87.78746,41.996911],[-87.790648,42.000399]]]}},{"type":"Feature","properties":{"label":"60634","hover_name":null,"color_index":1,"label_lon":-87.810212,"label_lat":41.945384},"geometry":{"type":"Polygon","coordinates":[[[-87.766246,41.931277],[-87.789183,41.930943],[-87.790123,41.930949],[-87.805762,41.930761],[-87.806495,41.930815],[-87.806747,41.937996],[-87.810612,41.93799],[-87.816301,41.937947],[-87.825371,41.937761],[-87.826569,41.937749],[-87.832851,41.937624],[-87.834141,41.937583],[-87.838135,41.93752],[-87.849621,41.937285],[-87.849778,41.93743],[-87.850187,41.937751],[-87.85066,41.938079],[-87.851412,41.938705],[-87.851643,41.938952],[-87.851806,41.93917],[-87.852112,41.93979],[-87.852267,41.940413],[-87.852532,41.941258],[-87.852742,41.941821],[-87.852955,41.942268],[-87.853076,41.942601],[-87.853096,41.94288],[-87.853024,41.943107],[-87.853013,41.943351],[-87.853047,41.94344],[-87.853261,41.943763],[-87.853583,41.945044],[-87.853822,41.945843],[-87.854082,41.946557],[-87.854871,41.947795],[-87.854976,41.948034],[-87.855004,41.948199],[-87.855017,41.948464],[-87.855013,41.948942],[-87.854936,41.949484],[-87.854664,41.950086],[-87.854533,41.950301],[-87.854327,41.95073],[-87.854246,41.950921],[-87.854073,41.951449],[-87.846612,41.951639],[-87.846605,41.955687],[-87.858079,41.955445],[-87.85825,41.955579],[-87.858346,41.955706],[-87.858446,41.955858],[-87.858587,41.956143],[-87.858636,41.956386],[-87.858708,41.956595],[-87.858775,41.956933],[-87.858782,41.957244],[-87.858758,41.957416],[-87.858718,41.957541],[-87.858132,41.958342],[-87.857577,41.95919],[-87.842245,41.959266],[-87.840767,41.959283],[-87.839494,41.959321],[-87.83887,41.959321],[-87.832678,41.959438],[-87.832604,41.959076],[-87.832095,41.957067],[-87.831821,41.955701],[-87.831827,41.954041],[-87.831793,41.952164],[-87.819786,41.952475],[-87.810304,41.952692],[-87.807574,41.952767],[-87.807269,41.952765],[-87.8073,41.953582],[-87.807291,41.953866],[-87.794727,41.959866],[-87.794328,41.96003],[-87.794197,41.960058],[-87.791511,41.960126],[-87.788303,41.960175],[-87.786191,41.960227],[-87.767243,41.960484],[-87.766796,41.947008],[-87.766246,41.931277]]]}},{"type":"Feature","properties":{"label":"60637","hover_name":null,"color_index":3,"label_lon":-87.605911,"label_lat":41.780368},"geometry":{"type":"Polygon","coordinates":[[[-87.576914,41.795105],[-87.577388,41.795039],[-87.577604,41.794992],[-87.57783,41.794921],[-87.578304,41.794729],[-87.578574,41.794561],[-87.579011,41.7942],[-87.579082,41.793946],[-87.57927,41.793637],[-87.579296,41.793552],[-87.579278,41.792946],[-87.579325,41.792572],[-87.579406,41.792432],[-87.579521,41.792307],[-87.579628,41.792036],[-87.579274,41.791431],[-87.578678,41.79067],[-87.578582,41.7905],[-87.578423,41.790102],[-87.578272,41.789936],[-87.577946,41.789675],[-87.577816,41.78955],[-87.577462,41.789289],[-87.576649,41.788747],[-87.57639,41.788591],[-87.57632,41.78857],[-87.576317,41.788506],[-87.576679,41.788472],[-87.576681,41.788422],[-87.57715,41.788396],[-87.577189,41.788356],[-87.57722,41.788352],[-87.577315,41.788363],[-87.577334,41.788384],[-87.577667,41.788362],[-87.57767,41.788313],[-87.577759,41.788298],[-87.577747,41.788204],[-87.577661,41.788202],[-87.577638,41.788153],[-87.577319,41.788166],[-87.5773,41.788204],[-87.577261,41.788211],[-87.577196,41.788211],[-87.57715,41.788183],[-87.577152,41.788104],[-87.577273,41.788082],[-87.57733,41.787572],[-87.577338,41.787191],[-87.577321,41.786933],[-87.577242,41.786484],[-87.576996,41.785689],[-87.576818,41.785212],[-87.576382,41.784221],[-87.576099,41.783651],[-87.576046,41.783598],[-87.575325,41.783245],[-87.57488,41.782986],[-87.574207,41.782628],[-87.573377,41.782245],[-87.572478,41.781896],[-87.572132,41.781784],[-87.571191,41.781518],[-87.570497,41.781371],[-87.569987,41.78129],[-87.569862,41.781279],[-87.569792,41.781288],[-87.57361,41.780701],[-87.574749,41.780718],[-87.575792,41.780697],[-87.576208,41.780663],[-87.576641,41.780601],[-87.577247,41.780474],[-87.577631,41.780361],[-87.579925,41.779607],[-87.580492,41.779835],[-87.580637,41.779914],[-87.581239,41.78014],[-87.581822,41.780299],[-87.582361,41.780411],[-87.583062,41.780496],[-87.584777,41.780643],[-87.585582,41.78065],[-87.586458,41.780619],[-87.586413,41.778538],[-87.586296,41.77609],[-87.586289,41.775175],[-87.586327,41.774911],[-87.586334,41.77462],[-87.5863,41.773799],[-87.586303,41.772245],[-87.586234,41.76954],[-87.586261,41.76921],[-87.586377,41.768651],[-87.586388,41.768457],[-87.58633,41.766151],[-87.589197,41.766128],[-87.58993,41.766086],[-87.590406,41.766014],[-87.594048,41.766004],[-87.595313,41.765986],[-87.595837,41.7659],[-87.604529,41.765798],[-87.605145,41.765869],[-87.606471,41.765864],[-87.614968,41.765718],[-87.622912,41.765555],[-87.62353,41.765535],[-87.624727,41.765455],[-87.624905,41.765453],[-87.624934,41.76624],[-87.624912,41.766661],[-87.624912,41.767638],[-87.624918,41.768305],[-87.624947,41.768782],[-87.624942,41.769194],[-87.625013,41.769341],[-87.625082,41.770887],[-87.625232,41.77704],[-87.625258,41.777427],[-87.625324,41.777951],[-87.625351,41.77876],[-87.625379,41.77985],[-87.625357,41.780798],[-87.625361,41.781582],[-87.625691,41.7943],[-87.622581,41.794361],[-87.621739,41.79439],[-87.620717,41.794396],[-87.616091,41.794478],[-87.615862,41.794498],[-87.614653,41.794492],[-87.614573,41.794375],[-87.614404,41.794264],[-87.61383,41.794042],[-87.612671,41.793557],[-87.612293,41.79346],[-87.61136,41.793268],[-87.611142,41.7932],[-87.610277,41.793249],[-87.609898,41.793301],[-87.60938,41.793433],[-87.608869,41.793624],[-87.608582,41.793762],[-87.607941,41.794154],[-87.607596,41.794605],[-87.607401,41.794909],[-87.607383,41.794971],[-87.60574,41.794966],[-87.59586,41.795071],[-87.592307,41.795124],[-87.592261,41.794984],[-87.592204,41.794903],[-87.592019,41.794811],[-87.591858,41.794784],[-87.589862,41.794797],[-87.58955,41.794817],[-87.589416,41.794862],[-87.589311,41.794924],[-87.589233,41.795049],[-87.589207,41.795123],[-87.58921,41.795201],[-87.587549,41.795185],[-87.581252,41.795254],[-87.579925,41.795288],[-87.579688,41.795279],[-87.579329,41.795238],[-87.579213,41.795241],[-87.577454,41.795124],[-87.576914,41.795105]]]}},{"type":"Feature","properties":{"label":"60628","hover_name":null,"color_index":1,"label_lon":-87.613234,"label_lat":41.683661},"geometry":{"type":"Polygon","coordinates":[[[-87.585146,41.721604],[-87.585181,41.721277],[-87.585045,41.717579],[-87.585057,41.717412],[-87.585037,41.715783],[-87.58363,41.673595],[-87.600811,41.674334],[-87.600582,41.67394],[-87.600292,41.673512],[-87.599573,41.672639],[-87.593065,41.665095],[-87.592389,41.66428],[-87.590741,41.66241],[-87.59012,41.661652],[-87.589,41.660392],[-87.590674,41.6604],[-87.591412,41.660364],[-87.592595,41.660255],[-87.593825,41.660074],[-87.594448,41.659953],[-87.59531,41.659825],[-87.595718,41.659746],[-87.598543,41.659336],[-87.600078,41.659232],[-87.601077,41.659184],[-87.602131,41.65916],[-87.603411,41.659152],[-87.603883,41.659133],[-87.604395,41.659147],[-87.606205,41.659145],[-87.606703,41.659159],[-87.608077,41.659135],[-87.618453,41.659107],[-87.618663,41.659085],[-87.619684,41.659062],[-87.619458,41.659537],[-87.619386,41.660061],[-87.619512,41.660787],[-87.619857,41.661141],[-87.620253,41.661366],[-87.622024,41.66213],[-87.622035,41.662414],[-87.623286,41.662397],[-87.623458,41.66236],[-87.623487,41.66233],[-87.623613,41.662322],[-87.62363,41.662302],[-87.623918,41.662261],[-87.623997,41.662237],[-87.624069,41.662239],[-87.624202,41.662275],[-87.62429,41.662274],[-87.624338,41.662255],[-87.624423,41.662259],[-87.624469,41.662216],[-87.62465,41.662151],[-87.624696,41.662109],[-87.624756,41.662086],[-87.625348,41.661943],[-87.625353,41.661928],[-87.625551,41.661887],[-87.625661,41.661843],[-87.625694,41.661841],[-87.625703,41.661854],[-87.625868,41.66181],[-87.625901,41.661814],[-87.626215,41.661674],[-87.626274,41.661662],[-87.626441,41.661486],[-87.626637,41.661355],[-87.626836,41.661245],[-87.626872,41.661242],[-87.626886,41.661215],[-87.627544,41.660757],[-87.627772,41.660572],[-87.628042,41.660295],[-87.628683,41.659699],[-87.629147,41.659317],[-87.629733,41.659011],[-87.630098,41.658725],[-87.63076,41.658274],[-87.630808,41.658212],[-87.63084,41.658111],[-87.63081,41.658038],[-87.630819,41.657958],[-87.6309,41.657907],[-87.631075,41.657833],[-87.631255,41.657819],[-87.63139,41.657997],[-87.631578,41.65792],[-87.631752,41.657921],[-87.632015,41.657897],[-87.63215,41.657867],[-87.632327,41.657876],[-87.632274,41.657803],[-87.632646,41.657735],[-87.632642,41.657622],[-87.632824,41.657585],[-87.633004,41.657527],[-87.633187,41.657521],[-87.633552,41.657482],[-87.633918,41.65747],[-87.635012,41.657366],[-87.63556,41.657345],[-87.635743,41.657348],[-87.636111,41.657391],[-87.636294,41.657394],[-87.638561,41.657712],[-87.639135,41.657752],[-87.64005,41.657764],[-87.640417,41.657786],[-87.64105,41.657774],[-87.641062,41.658096],[-87.641245,41.658095],[-87.641262,41.6585],[-87.642126,41.68419],[-87.64274,41.703847],[-87.642934,41.710689],[-87.642984,41.712735],[-87.642975,41.71326],[-87.64299,41.713913],[-87.643052,41.715411],[-87.643214,41.721457],[-87.625908,41.7217],[-87.625147,41.721696],[-87.624886,41.721622],[-87.623888,41.721633],[-87.623537,41.721717],[-87.622607,41.721747],[-87.605922,41.722032],[-87.604695,41.722045],[-87.60366,41.722039],[-87.601183,41.722105],[-87.595104,41.722197],[-87.593981,41.7222],[-87.591835,41.722248],[-87.585127,41.722339],[-87.585146,41.721604]]]}},{"type":"Feature","properties":{"label":"60617","hover_name":null,"color_index":0,"label_lon":-87.556095,"label_lat":41.712948},"geometry":{"type":"Polygon","coordinates":[[[-87.543044,41.751921],[-87.541139,41.751932],[-87.541039,41.75191],[-87.540941,41.751917],[-87.540828,41.751902],[-87.54065,41.751855],[-87.54049,41.751864],[-87.540215,41.751769],[-87.540147,41.751724],[-87.539918,41.751634],[-87.53893,41.751315],[-87.538501,41.751118],[-87.537658,41.750824],[-87.537589,41.750766],[-87.537352,41.750711],[-87.537318,41.750674],[-87.537154,41.750616],[-87.537119,41.750572],[-87.537057,41.750564],[-87.53689,41.750496],[-87.536838,41.750446],[-87.536727,41.750445],[-87.536572,41.750366],[-87.536263,41.750252],[-87.536212,41.750201],[-87.536014,41.750164],[-87.535904,41.750094],[-87.535771,41.750046],[-87.535677,41.749974],[-87.535622,41.749957],[-87.535487,41.749877],[-87.535258,41.749794],[-87.535204,41.749802],[-87.535135,41.749746],[-87.535072,41.749737],[-87.534767,41.749593],[-87.534678,41.749574],[-87.534562,41.749515],[-87.534435,41.749486],[-87.534381,41.749446],[-87.534214,41.749411],[-87.533899,41.749311],[-87.533395,41.749087],[-87.533194,41.749022],[-87.532736,41.74882],[-87.532082,41.748592],[-87.531838,41.748466],[-87.531378,41.748284],[-87.530948,41.748026],[-87.530912,41.747958],[-87.530765,41.747285],[-87.530757,41.747112],[-87.530706,41.746913],[-87.530699,41.746722],[-87.530574,41.746039],[-87.530076,41.742377],[-87.530051,41.742311],[-87.530071,41.742251],[-87.530037,41.742199],[-87.530075,41.742115],[-87.530044,41.742051],[-87.530061,41.742027],[-87.529992,41.741985],[-87.530042,41.741924],[-87.530035,41.74176],[-87.529979,41.741601],[-87.529907,41.741504],[-87.529847,41.741456],[-87.52973,41.74141],[-87.529622,41.741421],[-87.529496,41.741398],[-87.524483,41.741451],[-87.52448,41.741468],[-87.524462,41.741469],[-87.524463,41.741386],[-87.529887,41.741329],[-87.530109,41.741237],[-87.530167,41.741239],[-87.530189,41.741264],[-87.530687,41.741117],[-87.539855,41.741013],[-87.53983,41.740497],[-87.529857,41.740607],[-87.529816,41.740348],[-87.529834,41.740346],[-87.529774,41.739846],[-87.529779,41.739829],[-87.529814,41.739814],[-87.529767,41.739789],[-87.529731,41.739593],[-87.529725,41.739387],[-87.52968,41.739161],[-87.529588,41.738409],[-87.529558,41.738323],[-87.529572,41.738256],[-87.529485,41.737835],[-87.529485,41.737706],[-87.529431,41.737551],[-87.529453,41.737499],[-87.529425,41.73716],[-87.529335,41.736554],[-87.5293,41.736155],[-87.529277,41.736055],[-87.529242,41.736011],[-87.529281,41.735935],[-87.529277,41.735895],[-87.529249,41.735827],[-87.529231,41.735613],[-87.529122,41.734972],[-87.52915,41.734898],[-87.529125,41.734847],[-87.529124,41.734737],[-87.529065,41.734335],[-87.529082,41.734255],[-87.529019,41.733942],[-87.529021,41.7338],[-87.528961,41.733791],[-87.528955,41.733768],[-87.528961,41.733739],[-87.529001,41.733715],[-87.528992,41.7337],[-87.529495,41.732367],[-87.529463,41.732314],[-87.529373,41.732319],[-87.529269,41.732283],[-87.529181,41.73213],[-87.529116,41.732082],[-87.525222,41.73152],[-87.524949,41.731408],[-87.524734,41.731221],[-87.524688,41.731093],[-87.524531,41.723499],[-87.524554,41.723203],[-87.524471,41.7232],[-87.524467,41.721898],[-87.524502,41.721884],[-87.524503,41.721793],[-87.524691,41.721794],[-87.524839,41.72169],[-87.525003,41.721523],[-87.5247,41.721254],[-87.524818,41.721179],[-87.525093,41.721415],[-87.525236,41.721221],[-87.525408,41.72092],[-87.525081,41.720848],[-87.525136,41.72073],[-87.525454,41.720797],[-87.525485,41.720722],[-87.525556,41.72037],[-87.525609,41.719436],[-87.525548,41.718994],[-87.525452,41.718755],[-87.525294,41.718487],[-87.525103,41.718254],[-87.524905,41.71805],[-87.524505,41.717988],[-87.524505,41.717814],[-87.524472,41.717791],[-87.524468,41.717403],[-87.525346,41.717382],[-87.525813,41.717331],[-87.525805,41.717318],[-87.526421,41.717114],[-87.526517,41.717267],[-87.526605,41.717236],[-87.526519,41.717085],[-87.526797,41.716991],[-87.526769,41.716922],[-87.526791,41.716882],[-87.526821,41.71687],[-87.52686,41.716876],[-87.526914,41.716925],[-87.526989,41.71695],[-87.527301,41.716825],[-87.52729,41.716806],[-87.527641,41.71662],[-87.527902,41.716454],[-87.528194,41.716224],[-87.528567,41.715852],[-87.528565,41.715813],[-87.528641,41.715744],[-87.528669,41.715686],[-87.528704,41.715423],[-87.528618,41.715019],[-87.528563,41.714869],[-87.528484,41.714725],[-87.528133,41.714239],[-87.527974,41.713873],[-87.527712,41.713422],[-87.527423,41.713085],[-87.526486,41.712355],[-87.525226,41.713368],[-87.525167,41.713327],[-87.526433,41.712313],[-87.528408,41.710803],[-87.527204,41.710032],[-87.5269,41.709914],[-87.526648,41.709849],[-87.526243,41.70982],[-87.5259,41.710145],[-87.526021,41.710255],[-87.525997,41.71035],[-87.525864,41.710412],[-87.52575,41.710411],[-87.525628,41.710341],[-87.525594,41.710269],[-87.525538,41.710228],[-87.525471,41.710129],[-87.525419,41.710102],[-87.52537,41.710108],[-87.52535,41.710056],[-87.525281,41.710046],[-87.525159,41.71],[-87.525093,41.709953],[-87.52504,41.709945],[-87.524568,41.709573],[-87.524191,41.709429],[-87.52414,41.70936],[-87.524142,41.709317],[-87.524164,41.709307],[-87.524204,41.709321],[-87.524233,41.709282],[-87.524326,41.709281],[-87.524377,41.709259],[-87.524452,41.709253],[-87.524551,41.709271],[-87.524613,41.709315],[-87.524727,41.709354],[-87.52476,41.709334],[-87.524882,41.709405],[-87.524884,41.709441],[-87.525123,41.709735],[-87.525167,41.709708],[-87.52521,41.709741],[-87.525258,41.709713],[-87.52553,41.709937],[-87.525587,41.709938],[-87.52622,41.709539],[-87.525769,41.709157],[-87.525307,41.709461],[-87.525356,41.709496],[-87.525339,41.709513],[-87.525275,41.709464],[-87.525261,41.709473],[-87.52513,41.709344],[-87.52516,41.709321],[-87.525225,41.709368],[-87.525679,41.709085],[-87.525422,41.708837],[-87.525374,41.708827],[-87.524862,41.709153],[-87.524784,41.709081],[-87.525019,41.708915],[-87.524961,41.708817],[-87.524942,41.708727],[-87.524889,41.708667],[-87.524535,41.708482],[-87.524552,41.707952],[-87.524527,41.702603],[-87.524537,41.700977],[-87.524613,41.695421],[-87.524636,41.695289],[-87.524659,41.692275],[-87.52462,41.691801],[-87.524651,41.688183],[-87.524836,41.673551],[-87.549575,41.673593],[-87.555824,41.673755],[-87.559253,41.673771],[-87.564093,41.673737],[-87.565539,41.673741],[-87.573964,41.673677],[-87.575081,41.673655],[-87.578608,41.673624],[-87.58363,41.673595],[-87.585037,41.715783],[-87.585057,41.717412],[-87.585045,41.717579],[-87.585181,41.721277],[-87.585146,41.721604],[-87.585127,41.722339],[-87.585145,41.722576],[-87.585158,41.724125],[-87.585306,41.724264],[-87.585364,41.724642],[-87.585395,41.725111],[-87.585415,41.72616],[-87.585401,41.726424],[-87.585434,41.726871],[-87.58545,41.727682],[-87.585434,41.727959],[-87.585464,41.728303],[-87.585634,41.736271],[-87.585635,41.737343],[-87.585656,41.738122],[-87.585681,41.738408],[-87.585808,41.744812],[-87.585832,41.745197],[-87.585905,41.748327],[-87.585895,41.748859],[-87.585806,41.749736],[-87.585787,41.750383],[-87.585791,41.750571],[-87.585881,41.750945],[-87.585918,41.751504],[-87.584538,41.751499],[-87.566912,41.751719],[-87.545836,41.752008],[-87.543284,41.752055],[-87.543188,41.751989],[-87.543044,41.751921]]]}},{"type":"Feature","properties":{"label":"60653","hover_name":null,"color_index":1,"label_lon":-87.610297,"label_lat":41.820274},"geometry":{"type":"Polygon","coordinates":[[[-87.602708,41.83135],[-87.602594,41.831022],[-87.602502,41.830846],[-87.602395,41.830693],[-87.602086,41.830382],[-87.601637,41.829975],[-87.600296,41.828266],[-87.600165,41.82816],[-87.599972,41.82793],[-87.599212,41.827394],[-87.5987,41.827057],[-87.598258,41.826797],[-87.597948,41.826555],[-87.597755,41.826344],[-87.59764,41.826174],[-87.597578,41.82605],[-87.597511,41.825793],[-87.597482,41.825641],[-87.597483,41.8255],[-87.597697,41.824566],[-87.597676,41.824332],[-87.597633,41.824034],[-87.597535,41.823706],[-87.597337,41.823208],[-87.597328,41.823112],[-87.597257,41.82292],[-87.597246,41.822797],[-87.597281,41.822803],[-87.597338,41.822847],[-87.597327,41.822737],[-87.597251,41.822682],[-87.597248,41.822652],[-87.597271,41.822618],[-87.597196,41.822614],[-87.597206,41.822571],[-87.597128,41.822539],[-87.597113,41.822518],[-87.597093,41.822411],[-87.597057,41.822367],[-87.59702,41.822229],[-87.596868,41.822048],[-87.59684,41.821965],[-87.596679,41.821826],[-87.59659,41.821694],[-87.596418,41.82151],[-87.596204,41.821333],[-87.596063,41.821142],[-87.595862,41.82084],[-87.595779,41.820655],[-87.59571,41.820562],[-87.595694,41.820489],[-87.59573,41.820434],[-87.595646,41.820323],[-87.595115,41.819814],[-87.594688,41.819735],[-87.594621,41.819696],[-87.594502,41.819574],[-87.594327,41.819433],[-87.593701,41.819039],[-87.593485,41.818812],[-87.593345,41.818729],[-87.592957,41.818575],[-87.592683,41.818401],[-87.592616,41.818343],[-87.59239,41.818045],[-87.592191,41.817681],[-87.592153,41.816929],[-87.592157,41.81658],[-87.591989,41.816289],[-87.591898,41.816231],[-87.59178,41.816122],[-87.591712,41.816034],[-87.591606,41.815982],[-87.591502,41.815982],[-87.591456,41.815958],[-87.591302,41.815691],[-87.591179,41.815406],[-87.591155,41.815378],[-87.59111,41.815362],[-87.590891,41.815004],[-87.590693,41.814827],[-87.590678,41.814782],[-87.590619,41.814715],[-87.590504,41.81468],[-87.590458,41.814649],[-87.590374,41.814498],[-87.590346,41.814376],[-87.590368,41.814346],[-87.590416,41.814346],[-87.590496,41.814372],[-87.590517,41.814349],[-87.590424,41.814212],[-87.590324,41.814145],[-87.590288,41.813938],[-87.590254,41.813893],[-87.590219,41.813748],[-87.590134,41.813621],[-87.59006,41.813564],[-87.590036,41.813516],[-87.589827,41.813296],[-87.589724,41.813222],[-87.589662,41.813132],[-87.589566,41.813058],[-87.589344,41.812969],[-87.58913,41.812817],[-87.588911,41.812546],[-87.588826,41.812361],[-87.588757,41.812276],[-87.588507,41.812123],[-87.5883,41.812041],[-87.587998,41.811997],[-87.587709,41.811981],[-87.587656,41.81197],[-87.587644,41.811944],[-87.587557,41.811935],[-87.587377,41.811875],[-87.587337,41.811837],[-87.587319,41.811725],[-87.587292,41.811673],[-87.587199,41.811605],[-87.587196,41.811559],[-87.587222,41.811509],[-87.588843,41.810929],[-87.591769,41.809778],[-87.592075,41.8097],[-87.592201,41.809686],[-87.606137,41.809539],[-87.626085,41.809236],[-87.62635,41.819351],[-87.626431,41.823534],[-87.626413,41.823914],[-87.626414,41.824946],[-87.626528,41.829575],[-87.626592,41.829656],[-87.626628,41.830208],[-87.626644,41.831014],[-87.626239,41.831027],[-87.625807,41.831018],[-87.617611,41.831104],[-87.616967,41.8311],[-87.616856,41.831153],[-87.614159,41.831202],[-87.610811,41.83122],[-87.610633,41.831186],[-87.60749,41.831217],[-87.606221,41.831261],[-87.602708,41.83135]]]}},{"type":"Feature","properties":{"label":"60620","hover_name":null,"color_index":0,"label_lon":-87.653416,"label_lat":41.739646},"geometry":{"type":"Polygon","coordinates":[[[-87.663263,41.721204],[-87.664218,41.722947],[-87.666979,41.728416],[-87.668057,41.730141],[-87.668201,41.730285],[-87.668362,41.730519],[-87.668799,41.73106],[-87.6697,41.732099],[-87.670799,41.733414],[-87.671656,41.734384],[-87.672622,41.735537],[-87.672785,41.735654],[-87.673372,41.735659],[-87.682514,41.735527],[-87.682837,41.749802],[-87.683048,41.757407],[-87.673345,41.757734],[-87.661994,41.757775],[-87.658778,41.757772],[-87.653923,41.757593],[-87.651315,41.757626],[-87.649286,41.757665],[-87.645159,41.757714],[-87.644225,41.757741],[-87.643003,41.757862],[-87.641793,41.758109],[-87.638842,41.758],[-87.627577,41.75819],[-87.626965,41.758192],[-87.626407,41.75816],[-87.624758,41.758182],[-87.624714,41.755724],[-87.62466,41.755379],[-87.624589,41.752154],[-87.624599,41.751868],[-87.624541,41.750862],[-87.624459,41.748435],[-87.62437,41.744568],[-87.624336,41.743843],[-87.624194,41.738499],[-87.624181,41.73721],[-87.624108,41.73409],[-87.624059,41.733666],[-87.624007,41.731667],[-87.624057,41.730701],[-87.624044,41.73002],[-87.623947,41.729296],[-87.623776,41.723484],[-87.623788,41.723135],[-87.623729,41.721671],[-87.623888,41.721633],[-87.624886,41.721622],[-87.625147,41.721696],[-87.625908,41.7217],[-87.643173,41.721458],[-87.663263,41.721204]]]}},{"type":"Feature","properties":{"label":"60638","hover_name":null,"color_index":0,"label_lon":-87.772261,"label_lat":41.797868},"geometry":{"type":"Polygon","coordinates":[[[-87.743465,41.81876],[-87.743466,41.818193],[-87.743385,41.816628],[-87.743361,41.815025],[-87.743008,41.802329],[-87.742947,41.799128],[-87.742815,41.795003],[-87.742741,41.794543],[-87.742221,41.793462],[-87.741674,41.792445],[-87.74162,41.792215],[-87.741587,41.791947],[-87.741524,41.790827],[-87.741504,41.789421],[-87.741447,41.788295],[-87.741573,41.788091],[-87.741647,41.787888],[-87.741768,41.787639],[-87.742388,41.786764],[-87.742508,41.786452],[-87.742542,41.786219],[-87.742265,41.777541],[-87.74222,41.776329],[-87.742184,41.775837],[-87.742165,41.77478],[-87.743076,41.77475],[-87.746904,41.77467],[-87.761583,41.774388],[-87.762861,41.77438],[-87.781897,41.773998],[-87.800806,41.773698],[-87.800821,41.774052],[-87.800777,41.774137],[-87.800775,41.774203],[-87.800831,41.775431],[-87.800819,41.775602],[-87.80085,41.776339],[-87.800886,41.776568],[-87.800872,41.776948],[-87.800924,41.77761],[-87.800956,41.778464],[-87.801011,41.779135],[-87.801024,41.780219],[-87.801538,41.792195],[-87.801615,41.794815],[-87.801606,41.79576],[-87.801626,41.797995],[-87.797187,41.799402],[-87.796152,41.799429],[-87.795038,41.799439],[-87.794472,41.799463],[-87.79405,41.799453],[-87.793335,41.799472],[-87.792824,41.799465],[-87.790969,41.799508],[-87.789625,41.799565],[-87.787939,41.799607],[-87.783109,41.799675],[-87.781794,41.799669],[-87.779403,41.799716],[-87.773651,41.799835],[-87.772077,41.79989],[-87.764793,41.800037],[-87.762873,41.800063],[-87.762226,41.800053],[-87.752736,41.800187],[-87.753077,41.813311],[-87.744655,41.815963],[-87.744764,41.822032],[-87.738486,41.82212],[-87.738577,41.820535],[-87.738933,41.820381],[-87.743465,41.81876]]]}},{"type":"Feature","properties":{"label":"60652","hover_name":null,"color_index":4,"label_lon":-87.711996,"label_lat":41.745873},"geometry":{"type":"Polygon","coordinates":[[[-87.682514,41.735527],[-87.700485,41.73522],[-87.701244,41.73521],[-87.701471,41.73522],[-87.702151,41.735187],[-87.702798,41.735175],[-87.709157,41.735084],[-87.713991,41.734987],[-87.725956,41.73478],[-87.72716,41.734734],[-87.738258,41.734549],[-87.738607,41.734566],[-87.739527,41.73456],[-87.741067,41.734524],[-87.740936,41.735807],[-87.740933,41.736865],[-87.741304,41.747646],[-87.741307,41.748369],[-87.74132,41.74872],[-87.741392,41.749524],[-87.741413,41.750668],[-87.741466,41.751781],[-87.741467,41.752278],[-87.741497,41.752671],[-87.741502,41.753725],[-87.7416,41.756509],[-87.732434,41.756759],[-87.722175,41.756902],[-87.722176,41.757152],[-87.720488,41.757157],[-87.719426,41.757182],[-87.719247,41.757208],[-87.718996,41.757284],[-87.718844,41.757303],[-87.715983,41.757368],[-87.70262,41.757301],[-87.701444,41.757145],[-87.68802,41.757267],[-87.687973,41.756917],[-87.683048,41.757407],[-87.682837,41.749802],[-87.682514,41.735527]]]}},{"type":"Feature","properties":{"label":"60636","hover_name":null,"color_index":3,"label_lon":-87.668972,"label_lat":41.775654},"geometry":{"type":"Polygon","coordinates":[[[-87.653923,41.757593],[-87.658778,41.757772],[-87.661994,41.757775],[-87.673345,41.757734],[-87.683048,41.757407],[-87.684042,41.793877],[-87.683211,41.793444],[-87.682948,41.793442],[-87.682628,41.793456],[-87.675777,41.793534],[-87.674764,41.793556],[-87.674027,41.793552],[-87.663203,41.793677],[-87.659874,41.793736],[-87.659564,41.79373],[-87.654865,41.793802],[-87.653923,41.757593]]]}},{"type":"Feature","properties":{"label":"60602","hover_name":null,"color_index":2,"label_lon":-87.619333,"label_lat":41.88324},"geometry":{"type":"Polygon","coordinates":[[[-87.616238,41.882207],[-87.626661,41.882077],[-87.627594,41.882062],[-87.628072,41.882016],[-87.633824,41.881946],[-87.633895,41.884469],[-87.624749,41.884503],[-87.624125,41.884437],[-87.623834,41.88444],[-87.622875,41.884403],[-87.621505,41.884401],[-87.621291,41.884415],[-87.618978,41.884425],[-87.617233,41.88437],[-87.614529,41.884377],[-87.613531,41.884393],[-87.612729,41.884488],[-87.6101,41.884474],[-87.609969,41.884493],[-87.609986,41.88408],[-87.612736,41.884059],[-87.612739,41.883808],[-87.612759,41.883675],[-87.612827,41.883483],[-87.612907,41.883347],[-87.613194,41.883067],[-87.613375,41.882938],[-87.613574,41.882824],[-87.613787,41.882726],[-87.613977,41.882658],[-87.614461,41.882543],[-87.614668,41.882516],[-87.615462,41.88249],[-87.61571,41.882456],[-87.615995,41.882361],[-87.616238,41.882207]]]}},{"type":"Feature","properties":{"label":"60601","hover_name":null,"color_index":0,"label_lon":-87.62195,"label_lat":41.886598},"geometry":{"type":"Polygon","coordinates":[[[-87.622714,41.888836],[-87.6212,41.888656],[-87.618012,41.888311],[-87.617255,41.888328],[-87.615266,41.888423],[-87.613253,41.888404],[-87.611786,41.888465],[-87.611427,41.888512],[-87.610451,41.88848],[-87.607617,41.888429],[-87.605214,41.888454],[-87.60513,41.888347],[-87.602524,41.888386],[-87.602479,41.888371],[-87.602456,41.888329],[-87.602482,41.888288],[-87.602524,41.888275],[-87.605135,41.888229],[-87.605184,41.888192],[-87.605413,41.888189],[-87.605411,41.888224],[-87.605987,41.888217],[-87.607506,41.88819],[-87.607558,41.888155],[-87.607807,41.888149],[-87.60781,41.888185],[-87.609846,41.88797],[-87.609879,41.88779],[-87.609879,41.887153],[-87.6099,41.887118],[-87.609936,41.887107],[-87.609938,41.887088],[-87.609958,41.885264],[-87.609979,41.884799],[-87.609969,41.884493],[-87.6101,41.884474],[-87.612729,41.884488],[-87.613531,41.884393],[-87.614529,41.884377],[-87.617233,41.88437],[-87.618978,41.884425],[-87.621291,41.884415],[-87.621505,41.884401],[-87.622875,41.884403],[-87.623834,41.88444],[-87.624125,41.884437],[-87.624749,41.884503],[-87.633895,41.884469],[-87.633971,41.887528],[-87.633774,41.887534],[-87.633372,41.887476],[-87.63223,41.88748],[-87.630785,41.887431],[-87.630068,41.887421],[-87.629284,41.887419],[-87.628238,41.887449],[-87.627617,41.887512],[-87.627265,41.88766],[-87.626356,41.888245],[-87.625987,41.888505],[-87.625664,41.888677],[-87.625334,41.888825],[-87.625094,41.888905],[-87.624514,41.888882],[-87.624187,41.888823],[-87.624032,41.888818],[-87.623858,41.888893],[-87.623607,41.888905],[-87.622714,41.888836]]]}},{"type":"Feature","properties":{"label":"60645","hover_name":null,"color_index":3,"label_lon":-87.69551,"label_lat":42.008402},"geometry":{"type":"Polygon","coordinates":[[[-87.688383,42.019519],[-87.680448,42.019447],[-87.680494,42.013739],[-87.680464,42.013683],[-87.680319,42.013523],[-87.680298,42.013446],[-87.68014,42.008876],[-87.681842,42.008845],[-87.680171,42.005206],[-87.680339,42.005037],[-87.680354,42.004695],[-87.680136,41.997895],[-87.709454,41.997388],[-87.709477,42.001172],[-87.709475,42.004519],[-87.709316,42.01054],[-87.70919,42.011668],[-87.709014,42.019131],[-87.69044,42.019524],[-87.688383,42.019519]]]}},{"type":"Feature","properties":{"label":"60647","hover_name":null,"color_index":1,"label_lon":-87.70221,"label_lat":41.921147},"geometry":{"type":"Polygon","coordinates":[[[-87.677622,41.917758],[-87.677466,41.910582],[-87.677586,41.910473],[-87.678134,41.910474],[-87.682181,41.910395],[-87.688443,41.910306],[-87.702662,41.910172],[-87.720585,41.909939],[-87.721308,41.909942],[-87.726331,41.909887],[-87.726518,41.91545],[-87.726696,41.921882],[-87.727075,41.922645],[-87.726441,41.922654],[-87.726689,41.923142],[-87.726738,41.92331],[-87.726979,41.93179],[-87.707836,41.932032],[-87.704642,41.932043],[-87.688864,41.932157],[-87.687883,41.932179],[-87.68641,41.932186],[-87.678135,41.932285],[-87.678131,41.931877],[-87.678322,41.930468],[-87.678287,41.929208],[-87.678262,41.928906],[-87.678158,41.928537],[-87.6781,41.928085],[-87.678118,41.92749],[-87.6781,41.927197],[-87.677956,41.925974],[-87.67787,41.92453],[-87.677622,41.917758]]]}},{"type":"Feature","properties":{"label":"60639","hover_name":null,"color_index":2,"label_lon":-87.756002,"label_lat":41.921508},"geometry":{"type":"Polygon","coordinates":[[[-87.726441,41.922654],[-87.727075,41.922645],[-87.726696,41.921882],[-87.726518,41.91545],[-87.726331,41.909887],[-87.743601,41.909652],[-87.780568,41.909191],[-87.785002,41.909148],[-87.785435,41.923463],[-87.785651,41.929344],[-87.785689,41.931002],[-87.765894,41.931283],[-87.726979,41.93179],[-87.726738,41.92331],[-87.726689,41.923142],[-87.726441,41.922654]]]}},{"type":"Feature","properties":{"label":"60618","hover_name":null,"color_index":0,"label_lon":-87.702976,"label_lat":41.946557},"geometry":{"type":"Polygon","coordinates":[[[-87.678939,41.960228],[-87.678338,41.938962],[-87.678146,41.933211],[-87.678135,41.932285],[-87.68641,41.932186],[-87.687883,41.932179],[-87.688864,41.932157],[-87.704642,41.932043],[-87.707836,41.932032],[-87.726979,41.93179],[-87.727828,41.960947],[-87.708726,41.961183],[-87.688932,41.961309],[-87.678959,41.961458],[-87.678939,41.960228]]]}},{"type":"Feature","properties":{"label":"60616","hover_name":null,"color_index":2,"label_lon":-87.62751,"label_lat":41.845565},"geometry":{"type":"Polygon","coordinates":[[[-87.602708,41.83135],[-87.606221,41.831261],[-87.60749,41.831217],[-87.610633,41.831186],[-87.610811,41.83122],[-87.614159,41.831202],[-87.616856,41.831153],[-87.616967,41.8311],[-87.617611,41.831104],[-87.625807,41.831018],[-87.626239,41.831027],[-87.626939,41.831004],[-87.631836,41.830928],[-87.632622,41.830941],[-87.634801,41.8309],[-87.646106,41.83075],[-87.646376,41.841868],[-87.646473,41.846899],[-87.646522,41.848088],[-87.646471,41.849],[-87.646471,41.849792],[-87.646429,41.850508],[-87.646706,41.859911],[-87.645222,41.859933],[-87.644764,41.859953],[-87.641252,41.859994],[-87.639014,41.860018],[-87.637799,41.860013],[-87.63563,41.860077],[-87.634515,41.860133],[-87.631963,41.860148],[-87.630264,41.860121],[-87.627769,41.860159],[-87.626584,41.860202],[-87.623988,41.860229],[-87.623918,41.86027],[-87.622386,41.86029],[-87.622243,41.860256],[-87.621633,41.860263],[-87.614235,41.860375],[-87.61382,41.860358],[-87.613593,41.860386],[-87.612811,41.860402],[-87.612392,41.8604],[-87.612393,41.860354],[-87.61215,41.860346],[-87.612153,41.860265],[-87.612187,41.860265],[-87.612183,41.860175],[-87.612316,41.860152],[-87.612409,41.860084],[-87.612443,41.859988],[-87.612403,41.859787],[-87.612201,41.859265],[-87.612165,41.858668],[-87.612187,41.858584],[-87.612265,41.858508],[-87.612403,41.85849],[-87.612539,41.858494],[-87.612725,41.858359],[-87.612804,41.858246],[-87.612922,41.857978],[-87.613042,41.857611],[-87.61307,41.857261],[-87.613055,41.857032],[-87.61301,41.856859],[-87.612899,41.856582],[-87.612853,41.856356],[-87.612734,41.856134],[-87.612628,41.855996],[-87.612503,41.855867],[-87.61232,41.855718],[-87.611426,41.85515],[-87.611253,41.854986],[-87.611162,41.854864],[-87.61109,41.854729],[-87.611022,41.854505],[-87.611,41.854093],[-87.610937,41.853708],[-87.610821,41.853325],[-87.610717,41.853078],[-87.61059,41.852835],[-87.610373,41.852505],[-87.609388,41.851283],[-87.609244,41.850986],[-87.609188,41.850687],[-87.609199,41.850448],[-87.609498,41.848981],[-87.609521,41.8487],[-87.609543,41.848696],[-87.60949,41.848074],[-87.609433,41.84785],[-87.609326,41.847636],[-87.608538,41.846576],[-87.608448,41.846363],[-87.608408,41.846066],[-87.60845,41.845808],[-87.608541,41.845606],[-87.609002,41.845006],[-87.609107,41.844803],[-87.609168,41.844517],[-87.60915,41.844239],[-87.609072,41.844195],[-87.608916,41.843955],[-87.608771,41.843365],[-87.608582,41.843075],[-87.608474,41.842948],[-87.608177,41.842507],[-87.60802,41.842306],[-87.608021,41.84218],[-87.607975,41.841791],[-87.607979,41.841395],[-87.607947,41.84127],[-87.607849,41.841031],[-87.607733,41.840886],[-87.607528,41.84056],[-87.606984,41.840667],[-87.606678,41.840561],[-87.606714,41.840503],[-87.606995,41.8406],[-87.607501,41.840503],[-87.607433,41.840394],[-87.60745,41.840348],[-87.607348,41.840105],[-87.607211,41.839652],[-87.607095,41.839512],[-87.606701,41.839303],[-87.606512,41.839144],[-87.606451,41.839085],[-87.606156,41.838635],[-87.60471,41.83896],[-87.604278,41.839582],[-87.604275,41.839827],[-87.604185,41.839829],[-87.604195,41.839554],[-87.604667,41.83888],[-87.606135,41.838551],[-87.606079,41.838024],[-87.606105,41.837843],[-87.606072,41.837293],[-87.605975,41.836866],[-87.605847,41.836444],[-87.605655,41.836121],[-87.605308,41.835681],[-87.605092,41.835463],[-87.604558,41.834992],[-87.604544,41.834811],[-87.604734,41.83459],[-87.605033,41.834422],[-87.604868,41.833796],[-87.604746,41.833602],[-87.604553,41.833349],[-87.604352,41.833196],[-87.604072,41.833077],[-87.603916,41.833035],[-87.603486,41.833009],[-87.603354,41.832968],[-87.603229,41.832914],[-87.603012,41.832732],[-87.602797,41.832473],[-87.602704,41.832332],[-87.602765,41.831771],[-87.602708,41.83135]]]}},{"type":"Feature","properties":{"label":"60608","hover_name":null,"color_index":1,"label_lon":-87.670924,"label_lat":41.848657},"geometry":{"type":"Polygon","coordinates":[[[-87.646918,41.867154],[-87.646429,41.850508],[-87.646471,41.849792],[-87.646471,41.849],[-87.646522,41.848088],[-87.646473,41.846899],[-87.646376,41.841868],[-87.646106,41.83075],[-87.656345,41.830611],[-87.685798,41.830272],[-87.693895,41.830112],[-87.694793,41.830075],[-87.694842,41.830974],[-87.694886,41.832419],[-87.694937,41.832985],[-87.694919,41.833526],[-87.695088,41.839295],[-87.69513,41.841029],[-87.69512,41.8415],[-87.695164,41.843042],[-87.695662,41.858184],[-87.695907,41.866511],[-87.686562,41.866606],[-87.668903,41.866859],[-87.664816,41.866863],[-87.646918,41.867154]]]}},{"type":"Feature","properties":{"label":"60614","hover_name":null,"color_index":2,"label_lon":-87.653526,"label_lat":41.926133},"geometry":{"type":"Polygon","coordinates":[[[-87.631384,41.93297],[-87.631384,41.932753],[-87.631422,41.932661],[-87.631518,41.932595],[-87.6316,41.932579],[-87.631818,41.932582],[-87.631821,41.932444],[-87.631397,41.932433],[-87.631255,41.932394],[-87.631281,41.932419],[-87.631152,41.932576],[-87.631072,41.932592],[-87.631054,41.932558],[-87.63111,41.932539],[-87.631239,41.932386],[-87.631032,41.932292],[-87.63085,41.932167],[-87.630687,41.931869],[-87.630674,41.931772],[-87.630697,41.931599],[-87.630861,41.931152],[-87.630975,41.930688],[-87.63101,41.930084],[-87.630965,41.92964],[-87.630834,41.929013],[-87.630749,41.928818],[-87.630694,41.928602],[-87.630396,41.928082],[-87.630611,41.927996],[-87.630471,41.927795],[-87.630327,41.927627],[-87.62998,41.927291],[-87.629791,41.927079],[-87.629639,41.9268],[-87.629611,41.926678],[-87.629603,41.92635],[-87.629629,41.926223],[-87.6297,41.926101],[-87.629728,41.926095],[-87.629876,41.92616],[-87.630177,41.925886],[-87.630259,41.92579],[-87.630275,41.925748],[-87.630259,41.925282],[-87.630192,41.924678],[-87.630084,41.924154],[-87.63008,41.924037],[-87.629979,41.923678],[-87.629903,41.923482],[-87.629581,41.923199],[-87.629273,41.922997],[-87.629003,41.92275],[-87.628383,41.923118],[-87.628336,41.923074],[-87.629268,41.922521],[-87.629304,41.922551],[-87.629486,41.922441],[-87.62948,41.922397],[-87.629427,41.922286],[-87.629258,41.922042],[-87.628988,41.921692],[-87.6289,41.921601],[-87.628852,41.921483],[-87.62868,41.921294],[-87.628536,41.921033],[-87.627757,41.921405],[-87.627728,41.921397],[-87.627705,41.921368],[-87.628761,41.920857],[-87.628795,41.92089],[-87.628934,41.920821],[-87.628917,41.920729],[-87.628731,41.920374],[-87.628561,41.920123],[-87.628427,41.919978],[-87.628175,41.919783],[-87.627956,41.919505],[-87.62735,41.9198],[-87.627325,41.919747],[-87.628365,41.91924],[-87.628397,41.919272],[-87.628419,41.919259],[-87.628436,41.919239],[-87.628425,41.919172],[-87.628294,41.919025],[-87.628152,41.918804],[-87.627893,41.918528],[-87.627494,41.918219],[-87.627354,41.918003],[-87.626832,41.918301],[-87.6268,41.918251],[-87.627856,41.917643],[-87.627891,41.917673],[-87.627915,41.917654],[-87.627909,41.9176],[-87.627582,41.917215],[-87.627354,41.917057],[-87.627085,41.916838],[-87.626935,41.916691],[-87.626846,41.916562],[-87.626771,41.91651],[-87.626705,41.916435],[-87.626093,41.916836],[-87.626044,41.916794],[-87.626813,41.916286],[-87.626632,41.916134],[-87.626288,41.915758],[-87.626086,41.915633],[-87.625921,41.915586],[-87.6258,41.91553],[-87.625644,41.915367],[-87.625451,41.915225],[-87.625093,41.914899],[-87.624867,41.914725],[-87.624547,41.914547],[-87.624339,41.914385],[-87.624025,41.914176],[-87.623194,41.913776],[-87.622906,41.913681],[-87.622427,41.913573],[-87.621732,41.913528],[-87.621164,41.913588],[-87.621012,41.913641],[-87.620773,41.913771],[-87.620617,41.913793],[-87.620553,41.91376],[-87.62052,41.913715],[-87.620486,41.91361],[-87.620494,41.913562],[-87.620565,41.913432],[-87.620572,41.91337],[-87.620442,41.913489],[-87.620374,41.913575],[-87.620292,41.913709],[-87.620212,41.913907],[-87.62019,41.914085],[-87.620208,41.914556],[-87.62024,41.914626],[-87.620306,41.914703],[-87.620467,41.914794],[-87.620615,41.914822],[-87.620742,41.91482],[-87.620841,41.914798],[-87.620955,41.914749],[-87.620989,41.914785],[-87.620879,41.914835],[-87.620773,41.914862],[-87.620662,41.914871],[-87.620497,41.914852],[-87.620378,41.914809],[-87.620292,41.914757],[-87.620195,41.914656],[-87.620156,41.914579],[-87.62014,41.914497],[-87.620132,41.914058],[-87.620166,41.913857],[-87.620294,41.913589],[-87.620442,41.913413],[-87.620564,41.913309],[-87.620857,41.913138],[-87.621261,41.912998],[-87.621587,41.912934],[-87.622092,41.912896],[-87.622423,41.912843],[-87.622737,41.912753],[-87.623028,41.912628],[-87.62329,41.91247],[-87.624663,41.911416],[-87.624669,41.911249],[-87.627663,41.911242],[-87.631006,41.911189],[-87.631382,41.911198],[-87.631974,41.911164],[-87.635051,41.911161],[-87.636847,41.91114],[-87.642291,41.911061],[-87.643064,41.911043],[-87.643624,41.911004],[-87.644985,41.910968],[-87.656861,41.910785],[-87.65693,41.911076],[-87.657057,41.911436],[-87.657595,41.912815],[-87.657715,41.913425],[-87.657862,41.913809],[-87.658077,41.914108],[-87.658651,41.914708],[-87.659235,41.915147],[-87.65987,41.915451],[-87.660268,41.915712],[-87.660735,41.91597],[-87.66093,41.916118],[-87.661132,41.916177],[-87.661329,41.916179],[-87.661513,41.916121],[-87.661781,41.916014],[-87.662066,41.91592],[-87.662276,41.915809],[-87.662449,41.915692],[-87.662649,41.915591],[-87.662789,41.915568],[-87.663029,41.915488],[-87.663706,41.915633],[-87.663771,41.915678],[-87.663896,41.91589],[-87.664216,41.916796],[-87.664297,41.917119],[-87.664445,41.917554],[-87.664602,41.917801],[-87.664752,41.917992],[-87.664958,41.918152],[-87.665239,41.918408],[-87.66737,41.917919],[-87.66828,41.917932],[-87.669376,41.917913],[-87.670657,41.917871],[-87.671348,41.917884],[-87.677622,41.917758],[-87.67787,41.92453],[-87.677956,41.925974],[-87.6781,41.927197],[-87.678118,41.92749],[-87.6781,41.928085],[-87.678158,41.928537],[-87.678262,41.928906],[-87.678287,41.929208],[-87.678322,41.930468],[-87.678131,41.931877],[-87.678135,41.932285],[-87.667789,41.932411],[-87.659509,41.932542],[-87.64987,41.9327],[-87.638089,41.932932],[-87.637346,41.932931],[-87.63624,41.932854],[-87.63611,41.933157],[-87.634966,41.933347],[-87.632525,41.933324],[-87.630472,41.933328],[-87.63053,41.933215],[-87.630612,41.933164],[-87.630713,41.933062],[-87.630705,41.932707],[-87.630692,41.932584],[-87.630659,41.932549],[-87.630685,41.932522],[-87.630709,41.932522],[-87.630762,41.932568],[-87.630773,41.933026],[-87.630731,41.933036],[-87.630731,41.933063],[-87.630908,41.932984],[-87.631384,41.93297]]]}},{"type":"Feature","properties":{"label":"60605","hover_name":null,"color_index":3,"label_lon":-87.623192,"label_lat":41.865136},"geometry":{"type":"Polygon","coordinates":[[[-87.624656,41.877006],[-87.617401,41.877103],[-87.616247,41.8771],[-87.616192,41.876015],[-87.61618,41.875321],[-87.616206,41.87427],[-87.616224,41.87395],[-87.616245,41.873948],[-87.6162,41.87197],[-87.616281,41.871967],[-87.616273,41.871781],[-87.616234,41.871714],[-87.616234,41.871628],[-87.616268,41.871557],[-87.616212,41.868899],[-87.615944,41.868791],[-87.615705,41.868651],[-87.615502,41.868481],[-87.615352,41.868304],[-87.61474,41.868324],[-87.614491,41.868422],[-87.614313,41.868468],[-87.614139,41.868495],[-87.613805,41.868507],[-87.613471,41.868501],[-87.613214,41.868477],[-87.612982,41.86841],[-87.612773,41.868308],[-87.612598,41.868176],[-87.612464,41.868019],[-87.612366,41.867819],[-87.612333,41.867633],[-87.612353,41.867446],[-87.612425,41.867266],[-87.612534,41.867114],[-87.612689,41.866969],[-87.612688,41.866753],[-87.610656,41.86678],[-87.610602,41.866817],[-87.607749,41.866859],[-87.607526,41.867041],[-87.607319,41.867144],[-87.607007,41.867225],[-87.606759,41.867242],[-87.606433,41.867203],[-87.606134,41.867097],[-87.605886,41.866933],[-87.60571,41.866723],[-87.60562,41.866486],[-87.605621,41.866238],[-87.605683,41.866059],[-87.605752,41.865946],[-87.605894,41.865794],[-87.606051,41.865681],[-87.606045,41.864794],[-87.606293,41.864785],[-87.606297,41.864935],[-87.606313,41.864966],[-87.606586,41.865213],[-87.606674,41.865233],[-87.60687,41.865181],[-87.607092,41.865059],[-87.607244,41.864933],[-87.607358,41.864812],[-87.607451,41.864682],[-87.60751,41.864557],[-87.607573,41.86436],[-87.607579,41.864274],[-87.607565,41.86402],[-87.607525,41.863846],[-87.606955,41.862374],[-87.606919,41.862346],[-87.606807,41.862312],[-87.606765,41.862206],[-87.606737,41.862187],[-87.606624,41.862165],[-87.606532,41.862204],[-87.606413,41.86207],[-87.606086,41.862074],[-87.60608,41.862056],[-87.606042,41.862052],[-87.606021,41.862005],[-87.605965,41.86008],[-87.606838,41.860057],[-87.607072,41.859958],[-87.606597,41.853411],[-87.606513,41.853415],[-87.606511,41.853359],[-87.608394,41.853195],[-87.608758,41.85317],[-87.609004,41.853181],[-87.609317,41.853256],[-87.609588,41.853393],[-87.609775,41.853559],[-87.609897,41.85377],[-87.609923,41.85388],[-87.609914,41.854037],[-87.60945,41.856407],[-87.609342,41.85667],[-87.609335,41.856817],[-87.609407,41.857005],[-87.609464,41.857078],[-87.609662,41.85725],[-87.60977,41.857378],[-87.609925,41.857656],[-87.609974,41.857831],[-87.609994,41.858083],[-87.60998,41.858186],[-87.60988,41.858488],[-87.609885,41.858643],[-87.609929,41.858764],[-87.610008,41.858882],[-87.610221,41.85906],[-87.610393,41.859164],[-87.610476,41.859281],[-87.610476,41.85939],[-87.610364,41.859708],[-87.610363,41.859864],[-87.610426,41.860081],[-87.610461,41.860131],[-87.610547,41.860183],[-87.610668,41.860206],[-87.610675,41.860651],[-87.61053,41.860687],[-87.610455,41.860752],[-87.610425,41.860849],[-87.610348,41.860848],[-87.610361,41.861396],[-87.610285,41.861398],[-87.610036,41.861803],[-87.609898,41.862109],[-87.609776,41.862488],[-87.609799,41.862492],[-87.609713,41.862867],[-87.609674,41.863246],[-87.609657,41.863248],[-87.609655,41.863288],[-87.609628,41.86329],[-87.609628,41.863374],[-87.609652,41.863377],[-87.60965,41.863403],[-87.609605,41.863405],[-87.609611,41.863508],[-87.609645,41.863508],[-87.60974,41.864091],[-87.609885,41.864468],[-87.609969,41.864629],[-87.609955,41.864634],[-87.6101,41.864903],[-87.610371,41.865322],[-87.610448,41.865319],[-87.61048,41.865865],[-87.612669,41.865843],[-87.61265,41.865279],[-87.612741,41.865288],[-87.613042,41.864661],[-87.613251,41.864142],[-87.613424,41.863462],[-87.61345,41.863279],[-87.613454,41.863015],[-87.613427,41.862855],[-87.613355,41.862613],[-87.61326,41.862376],[-87.613101,41.862058],[-87.612953,41.8618],[-87.612692,41.861427],[-87.612648,41.861372],[-87.612561,41.861373],[-87.612548,41.860825],[-87.612471,41.860828],[-87.612463,41.860773],[-87.612418,41.860705],[-87.612358,41.860666],[-87.612286,41.860642],[-87.612203,41.860634],[-87.612205,41.860461],[-87.612391,41.860455],[-87.612392,41.8604],[-87.613593,41.860386],[-87.61382,41.860358],[-87.614235,41.860375],[-87.622243,41.860256],[-87.622386,41.86029],[-87.623918,41.86027],[-87.623988,41.860229],[-87.626584,41.860202],[-87.627769,41.860159],[-87.630264,41.860121],[-87.631963,41.860148],[-87.633566,41.860138],[-87.633566,41.86732],[-87.633489,41.869115],[-87.633483,41.869862],[-87.633516,41.869949],[-87.633523,41.870179],[-87.633694,41.87685],[-87.632914,41.876869],[-87.629555,41.876892],[-87.627794,41.876917],[-87.627529,41.876941],[-87.624656,41.877006]]]}},{"type":"Feature","properties":{"label":"60631","hover_name":null,"color_index":1,"label_lon":-87.805516,"label_lat":41.999295},"geometry":{"type":"Polygon","coordinates":[[[-87.856639,41.984319],[-87.856645,41.984663],[-87.856571,41.985022],[-87.856471,41.985363],[-87.85636,41.985994],[-87.856306,41.986154],[-87.856088,41.986617],[-87.855874,41.987153],[-87.855582,41.987737],[-87.855537,41.987943],[-87.855568,41.988189],[-87.855681,41.988663],[-87.855766,41.988927],[-87.855835,41.989052],[-87.855502,41.988944],[-87.85483,41.98876],[-87.854122,41.988648],[-87.853607,41.988599],[-87.851327,41.988492],[-87.850583,41.988426],[-87.849531,41.988298],[-87.845365,41.987681],[-87.844404,41.987521],[-87.843836,41.987456],[-87.841742,41.987135],[-87.838925,41.986727],[-87.837657,41.986519],[-87.836581,41.986396],[-87.823327,41.984509],[-87.822164,41.993112],[-87.82177,41.995428],[-87.821404,41.996922],[-87.821313,42.007352],[-87.821253,42.011357],[-87.819729,42.011386],[-87.819731,42.011933],[-87.820098,42.011926],[-87.820069,42.01557],[-87.821231,42.015541],[-87.82121,42.018642],[-87.806547,42.018965],[-87.806759,42.000837],[-87.805389,42.000859],[-87.805309,42.000904],[-87.805295,42.001498],[-87.801079,42.00154],[-87.801086,42.000872],[-87.799659,42.000869],[-87.799481,41.999985],[-87.799015,41.999988],[-87.797142,42.000005],[-87.797126,42.000051],[-87.797124,42.00094],[-87.791166,42.00098],[-87.789293,41.998902],[-87.78746,41.996911],[-87.78748,41.996694],[-87.787735,41.982899],[-87.787854,41.98291],[-87.788698,41.982882],[-87.78946,41.982897],[-87.803435,41.982784],[-87.806942,41.982771],[-87.812663,41.982613],[-87.813034,41.982627],[-87.813432,41.982675],[-87.813919,41.982088],[-87.814039,41.981973],[-87.814115,41.981928],[-87.81454,41.981797],[-87.814987,41.981689],[-87.815387,41.981622],[-87.815808,41.981579],[-87.817478,41.981519],[-87.820775,41.981449],[-87.825201,41.981329],[-87.825239,41.981111],[-87.825286,41.981068],[-87.825352,41.981046],[-87.826836,41.981002],[-87.828158,41.98099],[-87.828207,41.981017],[-87.828224,41.981056],[-87.828228,41.98126],[-87.830318,41.981228],[-87.830343,41.98105],[-87.830403,41.980999],[-87.830808,41.980982],[-87.832019,41.980968],[-87.832074,41.980998],[-87.8321,41.981035],[-87.832118,41.981198],[-87.834525,41.981151],[-87.835605,41.981144],[-87.836177,41.981123],[-87.836273,41.981077],[-87.836313,41.98101],[-87.836324,41.980112],[-87.836296,41.979993],[-87.83624,41.979925],[-87.836118,41.979833],[-87.836089,41.979786],[-87.836095,41.979676],[-87.836164,41.979604],[-87.836266,41.979565],[-87.836818,41.979531],[-87.836993,41.979576],[-87.837055,41.97962],[-87.837089,41.979676],[-87.837114,41.980016],[-87.837076,41.98085],[-87.837094,41.980949],[-87.837183,41.981053],[-87.83727,41.98109],[-87.837394,41.981115],[-87.839463,41.981056],[-87.845986,41.980948],[-87.855944,41.980978],[-87.855877,41.981099],[-87.855821,41.981404],[-87.855784,41.981697],[-87.85578,41.982163],[-87.855971,41.982802],[-87.856234,41.983482],[-87.856572,41.984146],[-87.856639,41.984319]]]}},{"type":"Feature","properties":{"label":"60655","hover_name":null,"color_index":0,"label_lon":-87.708199,"label_lat":41.695497},"geometry":{"type":"Polygon","coordinates":[[[-87.681842,41.713662],[-87.680696,41.677257],[-87.681688,41.677301],[-87.686205,41.677208],[-87.685782,41.678203],[-87.685652,41.678671],[-87.68558,41.679146],[-87.685566,41.679624],[-87.685722,41.684475],[-87.695625,41.684333],[-87.695765,41.688076],[-87.696054,41.688077],[-87.696148,41.688033],[-87.696606,41.687984],[-87.697986,41.687945],[-87.699473,41.687933],[-87.699398,41.686147],[-87.700624,41.686136],[-87.700553,41.684263],[-87.705417,41.684187],[-87.705285,41.680579],[-87.706475,41.680557],[-87.707146,41.680553],[-87.707324,41.680566],[-87.709931,41.680548],[-87.710002,41.680534],[-87.710132,41.680462],[-87.711357,41.680441],[-87.711391,41.681271],[-87.71158,41.681267],[-87.711597,41.681833],[-87.711414,41.681836],[-87.711507,41.684094],[-87.727282,41.683856],[-87.736784,41.683665],[-87.737328,41.683669],[-87.73945,41.683632],[-87.739739,41.69086],[-87.736882,41.691013],[-87.736388,41.691028],[-87.721816,41.6913],[-87.720533,41.691315],[-87.720317,41.691285],[-87.720373,41.692215],[-87.720537,41.696496],[-87.72063,41.69835],[-87.720764,41.70245],[-87.720885,41.705008],[-87.721072,41.71069],[-87.721125,41.71317],[-87.712578,41.713297],[-87.712525,41.711474],[-87.711298,41.711491],[-87.711124,41.706074],[-87.707918,41.706101],[-87.70261,41.706178],[-87.701734,41.706173],[-87.701325,41.706178],[-87.701375,41.707052],[-87.701202,41.707084],[-87.691519,41.707203],[-87.691729,41.713566],[-87.682724,41.713667],[-87.681842,41.713662]],[[-87.696021,41.698928],[-87.695763,41.691715],[-87.69209,41.69176],[-87.692105,41.692202],[-87.691706,41.692206],[-87.691708,41.692275],[-87.691009,41.692283],[-87.691238,41.698982],[-87.696021,41.698928]]]}},{"type":"Feature","properties":{"label":"60612","hover_name":null,"color_index":2,"label_lon":-87.68646,"label_lat":41.881152},"geometry":{"type":"Polygon","coordinates":[[[-87.677052,41.895912],[-87.676846,41.88872],[-87.672482,41.888788],[-87.670757,41.888828],[-87.667069,41.888852],[-87.666979,41.885404],[-87.666907,41.885122],[-87.66687,41.883212],[-87.666749,41.879992],[-87.666754,41.878925],[-87.666688,41.877643],[-87.666565,41.872632],[-87.666384,41.866862],[-87.668903,41.866859],[-87.686562,41.866606],[-87.705669,41.866405],[-87.705922,41.873812],[-87.706174,41.882933],[-87.706556,41.895553],[-87.698246,41.895646],[-87.694832,41.895663],[-87.691787,41.895702],[-87.68725,41.895737],[-87.677052,41.895912]]]}},{"type":"Feature","properties":{"label":"60622","hover_name":null,"color_index":3,"label_lon":-87.687145,"label_lat":41.903182},"geometry":{"type":"Polygon","coordinates":[[[-87.667069,41.888852],[-87.670757,41.888828],[-87.672482,41.888788],[-87.676846,41.88872],[-87.677052,41.895912],[-87.68725,41.895737],[-87.691787,41.895702],[-87.694832,41.895663],[-87.698246,41.895646],[-87.706556,41.895553],[-87.707005,41.909571],[-87.706992,41.910011],[-87.70696,41.910115],[-87.702662,41.910172],[-87.688443,41.910306],[-87.682181,41.910395],[-87.678134,41.910474],[-87.677586,41.910473],[-87.677466,41.910582],[-87.677622,41.917758],[-87.671348,41.917884],[-87.670657,41.917871],[-87.669376,41.917913],[-87.667961,41.917932],[-87.667761,41.917254],[-87.667815,41.915498],[-87.667809,41.914525],[-87.667617,41.908146],[-87.667259,41.894913],[-87.667069,41.888852]]]}},{"type":"Feature","properties":{"label":"60707","hover_name":null,"color_index":0,"label_lon":-87.795727,"label_lat":41.919948},"geometry":{"type":"MultiPolygon","coordinates":[[[[-87.785689,41.931002],[-87.785651,41.929344],[-87.785435,41.923463],[-87.785002,41.909148],[-87.802566,41.908932],[-87.805745,41.908839],[-87.805886,41.912373],[-87.806232,41.923464],[-87.806495,41.930815],[-87.805762,41.930761],[-87.790123,41.930949],[-87.789568,41.93094],[-87.786609,41.930974],[-87.785689,41.931002]]],[[[-87.806747,41.937996],[-87.806624,41.934511],[-87.81639,41.934313],[-87.816519,41.937939],[-87.810612,41.93799],[-87.806747,41.937996]]]]}}]}