{"type":"FeatureCollection","features":[{"type":"Feature","properties":{"label":null,"hover_name":null},"geometry":{"type":"Polygon","coordinates":[[[-87.647821,41.839901],[-87.648203,41.839719],[-87.649578,41.841311],[-87.649577,41.841343],[-87.649171,41.841549],[-87.649134,41.841554],[-87.64648,41.841571],[-87.646461,41.841546],[-87.646426,41.839937],[-87.647821,41.839901]]]}},{"type":"Feature","properties":{"label":null,"hover_name":null},"geometry":{"type":"Polygon","coordinates":[[[-87.632864,41.834495],[-87.632827,41.832986],[-87.632827,41.83284],[-87.632846,41.832813],[-87.635112,41.832785],[-87.635139,41.833436],[-87.635149,41.834484],[-87.632906,41.834528],[-87.632864,41.834495]]]}},{"type":"Feature","properties":{"label":null,"hover_name":null},"geometry":{"type":"Polygon","coordinates":[[[-87.635742,41.812604],[-87.634863,41.812467],[-87.633577,41.812484],[-87.633543,41.812468],[-87.633472,41.81032],[-87.633498,41.810296],[-87.63572,41.810252],[-87.635778,41.812553],[-87.635741,41.812547],[-87.635742,41.812604]]]}},{"type":"Feature","properties":{"label":null,"hover_name":null},"geometry":{"type":"Polygon","coordinates":[[[-87.669763,41.80301],[-87.669723,41.801381],[-87.669735,41.801359],[-87.669764,41.801348],[-87.670518,41.80134],[-87.67197,41.801326],[-87.671998,41.801335],[-87.672018,41.801673],[-87.672038,41.803011],[-87.672006,41.803025],[-87.669813,41.803049],[-87.669763,41.80301]]]}},{"type":"Feature","properties":{"label":null,"hover_name":null},"geometry":{"type":"Polygon","coordinates":[[[-87.547993,41.744624],[-87.547937,41.742131],[-87.547953,41.742107],[-87.547985,41.742098],[-87.550237,41.743346],[-87.550259,41.744537],[-87.550252,41.744602],[-87.55023,41.744617],[-87.54803,41.744646],[-87.547993,41.744624]]]}},{"type":"Feature","properties":{"label":null,"hover_name":null},"geometry":{"type":"Polygon","coordinates":[[[-87.655095,41.79956],[-87.654972,41.795168],[-87.65496,41.79464],[-87.654975,41.794248],[-87.655004,41.794222],[-87.657217,41.794188],[-87.657241,41.794231],[-87.657366,41.794229],[-87.657404,41.794183],[-87.659631,41.794158],[-87.659659,41.794187],[-87.659672,41.794593],[-87.659793,41.799504],[-87.659757,41.799523],[-87.655129,41.799587],[-87.655095,41.79956]]]}},{"type":"Feature","properties":{"label":null,"hover_name":null},"geometry":{"type":"Polygon","coordinates":[[[-87.666404,41.812288],[-87.668607,41.812265],[-87.668644,41.81228],[-87.668682,41.813953],[-87.668646,41.813975],[-87.666431,41.813986],[-87.666406,41.813951],[-87.666378,41.812301],[-87.666404,41.812288]]]}},{"type":"Feature","properties":{"label":null,"hover_name":null},"geometry":{"type":"Polygon","coordinates":[[[-87.65452,41.777703],[-87.654396,41.772901],[-87.654402,41.772429],[-87.65442,41.772404],[-87.655246,41.772365],[-87.656618,41.772346],[-87.656663,41.77236],[-87.656676,41.772389],[-87.656803,41.772389],[-87.656809,41.772361],[-87.656849,41.772342],[-87.658054,41.772324],[-87.659053,41.772332],[-87.65909,41.772344],[-87.65911,41.77238],[-87.659162,41.77417],[-87.659234,41.777659],[-87.659196,41.777677],[-87.654571,41.777742],[-87.654539,41.777733],[-87.65452,41.777703]]]}},{"type":"Feature","properties":{"label":null,"hover_name":null},"geometry":{"type":"Polygon","coordinates":[[[-87.634859,41.763493],[-87.636172,41.759934],[-87.639046,41.759886],[-87.639152,41.763409],[-87.634891,41.763482],[-87.634859,41.763493]]]}},{"type":"Feature","properties":{"label":null,"hover_name":null},"geometry":{"type":"Polygon","coordinates":[[[-87.531584,41.715875],[-87.531586,41.717657],[-87.531565,41.717812],[-87.531522,41.71791],[-87.53178,41.717907],[-87.531781,41.718497],[-87.532957,41.720159],[-87.533497,41.720867],[-87.53495,41.722874],[-87.53457,41.722878],[-87.534666,41.722954],[-87.534709,41.723058],[-87.533509,41.723067],[-87.524673,41.723239],[-87.524673,41.723205],[-87.524471,41.7232],[-87.524488,41.721642],[-87.524444,41.717417],[-87.524469,41.717417],[-87.524468,41.717403],[-87.525346,41.717382],[-87.525777,41.717336],[-87.52586,41.717028],[-87.526062,41.71697],[-87.526297,41.716597],[-87.52666,41.716777],[-87.526727,41.71689],[-87.526791,41.716853],[-87.526879,41.716885],[-87.52691,41.716921],[-87.527003,41.716948],[-87.527522,41.716688],[-87.527799,41.716523],[-87.528098,41.716307],[-87.528354,41.716072],[-87.528324,41.715902],[-87.528295,41.71548],[-87.528179,41.71507],[-87.528122,41.714777],[-87.528011,41.714451],[-87.5279,41.714027],[-87.527815,41.713886],[-87.527759,41.713745],[-87.52729,41.713102],[-87.52686,41.71273],[-87.526415,41.712467],[-87.526344,41.712461],[-87.525221,41.713357],[-87.525167,41.713327],[-87.526503,41.712254],[-87.528135,41.711012],[-87.526979,41.710151],[-87.526608,41.710002],[-87.526233,41.709965],[-87.526058,41.709995],[-87.5259,41.710145],[-87.526021,41.710255],[-87.52602,41.710399],[-87.525951,41.71045],[-87.52582,41.710466],[-87.525698,41.710441],[-87.525601,41.710397],[-87.525361,41.710101],[-87.525159,41.71],[-87.52498,41.709962],[-87.5246,41.70969],[-87.52454,41.709558],[-87.524554,41.707883],[-87.524829,41.70793],[-87.525011,41.707987],[-87.525483,41.708213],[-87.528034,41.710054],[-87.528191,41.710221],[-87.530457,41.711845],[-87.530716,41.712011],[-87.531006,41.712269],[-87.531258,41.712543],[-87.531442,41.712783],[-87.531686,41.713183],[-87.531827,41.713508],[-87.531946,41.713931],[-87.531661,41.713936],[-87.531659,41.715874],[-87.531584,41.715875]]]}},{"type":"Feature","properties":{"label":null,"hover_name":null},"geometry":{"type":"MultiPolygon","coordinates":[[[[-87.60616,41.787253],[-87.606159,41.787225],[-87.60616,41.787229],[-87.60616,41.787253]]],[[[-87.607401,41.802177],[-87.606722,41.802188],[-87.607036,41.802182],[-87.607401,41.802177]]],[[[-87.606634,41.80219],[-87.606722,41.802188],[-87.606621,41.80219],[-87.606634,41.80219]]],[[[-87.606159,41.787219],[-87.606149,41.786338],[-87.606158,41.786344],[-87.606142,41.786331],[-87.606137,41.786013],[-87.606165,41.785934],[-87.610988,41.785857],[-87.611006,41.785841],[-87.615425,41.785762],[-87.615592,41.785914],[-87.615691,41.785934],[-87.615899,41.794397],[-87.615868,41.794427],[-87.615862,41.794567],[-87.615905,41.794596],[-87.615907,41.794705],[-87.615864,41.794729],[-87.615868,41.794879],[-87.615891,41.794877],[-87.615915,41.794895],[-87.616081,41.80131],[-87.616079,41.801708],[-87.616066,41.801852],[-87.616047,41.801891],[-87.61605,41.802015],[-87.615919,41.802017],[-87.615886,41.802035],[-87.615047,41.802059],[-87.614274,41.802072],[-87.611076,41.802119],[-87.609533,41.802144],[-87.608399,41.802161],[-87.607612,41.802174],[-87.607401,41.802177],[-87.607827,41.80217],[-87.607036,41.802182],[-87.606634,41.80219],[-87.606619,41.80219],[-87.606579,41.802191],[-87.606522,41.802163],[-87.606511,41.801816],[-87.606542,41.80178],[-87.606538,41.801611],[-87.606496,41.801576],[-87.606457,41.800342],[-87.60667,41.800339],[-87.606678,41.80068],[-87.607433,41.800678],[-87.607427,41.800143],[-87.607497,41.800142],[-87.607486,41.798924],[-87.607608,41.798923],[-87.607587,41.798284],[-87.606403,41.798299],[-87.60633,41.795087],[-87.606349,41.795057],[-87.606398,41.795049],[-87.606396,41.794886],[-87.606348,41.794876],[-87.606328,41.794843],[-87.606248,41.791397],[-87.60618,41.788165],[-87.606189,41.787641],[-87.606183,41.787413],[-87.60616,41.787334],[-87.60616,41.787214],[-87.606191,41.787184],[-87.606167,41.787199],[-87.606163,41.787206],[-87.60616,41.787214],[-87.606159,41.787219]],[[-87.606201,41.786359],[-87.606202,41.786359],[-87.606189,41.786357],[-87.606201,41.786359]],[[-87.606262,41.791985],[-87.60626,41.791879],[-87.606261,41.791927],[-87.606262,41.791985]],[[-87.61323,41.800135],[-87.613233,41.800802],[-87.61154,41.800822],[-87.611553,41.801528],[-87.612978,41.801522],[-87.612982,41.801207],[-87.613761,41.801205],[-87.613758,41.800568],[-87.614674,41.800566],[-87.614721,41.800552],[-87.614906,41.800602],[-87.615003,41.800644],[-87.614863,41.800438],[-87.614836,41.800467],[-87.613749,41.800445],[-87.613743,41.800138],[-87.61323,41.800135]],[[-87.614584,41.802067],[-87.614122,41.802074],[-87.614274,41.802072],[-87.614584,41.802067]],[[-87.609799,41.802139],[-87.60894,41.802153],[-87.609533,41.802144],[-87.609799,41.802139]],[[-87.615583,41.785915],[-87.615582,41.785915],[-87.61558,41.785915],[-87.615583,41.785915]]]]}},{"type":"Feature","properties":{"label":null,"hover_name":null},"geometry":{"type":"Polygon","coordinates":[[[-87.723221,41.860965],[-87.723745,41.860959],[-87.723755,41.861268],[-87.723231,41.861274],[-87.723221,41.860965]]]}},{"type":"Feature","properties":{"label":null,"hover_name":null},"geometry":{"type":"Polygon","coordinates":[[[-87.702249,41.764478],[-87.70212,41.764481],[-87.702986,41.764467],[-87.702974,41.764469],[-87.702971,41.76447],[-87.70297,41.76447],[-87.702969,41.764471],[-87.702963,41.764473],[-87.702958,41.764475],[-87.702953,41.764478],[-87.702948,41.764482],[-87.702948,41.764482],[-87.702947,41.764483],[-87.702946,41.764483],[-87.702944,41.764485],[-87.702937,41.764494],[-87.702933,41.764503],[-87.702932,41.764506],[-87.702932,41.764507],[-87.702931,41.764508],[-87.702931,41.764509],[-87.702931,41.764521],[-87.702947,41.764483],[-87.702988,41.764467],[-87.704172,41.764426],[-87.712377,41.76431],[-87.712577,41.771271],[-87.712509,41.771274],[-87.712501,41.771454],[-87.712476,41.771464],[-87.709775,41.771509],[-87.703984,41.7716],[-87.703122,41.771601],[-87.698266,41.771688],[-87.698178,41.771686],[-87.698135,41.771655],[-87.698019,41.771657],[-87.698007,41.771682],[-87.697979,41.771693],[-87.694619,41.771745],[-87.693336,41.771753],[-87.69331,41.771743],[-87.693258,41.771166],[-87.693105,41.764707],[-87.693104,41.764653],[-87.693122,41.764629],[-87.693148,41.764617],[-87.6942,41.764588],[-87.69782,41.764527],[-87.697845,41.764554],[-87.697999,41.764551],[-87.698055,41.764523],[-87.698368,41.764516],[-87.701333,41.764472],[-87.702249,41.764478]],[[-87.702675,41.764484],[-87.702687,41.764495],[-87.702681,41.764489],[-87.702675,41.764484]],[[-87.702688,41.764497],[-87.702694,41.764506],[-87.702691,41.764502],[-87.702688,41.764497]],[[-87.702697,41.764517],[-87.702696,41.764513],[-87.702697,41.764527],[-87.702697,41.764517]],[[-87.697713,41.764556],[-87.697793,41.764554],[-87.69752,41.764559],[-87.697713,41.764556]],[[-87.694968,41.764602],[-87.69519,41.764599],[-87.694922,41.764603],[-87.694968,41.764602]],[[-87.693251,41.768676],[-87.693249,41.768628],[-87.693258,41.769062],[-87.693251,41.768676]],[[-87.703079,41.771557],[-87.70308,41.771559],[-87.703079,41.771556],[-87.703079,41.771557]],[[-87.703107,41.771593],[-87.70311,41.771595],[-87.703104,41.771591],[-87.703107,41.771593]]]}},{"type":"Feature","properties":{"label":null,"hover_name":null},"geometry":{"type":"Polygon","coordinates":[[[-87.555551,41.733589],[-87.555465,41.730141],[-87.555496,41.730103],[-87.555574,41.730087],[-87.55566,41.730113],[-87.55973,41.73304],[-87.56002,41.73325],[-87.560026,41.733274],[-87.560022,41.733292],[-87.559672,41.733564],[-87.559607,41.733585],[-87.555639,41.733635],[-87.555585,41.733622],[-87.555551,41.733589]]]}},{"type":"Feature","properties":{"label":null,"hover_name":null},"geometry":{"type":"Polygon","coordinates":[[[-87.613367,41.689149],[-87.618101,41.689071],[-87.618114,41.68909],[-87.618216,41.692585],[-87.614683,41.692648],[-87.613467,41.692658],[-87.613428,41.691972],[-87.613362,41.68969],[-87.613348,41.689181],[-87.613367,41.689149]]]}},{"type":"Feature","properties":{"label":null,"hover_name":null},"geometry":{"type":"Polygon","coordinates":[[[-87.761832,41.944033],[-87.761774,41.942418],[-87.761785,41.942339],[-87.762051,41.942326],[-87.764104,41.942307],[-87.764121,41.94233],[-87.764176,41.944017],[-87.764161,41.944036],[-87.76188,41.944071],[-87.761849,41.944063],[-87.761832,41.944033]]]}},{"type":"Feature","properties":{"label":null,"hover_name":null},"geometry":{"type":"Polygon","coordinates":[[[-87.599314,41.756721],[-87.599227,41.753248],[-87.599244,41.753231],[-87.599277,41.753222],[-87.601583,41.753205],[-87.601586,41.753278],[-87.601508,41.753293],[-87.601514,41.753529],[-87.601595,41.753527],[-87.601605,41.753835],[-87.60152,41.753838],[-87.601528,41.754031],[-87.601609,41.754029],[-87.60162,41.754516],[-87.601533,41.754518],[-87.601543,41.754832],[-87.601627,41.754832],[-87.601582,41.755102],[-87.601627,41.756724],[-87.601611,41.756742],[-87.600043,41.756766],[-87.599369,41.75677],[-87.599334,41.756758],[-87.599314,41.756721]]]}},{"type":"Feature","properties":{"label":null,"hover_name":null},"geometry":{"type":"Polygon","coordinates":[[[-87.563362,41.704625],[-87.565548,41.704616],[-87.565581,41.704623],[-87.565607,41.70465],[-87.565656,41.707996],[-87.565609,41.708027],[-87.56338,41.708058],[-87.563352,41.708023],[-87.563307,41.704654],[-87.563362,41.704625]]]}},{"type":"Feature","properties":{"label":null,"hover_name":null},"geometry":{"type":"Polygon","coordinates":[[[-87.549645,41.655552],[-87.551913,41.655565],[-87.551932,41.655589],[-87.551919,41.65909],[-87.551865,41.659116],[-87.549629,41.659108],[-87.549602,41.659085],[-87.549599,41.658671],[-87.549617,41.655565],[-87.549645,41.655552]]]}},{"type":"Feature","properties":{"label":null,"hover_name":null},"geometry":{"type":"Polygon","coordinates":[[[-87.609582,41.731021],[-87.60954,41.729364],[-87.60956,41.729335],[-87.614238,41.729256],[-87.614277,41.729276],[-87.614319,41.730938],[-87.614294,41.730969],[-87.609602,41.731045],[-87.609582,41.731021]]]}},{"type":"Feature","properties":{"label":null,"hover_name":null},"geometry":{"type":"MultiPolygon","coordinates":[[[[-87.577147,41.788168],[-87.577153,41.788109],[-87.577274,41.788087],[-87.577311,41.787794],[-87.577339,41.787196],[-87.577311,41.786818],[-87.577243,41.786488],[-87.577144,41.786147],[-87.577065,41.785966],[-87.57679,41.785169],[-87.57654,41.78464],[-87.576305,41.784454],[-87.576083,41.784309],[-87.576034,41.784248],[-87.575391,41.783811],[-87.574304,41.783161],[-87.573778,41.78289],[-87.573196,41.782619],[-87.572786,41.782443],[-87.572015,41.78215],[-87.571238,41.781919],[-87.570737,41.781812],[-87.569585,41.781627],[-87.569176,41.781601],[-87.568752,41.781605],[-87.568534,41.781668],[-87.568446,41.781919],[-87.568399,41.78196],[-87.568323,41.781955],[-87.567649,41.784622],[-87.56753,41.78461],[-87.568281,41.781567],[-87.570684,41.780992],[-87.57102,41.780929],[-87.57298,41.780292],[-87.573036,41.780141],[-87.572934,41.779875],[-87.572958,41.779836],[-87.573032,41.779807],[-87.572711,41.779315],[-87.572544,41.779331],[-87.57236,41.779321],[-87.572279,41.779293],[-87.572149,41.779204],[-87.572053,41.779099],[-87.571918,41.778859],[-87.571832,41.77879],[-87.571772,41.77868],[-87.571671,41.778571],[-87.571152,41.778102],[-87.570846,41.777852],[-87.570236,41.777396],[-87.56989,41.777192],[-87.569522,41.777009],[-87.569203,41.776827],[-87.568904,41.776621],[-87.568587,41.776355],[-87.568283,41.776029],[-87.567058,41.774432],[-87.566791,41.774167],[-87.566515,41.773983],[-87.566377,41.773926],[-87.566257,41.773814],[-87.566129,41.773728],[-87.56611,41.773581],[-87.566231,41.773488],[-87.566295,41.773471],[-87.566394,41.773376],[-87.566454,41.773341],[-87.566587,41.773341],[-87.566581,41.773375],[-87.566616,41.77348],[-87.566728,41.77363],[-87.566999,41.77384],[-87.567601,41.774098],[-87.568075,41.774355],[-87.568402,41.774575],[-87.56843,41.774636],[-87.568603,41.774768],[-87.568719,41.774814],[-87.569111,41.77509],[-87.569339,41.775212],[-87.569656,41.775351],[-87.569916,41.775443],[-87.570317,41.775552],[-87.570755,41.775639],[-87.571249,41.775689],[-87.571638,41.775747],[-87.571686,41.775697],[-87.571749,41.77567],[-87.57301,41.775433],[-87.573435,41.775395],[-87.574364,41.77542],[-87.574744,41.775451],[-87.574848,41.775472],[-87.574882,41.775495],[-87.574932,41.775567],[-87.575139,41.776278],[-87.575569,41.77719],[-87.575672,41.777675],[-87.575692,41.777887],[-87.575666,41.778155],[-87.575535,41.778577],[-87.575393,41.778829],[-87.575258,41.779024],[-87.574774,41.779646],[-87.574654,41.779893],[-87.574587,41.780081],[-87.574522,41.780577],[-87.574377,41.780642],[-87.574399,41.780789],[-87.57452,41.780806],[-87.574575,41.780901],[-87.574655,41.78113],[-87.574744,41.781304],[-87.575061,41.781706],[-87.57592,41.78296],[-87.576419,41.783853],[-87.576876,41.784739],[-87.577411,41.786105],[-87.577517,41.78649],[-87.577578,41.786798],[-87.577748,41.788208],[-87.577662,41.788207],[-87.57764,41.788157],[-87.577585,41.788157],[-87.57732,41.788171],[-87.577301,41.788209],[-87.577197,41.788215],[-87.577166,41.788205],[-87.577147,41.788168]]],[[[-87.58025,41.793427],[-87.580355,41.79314],[-87.580424,41.792871],[-87.580441,41.792709],[-87.580397,41.792619],[-87.580377,41.792112],[-87.580306,41.791793],[-87.580219,41.79155],[-87.580037,41.791223],[-87.579684,41.790711],[-87.579468,41.790351],[-87.579313,41.790164],[-87.579092,41.789959],[-87.578999,41.789921],[-87.578505,41.789503],[-87.578371,41.789354],[-87.578174,41.789052],[-87.578079,41.788848],[-87.578018,41.788629],[-87.577778,41.786686],[-87.577744,41.786532],[-87.577624,41.786072],[-87.577276,41.785075],[-87.576891,41.784242],[-87.576472,41.783464],[-87.575991,41.782623],[-87.575604,41.782046],[-87.574996,41.781214],[-87.57491,41.781023],[-87.574893,41.780908],[-87.574922,41.780843],[-87.574906,41.780627],[-87.57485,41.780605],[-87.574809,41.780504],[-87.574837,41.780229],[-87.57489,41.78004],[-87.574944,41.779888],[-87.57505,41.779692],[-87.575597,41.778922],[-87.575707,41.778736],[-87.57579,41.778564],[-87.575915,41.778153],[-87.57594,41.777726],[-87.575894,41.777371],[-87.575776,41.777042],[-87.575371,41.776174],[-87.575283,41.775828],[-87.575276,41.775672],[-87.575322,41.775555],[-87.575383,41.775528],[-87.575519,41.775519],[-87.575549,41.775363],[-87.575486,41.775346],[-87.575403,41.775288],[-87.57541,41.775154],[-87.575162,41.775091],[-87.575096,41.775206],[-87.575032,41.775252],[-87.57494,41.775266],[-87.573876,41.775254],[-87.573267,41.775281],[-87.572632,41.77535],[-87.572005,41.77547],[-87.571567,41.775525],[-87.571034,41.775523],[-87.570574,41.775474],[-87.57032,41.775422],[-87.569903,41.7753],[-87.569657,41.775212],[-87.569229,41.774992],[-87.569055,41.774882],[-87.568402,41.774397],[-87.568125,41.774218],[-87.567824,41.774054],[-87.567134,41.773738],[-87.567088,41.773699],[-87.567083,41.773662],[-87.567139,41.773616],[-87.567546,41.773617],[-87.567547,41.773668],[-87.567581,41.773717],[-87.567655,41.773755],[-87.567728,41.773769],[-87.567806,41.773768],[-87.567858,41.773743],[-87.568046,41.77361],[-87.57568,41.773523],[-87.576043,41.773543],[-87.576275,41.77354],[-87.576364,41.77356],[-87.576598,41.773546],[-87.576625,41.773525],[-87.576834,41.773536],[-87.577992,41.773495],[-87.58538,41.773413],[-87.585582,41.773413],[-87.58563,41.773426],[-87.58566,41.773469],[-87.585812,41.77347],[-87.585856,41.773428],[-87.585925,41.773422],[-87.586038,41.773426],[-87.586062,41.773455],[-87.586117,41.775093],[-87.586085,41.775125],[-87.586044,41.775132],[-87.586046,41.775231],[-87.586115,41.775258],[-87.586138,41.776044],[-87.586135,41.776136],[-87.586054,41.776255],[-87.586068,41.776467],[-87.58614,41.776367],[-87.586331,41.778681],[-87.586356,41.779839],[-87.58635,41.780421],[-87.586339,41.780515],[-87.586277,41.780551],[-87.586281,41.780693],[-87.586324,41.780711],[-87.586359,41.780751],[-87.586396,41.781475],[-87.586429,41.782925],[-87.58634,41.782909],[-87.58529,41.782923],[-87.585294,41.783068],[-87.585077,41.78307],[-87.585074,41.782928],[-87.584298,41.782937],[-87.584324,41.784024],[-87.584443,41.784748],[-87.584543,41.785122],[-87.584846,41.785878],[-87.584866,41.786228],[-87.584799,41.786792],[-87.584794,41.787048],[-87.584825,41.787406],[-87.584918,41.787969],[-87.585034,41.787977],[-87.585439,41.787871],[-87.58583,41.78771],[-87.586031,41.787653],[-87.586187,41.787624],[-87.586433,41.787603],[-87.586536,41.787572],[-87.586628,41.791648],[-87.58655,41.79331],[-87.58653,41.793333],[-87.586485,41.793346],[-87.582174,41.793406],[-87.582145,41.79338],[-87.581997,41.793382],[-87.581975,41.793413],[-87.58025,41.793427]]],[[[-87.578954,41.792463],[-87.579011,41.792378],[-87.579147,41.792405],[-87.579115,41.792277],[-87.579138,41.792201],[-87.579082,41.792132],[-87.578994,41.791928],[-87.578916,41.7918],[-87.57877,41.791646],[-87.578749,41.791561],[-87.578757,41.791416],[-87.578706,41.791306],[-87.578528,41.79105],[-87.578506,41.790982],[-87.578348,41.790845],[-87.578174,41.79044],[-87.578016,41.790138],[-87.577925,41.789805],[-87.577928,41.789667],[-87.577817,41.789555],[-87.577125,41.789062],[-87.576651,41.788751],[-87.576345,41.788574],[-87.574771,41.788654],[-87.574771,41.788595],[-87.576676,41.788495],[-87.576682,41.788427],[-87.577151,41.7884],[-87.57719,41.788361],[-87.577221,41.788356],[-87.577316,41.788368],[-87.577335,41.788389],[-87.577668,41.788367],[-87.577671,41.788318],[-87.57776,41.788302],[-87.577814,41.78875],[-87.5779,41.789024],[-87.578016,41.789292],[-87.578242,41.789585],[-87.578781,41.790045],[-87.579126,41.790383],[-87.579613,41.791004],[-87.579856,41.791369],[-87.579924,41.791502],[-87.580013,41.791778],[-87.580055,41.791988],[-87.580085,41.792447],[-87.580054,41.792929],[-87.579979,41.7933],[-87.579936,41.793427],[-87.579268,41.793424],[-87.579231,41.792966],[-87.579111,41.792574],[-87.578954,41.792463]]]]}},{"type":"Feature","properties":{"label":null,"hover_name":null},"geometry":{"type":"MultiPolygon","coordinates":[[[[-87.682326,41.793393],[-87.682292,41.792366],[-87.682333,41.792348],[-87.683734,41.792332],[-87.683769,41.792332],[-87.683858,41.792368],[-87.683875,41.792394],[-87.683908,41.793366],[-87.683894,41.793398],[-87.683862,41.793409],[-87.683385,41.793412],[-87.683362,41.793391],[-87.682855,41.793396],[-87.682482,41.79342],[-87.682352,41.793417],[-87.682326,41.793393]]],[[[-87.683519,41.793481],[-87.683892,41.793482],[-87.683895,41.793743],[-87.683466,41.79353],[-87.683464,41.793492],[-87.683519,41.793481]]],[[[-87.684141,41.792089],[-87.687656,41.792028],[-87.68768,41.792904],[-87.687585,41.792905],[-87.687603,41.793759],[-87.684204,41.793796],[-87.684183,41.793731],[-87.684141,41.792089]]],[[[-87.68235,41.793893],[-87.683119,41.793886],[-87.683314,41.793903],[-87.683365,41.793926],[-87.683395,41.793962],[-87.683424,41.795089],[-87.682366,41.795103],[-87.682336,41.793904],[-87.68235,41.793893]]],[[[-87.684222,41.795197],[-87.684187,41.793975],[-87.6842,41.793953],[-87.684251,41.793937],[-87.685762,41.79392],[-87.685785,41.793957],[-87.68581,41.795171],[-87.685101,41.795192],[-87.685152,41.795152],[-87.684433,41.795165],[-87.684377,41.795203],[-87.68426,41.795206],[-87.684222,41.795197]]]]}},{"type":"Feature","properties":{"label":null,"hover_name":null},"geometry":{"type":"Polygon","coordinates":[[[-87.675313,41.826691],[-87.675298,41.826363],[-87.675208,41.826645],[-87.675161,41.826658],[-87.675142,41.82663],[-87.675147,41.826353],[-87.675238,41.825577],[-87.675174,41.823251],[-87.675213,41.823202],[-87.684104,41.823098],[-87.684138,41.823118],[-87.684207,41.82391],[-87.684272,41.826195],[-87.684249,41.826231],[-87.683652,41.826607],[-87.683024,41.826613],[-87.682995,41.82657],[-87.682674,41.826573],[-87.682702,41.826619],[-87.682634,41.826621],[-87.675339,41.826699],[-87.675313,41.826691]]]}},{"type":"Feature","properties":{"label":null,"hover_name":null},"geometry":{"type":"MultiPolygon","coordinates":[[[[-87.617683,41.865132],[-87.617707,41.865074],[-87.618004,41.865072],[-87.618036,41.865078],[-87.618052,41.865115],[-87.618009,41.865146],[-87.617712,41.86515],[-87.617683,41.865132]]],[[[-87.615692,41.865093],[-87.616262,41.865083],[-87.616291,41.865095],[-87.61631,41.865136],[-87.616298,41.865159],[-87.616243,41.865179],[-87.615716,41.865181],[-87.615653,41.865156],[-87.615653,41.865131],[-87.615692,41.865093]]],[[[-87.616532,41.865073],[-87.617477,41.865067],[-87.617496,41.865081],[-87.617498,41.865153],[-87.617455,41.865177],[-87.616547,41.865189],[-87.616519,41.865177],[-87.616508,41.865092],[-87.616532,41.865073]]],[[[-87.619652,41.86597],[-87.619482,41.865121],[-87.619582,41.865359],[-87.619885,41.866296],[-87.619944,41.866569],[-87.619933,41.86661],[-87.620081,41.86702],[-87.62018,41.86738],[-87.619386,41.86739],[-87.619313,41.867362],[-87.619277,41.867307],[-87.619282,41.867266],[-87.619458,41.866972],[-87.61955,41.866763],[-87.619649,41.866363],[-87.619652,41.86597]]],[[[-87.620193,41.867662],[-87.620223,41.867678],[-87.620202,41.867665],[-87.620177,41.867656],[-87.62015,41.867651],[-87.620717,41.867637],[-87.622079,41.87086],[-87.622155,41.871076],[-87.622206,41.871376],[-87.62224,41.873119],[-87.622982,41.873109],[-87.622909,41.870101],[-87.622861,41.869859],[-87.622803,41.869684],[-87.622731,41.869546],[-87.622354,41.869038],[-87.622075,41.868725],[-87.621814,41.867621],[-87.623715,41.867596],[-87.623901,41.867609],[-87.623934,41.867635],[-87.623949,41.868198],[-87.623936,41.868216],[-87.623889,41.868224],[-87.623899,41.868502],[-87.623948,41.86852],[-87.623958,41.868543],[-87.624063,41.873058],[-87.624032,41.873085],[-87.623974,41.873098],[-87.623977,41.873231],[-87.62396,41.87324],[-87.624053,41.873248],[-87.624071,41.873273],[-87.624134,41.875873],[-87.624092,41.87584],[-87.624084,41.875853],[-87.624108,41.875858],[-87.624123,41.875881],[-87.62409,41.87708],[-87.624128,41.878154],[-87.624057,41.878229],[-87.624153,41.878228],[-87.624145,41.878435],[-87.624201,41.87888],[-87.624234,41.880041],[-87.624179,41.880712],[-87.624122,41.880746],[-87.624075,41.880914],[-87.622592,41.880933],[-87.622595,41.880974],[-87.622529,41.880974],[-87.622528,41.880934],[-87.621033,41.880951],[-87.620987,41.880971],[-87.620974,41.880998],[-87.620999,41.881795],[-87.620847,41.882883],[-87.620857,41.883507],[-87.620807,41.884006],[-87.62081,41.884246],[-87.620363,41.884251],[-87.620364,41.884282],[-87.619046,41.884286],[-87.617567,41.884327],[-87.617485,41.884338],[-87.617395,41.884375],[-87.617233,41.88437],[-87.617231,41.884311],[-87.614536,41.884322],[-87.614726,41.884101],[-87.614986,41.88388],[-87.615284,41.883707],[-87.61656,41.883128],[-87.616824,41.882952],[-87.617009,41.882787],[-87.617306,41.882445],[-87.617436,41.88222],[-87.617509,41.882037],[-87.617576,41.881764],[-87.617603,41.881058],[-87.617538,41.878561],[-87.61755,41.878517],[-87.617583,41.878488],[-87.617634,41.878478],[-87.617624,41.878468],[-87.617574,41.878479],[-87.617539,41.878519],[-87.617368,41.871037],[-87.617306,41.870069],[-87.617326,41.869774],[-87.617435,41.869409],[-87.617523,41.869233],[-87.617678,41.869004],[-87.617786,41.868886],[-87.617864,41.868858],[-87.6189,41.86774],[-87.618997,41.86769],[-87.619049,41.867679],[-87.620193,41.867662]],[[-87.622244,41.873258],[-87.622292,41.875526],[-87.62304,41.875515],[-87.622987,41.873255],[-87.622244,41.873258]],[[-87.622294,41.875671],[-87.622299,41.875846],[-87.623074,41.875836],[-87.623151,41.875829],[-87.623175,41.875808],[-87.62317,41.875672],[-87.623152,41.875657],[-87.622688,41.875654],[-87.622294,41.875671]],[[-87.623099,41.875965],[-87.622302,41.875979],[-87.62232,41.876118],[-87.622334,41.876984],[-87.623074,41.876986],[-87.623055,41.876108],[-87.623034,41.875977],[-87.623099,41.875965]],[[-87.623115,41.878234],[-87.623077,41.877083],[-87.62234,41.877096],[-87.622357,41.878244],[-87.623115,41.878234]],[[-87.622374,41.878374],[-87.622397,41.879612],[-87.622494,41.879895],[-87.622572,41.879835],[-87.622527,41.879662],[-87.622508,41.878845],[-87.622715,41.878839],[-87.622721,41.879105],[-87.622666,41.879107],[-87.622675,41.879379],[-87.622556,41.879378],[-87.622554,41.879523],[-87.622606,41.879601],[-87.622629,41.879828],[-87.622507,41.879933],[-87.622643,41.880427],[-87.622623,41.880662],[-87.622611,41.880726],[-87.622589,41.880727],[-87.62259,41.880768],[-87.623164,41.880761],[-87.62311,41.878366],[-87.622374,41.878374]]],[[[-87.613202,41.884441],[-87.61324,41.884434],[-87.613405,41.88444],[-87.613388,41.884478],[-87.613225,41.884524],[-87.613182,41.884489],[-87.613202,41.884441]]],[[[-87.618552,41.86529],[-87.618626,41.865288],[-87.618627,41.86519],[-87.618687,41.865148],[-87.618706,41.865106],[-87.61883,41.865102],[-87.618886,41.865125],[-87.618931,41.865178],[-87.619082,41.865843],[-87.619145,41.866289],[-87.619125,41.86645],[-87.619008,41.866808],[-87.618895,41.867059],[-87.618686,41.867371],[-87.618483,41.867597],[-87.618204,41.867869],[-87.617366,41.868777],[-87.617258,41.868915],[-87.617067,41.869253],[-87.616915,41.869623],[-87.6169,41.870255],[-87.617137,41.880064],[-87.617141,41.880764],[-87.617099,41.880763],[-87.617103,41.881096],[-87.617149,41.881099],[-87.617118,41.881452],[-87.617064,41.881793],[-87.616986,41.881983],[-87.616834,41.882233],[-87.616702,41.882391],[-87.616379,41.882646],[-87.616125,41.882788],[-87.615918,41.882876],[-87.614936,41.883157],[-87.614595,41.883296],[-87.614369,41.883413],[-87.614107,41.883593],[-87.613865,41.883813],[-87.613674,41.884038],[-87.613475,41.884336],[-87.613421,41.884364],[-87.613162,41.884372],[-87.613083,41.884419],[-87.613058,41.884465],[-87.613076,41.884537],[-87.61314,41.884578],[-87.613296,41.884598],[-87.613337,41.884614],[-87.613345,41.884638],[-87.613291,41.884906],[-87.613283,41.885198],[-87.613549,41.887164],[-87.61358,41.88728],[-87.613637,41.887389],[-87.613776,41.887536],[-87.613814,41.887743],[-87.613839,41.888099],[-87.613624,41.888101],[-87.613403,41.887942],[-87.612738,41.887952],[-87.612733,41.887202],[-87.610003,41.887196],[-87.610056,41.88408],[-87.612734,41.884059],[-87.61274,41.883774],[-87.612776,41.883619],[-87.612849,41.883437],[-87.613005,41.883242],[-87.613374,41.882938],[-87.613572,41.882824],[-87.613785,41.882726],[-87.614214,41.882592],[-87.614667,41.882516],[-87.615176,41.882499],[-87.615153,41.881411],[-87.615752,41.881417],[-87.61572,41.880568],[-87.616456,41.880556],[-87.616442,41.879781],[-87.61637,41.87978],[-87.616334,41.877826],[-87.616303,41.877819],[-87.61624,41.877021],[-87.616173,41.87544],[-87.6162,41.874253],[-87.616233,41.873967],[-87.616258,41.873961],[-87.616189,41.871988],[-87.616278,41.871985],[-87.616284,41.8718],[-87.616236,41.871742],[-87.616237,41.871639],[-87.616266,41.871608],[-87.616271,41.871514],[-87.616246,41.870056],[-87.616205,41.868998],[-87.616217,41.868943],[-87.615991,41.868857],[-87.615656,41.868669],[-87.61543,41.868492],[-87.61533,41.868379],[-87.615298,41.868318],[-87.614693,41.868335],[-87.614575,41.868394],[-87.614401,41.868447],[-87.614137,41.868495],[-87.61397,41.868503],[-87.613636,41.868506],[-87.613293,41.868491],[-87.61298,41.86841],[-87.612771,41.868308],[-87.61265,41.868223],[-87.612462,41.868019],[-87.612386,41.867879],[-87.612347,41.867757],[-87.612331,41.867633],[-87.612351,41.867446],[-87.612458,41.86721],[-87.612646,41.867003],[-87.612685,41.866766],[-87.612649,41.866083],[-87.613704,41.866063],[-87.613807,41.86601],[-87.613856,41.865922],[-87.613838,41.86515],[-87.61542,41.865134],[-87.615446,41.86515],[-87.615455,41.865277],[-87.615616,41.865277],[-87.61825,41.865235],[-87.61826,41.865138],[-87.618297,41.865114],[-87.618495,41.865102],[-87.618545,41.865139],[-87.618552,41.86529]]]]}},{"type":"Feature","properties":{"label":null,"hover_name":null},"geometry":{"type":"Polygon","coordinates":[[[-87.658477,41.743051],[-87.658392,41.739561],[-87.661474,41.739514],[-87.661489,41.739533],[-87.66158,41.743045],[-87.661546,41.743063],[-87.659403,41.743089],[-87.658515,41.74308],[-87.658477,41.743051]]]}},{"type":"Feature","properties":{"label":null,"hover_name":null},"geometry":{"type":"MultiPolygon","coordinates":[[[[-87.580611,41.797738],[-87.580382,41.797504],[-87.579913,41.797091],[-87.579739,41.796905],[-87.579605,41.79673],[-87.579494,41.796549],[-87.579377,41.796298],[-87.579281,41.795943],[-87.57926,41.795782],[-87.579265,41.795532],[-87.579291,41.79534],[-87.579367,41.795048],[-87.579491,41.794793],[-87.580025,41.793988],[-87.58022,41.793596],[-87.58025,41.793427],[-87.580401,41.793427],[-87.580389,41.793607],[-87.580315,41.79361],[-87.580347,41.795344],[-87.580373,41.79537],[-87.580644,41.795429],[-87.580729,41.795499],[-87.580781,41.795595],[-87.58081,41.79659],[-87.580801,41.797017],[-87.581061,41.797145],[-87.581131,41.797154],[-87.582082,41.798116],[-87.582135,41.798194],[-87.582187,41.798335],[-87.582237,41.798772],[-87.582254,41.799094],[-87.582241,41.79961],[-87.582221,41.799651],[-87.582027,41.799657],[-87.581851,41.799681],[-87.581743,41.79973],[-87.581624,41.799838],[-87.581506,41.799305],[-87.581226,41.798592],[-87.581055,41.798315],[-87.580987,41.798249],[-87.580824,41.797999],[-87.580611,41.797738]]],[[[-87.589648,41.810426],[-87.58929,41.810059],[-87.589063,41.809855],[-87.588202,41.809213],[-87.588021,41.809044],[-87.58686,41.807844],[-87.586491,41.80743],[-87.5875,41.806749],[-87.587681,41.806717],[-87.587984,41.806517],[-87.58807,41.806576],[-87.588552,41.806296],[-87.588996,41.807103],[-87.589241,41.807497],[-87.590983,41.809991],[-87.590263,41.810266],[-87.590216,41.810262],[-87.590102,41.810306],[-87.590081,41.810339],[-87.589771,41.810459],[-87.589648,41.810426]]],[[[-87.588283,41.809371],[-87.588755,41.809704],[-87.589098,41.809982],[-87.589561,41.810463],[-87.589601,41.810507],[-87.589593,41.810534],[-87.589302,41.810654],[-87.588898,41.810093],[-87.588564,41.809691],[-87.588278,41.809382],[-87.588283,41.809371]]],[[[-87.586203,41.807553],[-87.585842,41.807073],[-87.585563,41.806776],[-87.58527,41.806514],[-87.584673,41.806086],[-87.583268,41.805182],[-87.582757,41.804779],[-87.582315,41.804324],[-87.582129,41.804072],[-87.581937,41.803777],[-87.581949,41.803773],[-87.582099,41.804013],[-87.582366,41.804351],[-87.582609,41.804609],[-87.582919,41.804884],[-87.583301,41.805161],[-87.584558,41.805964],[-87.585089,41.806323],[-87.585411,41.806575],[-87.585712,41.806843],[-87.58695,41.808236],[-87.588397,41.809717],[-87.588797,41.810198],[-87.589179,41.810726],[-87.58893,41.810823],[-87.588867,41.81081],[-87.588297,41.810153],[-87.587615,41.809479],[-87.587284,41.809094],[-87.586995,41.80872],[-87.586203,41.807553]]],[[[-87.589727,41.810676],[-87.589753,41.810683],[-87.590148,41.811255],[-87.590628,41.812156],[-87.590846,41.81252],[-87.590732,41.812439],[-87.59054,41.812266],[-87.590235,41.811925],[-87.589953,41.811563],[-87.589409,41.810793],[-87.589727,41.810676]]],[[[-87.589917,41.810622],[-87.591094,41.810156],[-87.593898,41.814227],[-87.594488,41.81515],[-87.594959,41.8158],[-87.595497,41.816498],[-87.597283,41.818988],[-87.598039,41.819963],[-87.59853,41.820649],[-87.598951,41.821191],[-87.599187,41.821463],[-87.599402,41.821744],[-87.599547,41.821969],[-87.599773,41.822234],[-87.600378,41.823012],[-87.601775,41.824862],[-87.601494,41.824979],[-87.601284,41.825032],[-87.600991,41.825081],[-87.600906,41.825072],[-87.600836,41.825036],[-87.599703,41.823347],[-87.599437,41.82285],[-87.598903,41.821765],[-87.598662,41.82135],[-87.598465,41.821053],[-87.594413,41.815743],[-87.594103,41.815362],[-87.593789,41.815013],[-87.593327,41.814564],[-87.592769,41.814098],[-87.591637,41.813261],[-87.591281,41.812923],[-87.591019,41.812617],[-87.590731,41.812185],[-87.590244,41.811251],[-87.589885,41.810699],[-87.589917,41.810622]]],[[[-87.59982,41.823684],[-87.600784,41.825096],[-87.600765,41.825136],[-87.600507,41.825205],[-87.599857,41.823806],[-87.599809,41.823695],[-87.59982,41.823684]]],[[[-87.600318,41.825215],[-87.599969,41.824507],[-87.59994,41.824498],[-87.599813,41.824252],[-87.598707,41.822038],[-87.598496,41.82165],[-87.598249,41.82126],[-87.597977,41.820879],[-87.593999,41.815685],[-87.593469,41.815091],[-87.592841,41.814508],[-87.592305,41.814086],[-87.591453,41.813476],[-87.590742,41.812942],[-87.590258,41.812504],[-87.590012,41.812254],[-87.589759,41.81196],[-87.58902,41.810987],[-87.589034,41.810942],[-87.589266,41.81085],[-87.589944,41.81181],[-87.590293,41.812225],[-87.590663,41.812612],[-87.590993,41.812919],[-87.59141,41.813274],[-87.592592,41.814137],[-87.59308,41.814535],[-87.593599,41.815027],[-87.594099,41.815586],[-87.597686,41.820268],[-87.598449,41.821303],[-87.598658,41.821647],[-87.59888,41.822068],[-87.599983,41.824474],[-87.600004,41.824462],[-87.600357,41.825206],[-87.600318,41.825215]]],[[[-87.59936,41.8238],[-87.599514,41.824022],[-87.600157,41.8253],[-87.599893,41.82537],[-87.599851,41.825356],[-87.59936,41.8238]]],[[[-87.600771,41.825269],[-87.600827,41.825289],[-87.601153,41.825944],[-87.601203,41.826091],[-87.601208,41.826181],[-87.60127,41.826241],[-87.601365,41.826266],[-87.60155,41.826635],[-87.601542,41.826655],[-87.601361,41.826497],[-87.601209,41.826327],[-87.600891,41.825907],[-87.600733,41.825653],[-87.600565,41.825329],[-87.600771,41.825269]]],[[[-87.599941,41.825493],[-87.600213,41.825422],[-87.600479,41.825904],[-87.600783,41.826339],[-87.601078,41.826684],[-87.601444,41.827051],[-87.601434,41.827062],[-87.601058,41.82682],[-87.600743,41.826578],[-87.600489,41.826345],[-87.600281,41.826108],[-87.600012,41.825711],[-87.59992,41.825531],[-87.599941,41.825493]]],[[[-87.606205,41.831525],[-87.605748,41.831009],[-87.605797,41.831047],[-87.60511,41.830143],[-87.604817,41.829796],[-87.604338,41.829302],[-87.60394,41.828942],[-87.601652,41.827008],[-87.601218,41.826581],[-87.600829,41.826106],[-87.6006,41.825755],[-87.600397,41.825383],[-87.600435,41.825371],[-87.600611,41.825704],[-87.600899,41.826144],[-87.601128,41.826428],[-87.601455,41.826782],[-87.601997,41.827251],[-87.603912,41.828768],[-87.604264,41.829068],[-87.604734,41.829523],[-87.605101,41.829932],[-87.605858,41.830913],[-87.606254,41.831483],[-87.606249,41.831527],[-87.606205,41.831525]]],[[[-87.606431,41.832144],[-87.606389,41.832091],[-87.606472,41.8322],[-87.606431,41.832144]]],[[[-87.606824,41.832381],[-87.606387,41.831794],[-87.606221,41.831866],[-87.606201,41.83184],[-87.606369,41.831769],[-87.606263,41.831614],[-87.606285,41.831577],[-87.606326,41.831583],[-87.606573,41.831866],[-87.60697,41.832391],[-87.60712,41.832623],[-87.607303,41.832945],[-87.607497,41.833344],[-87.607768,41.834038],[-87.607893,41.834545],[-87.607945,41.834918],[-87.608079,41.836837],[-87.608122,41.837144],[-87.608239,41.837702],[-87.608361,41.838083],[-87.608509,41.838463],[-87.608374,41.838459],[-87.608162,41.837855],[-87.608024,41.837303],[-87.607932,41.836673],[-87.60786,41.835421],[-87.607609,41.833958],[-87.607445,41.833507],[-87.607207,41.833005],[-87.606824,41.832381]]],[[[-87.608241,41.83668],[-87.608257,41.836682],[-87.608382,41.837044],[-87.608482,41.837267],[-87.609102,41.838469],[-87.608694,41.838473],[-87.608513,41.837991],[-87.608393,41.837581],[-87.608306,41.837178],[-87.608241,41.83668]]],[[[-87.609621,41.838471],[-87.609246,41.83847],[-87.609169,41.838428],[-87.608493,41.83709],[-87.608366,41.836731],[-87.608295,41.836444],[-87.608153,41.835089],[-87.60807,41.834623],[-87.60794,41.834119],[-87.607781,41.83366],[-87.607559,41.833155],[-87.607354,41.832763],[-87.607055,41.832278],[-87.606777,41.831893],[-87.605354,41.830045],[-87.604839,41.829457],[-87.604354,41.828984],[-87.604094,41.828766],[-87.602026,41.827123],[-87.601807,41.826892],[-87.601735,41.826793],[-87.601105,41.825567],[-87.601042,41.825406],[-87.601065,41.825344],[-87.60112,41.825295],[-87.601864,41.824982],[-87.603178,41.826685],[-87.603649,41.827338],[-87.604548,41.828494],[-87.605146,41.829414],[-87.60627,41.830838],[-87.60741,41.83245],[-87.608242,41.833803],[-87.608467,41.834251],[-87.608713,41.834807],[-87.61029,41.838491],[-87.610004,41.838493],[-87.609621,41.838471]]],[[[-87.609371,41.838978],[-87.609345,41.838764],[-87.609385,41.838714],[-87.609456,41.838684],[-87.609681,41.838672],[-87.609773,41.838712],[-87.609792,41.838754],[-87.609808,41.838952],[-87.609693,41.838917],[-87.609605,41.838913],[-87.60947,41.838947],[-87.60939,41.838998],[-87.609371,41.838978]]],[[[-87.608796,41.838701],[-87.609153,41.838689],[-87.609184,41.838711],[-87.609575,41.840377],[-87.609566,41.840401],[-87.609536,41.840378],[-87.609098,41.839419],[-87.608796,41.838701]]],[[[-87.609627,41.839024],[-87.6097,41.839032],[-87.609758,41.83907],[-87.609843,41.839269],[-87.609946,41.840654],[-87.609991,41.840876],[-87.610087,41.841087],[-87.610319,41.841416],[-87.610388,41.841548],[-87.612637,41.847238],[-87.612484,41.847052],[-87.612399,41.846908],[-87.611938,41.845952],[-87.611742,41.845482],[-87.611689,41.845303],[-87.611327,41.844522],[-87.609813,41.840955],[-87.609628,41.840146],[-87.60961,41.839874],[-87.609473,41.839279],[-87.609479,41.839166],[-87.60951,41.839084],[-87.609558,41.839043],[-87.609627,41.839024]]],[[[-87.611199,41.844472],[-87.61184,41.845961],[-87.612303,41.846928],[-87.612442,41.847142],[-87.61269,41.847393],[-87.61304,41.848278],[-87.613051,41.848308],[-87.61289,41.848409],[-87.612707,41.848558],[-87.612768,41.848506],[-87.612023,41.846699],[-87.611199,41.844472]]],[[[-87.611562,41.846266],[-87.611217,41.845276],[-87.610744,41.844057],[-87.608461,41.838673],[-87.60861,41.838671],[-87.608931,41.839475],[-87.610514,41.843195],[-87.610787,41.843876],[-87.611878,41.846798],[-87.612628,41.84863],[-87.612487,41.848775],[-87.612396,41.8489],[-87.611562,41.846266]]],[[[-87.610783,41.844932],[-87.610642,41.844399],[-87.610952,41.845111],[-87.611231,41.845887],[-87.612206,41.848955],[-87.611978,41.848836],[-87.611803,41.848695],[-87.611663,41.848515],[-87.611562,41.848305],[-87.61078,41.844999],[-87.610783,41.844932]]],[[[-87.615938,41.857995],[-87.615917,41.857906],[-87.615939,41.85799],[-87.615938,41.857995]]],[[[-87.617371,41.860147],[-87.617345,41.86009],[-87.617365,41.860126],[-87.617371,41.860147]]],[[[-87.615677,41.864966],[-87.615638,41.864945],[-87.615625,41.864911],[-87.615644,41.864878],[-87.615674,41.864863],[-87.616253,41.864857],[-87.616306,41.864901],[-87.616297,41.864935],[-87.61625,41.86496],[-87.615677,41.864966]]],[[[-87.615936,41.858002],[-87.615996,41.85828],[-87.616088,41.858319],[-87.616129,41.858361],[-87.616785,41.859176],[-87.616997,41.859483],[-87.61737,41.860168],[-87.617371,41.860147],[-87.617771,41.861043],[-87.61818,41.862091],[-87.618379,41.86273],[-87.618843,41.864812],[-87.618832,41.864868],[-87.61878,41.864908],[-87.618715,41.864927],[-87.617602,41.864929],[-87.61757,41.864951],[-87.616502,41.86498],[-87.616493,41.864771],[-87.615426,41.864785],[-87.615424,41.864933],[-87.614128,41.864975],[-87.614046,41.864988],[-87.613941,41.865036],[-87.613838,41.86515],[-87.613856,41.865922],[-87.613807,41.86601],[-87.613704,41.866063],[-87.612642,41.866084],[-87.612636,41.865878],[-87.610499,41.865902],[-87.61048,41.865333],[-87.610397,41.865319],[-87.610212,41.865075],[-87.61002,41.864705],[-87.60979,41.864203],[-87.609686,41.863614],[-87.609694,41.86332],[-87.609873,41.862386],[-87.610011,41.861958],[-87.610294,41.861495],[-87.610403,41.861417],[-87.610377,41.860891],[-87.610425,41.860892],[-87.610439,41.860821],[-87.610501,41.860748],[-87.610599,41.860703],[-87.610675,41.860693],[-87.610669,41.860248],[-87.610547,41.860226],[-87.610461,41.860173],[-87.610426,41.860124],[-87.610374,41.859963],[-87.610359,41.85979],[-87.610397,41.859624],[-87.610477,41.859432],[-87.610482,41.859348],[-87.610464,41.859291],[-87.610394,41.859206],[-87.610222,41.859102],[-87.610048,41.858967],[-87.609943,41.858834],[-87.609899,41.858736],[-87.60988,41.85853],[-87.60998,41.858228],[-87.609994,41.858125],[-87.609974,41.857873],[-87.609925,41.857699],[-87.609771,41.85742],[-87.609662,41.857292],[-87.609465,41.857121],[-87.609406,41.857045],[-87.609345,41.856908],[-87.609332,41.85681],[-87.609356,41.856664],[-87.60945,41.85645],[-87.609923,41.854027],[-87.609914,41.853869],[-87.60987,41.853747],[-87.610848,41.853474],[-87.610699,41.853096],[-87.610466,41.852681],[-87.610119,41.852215],[-87.60942,41.851371],[-87.609287,41.851156],[-87.609204,41.850927],[-87.609171,41.850705],[-87.609181,41.850467],[-87.60948,41.848999],[-87.609504,41.848719],[-87.609526,41.848715],[-87.609472,41.848093],[-87.609416,41.847868],[-87.609308,41.847654],[-87.60852,41.846595],[-87.608412,41.846308],[-87.608391,41.846085],[-87.608432,41.845827],[-87.608523,41.845624],[-87.608984,41.845025],[-87.609059,41.844891],[-87.609131,41.84468],[-87.609148,41.84439],[-87.60917,41.844306],[-87.609133,41.844257],[-87.609153,41.844253],[-87.609154,41.844232],[-87.609102,41.844203],[-87.60901,41.844103],[-87.608915,41.843945],[-87.608919,41.843906],[-87.608838,41.843602],[-87.608867,41.843563],[-87.608818,41.84353],[-87.608776,41.84339],[-87.608676,41.843232],[-87.608649,41.843153],[-87.608473,41.842947],[-87.608434,41.842853],[-87.608278,41.842667],[-87.608207,41.842536],[-87.608039,41.842327],[-87.60802,41.842209],[-87.608037,41.842109],[-87.60801,41.842006],[-87.608004,41.841812],[-87.607985,41.841736],[-87.608,41.841488],[-87.607911,41.841131],[-87.607692,41.84083],[-87.607557,41.840605],[-87.607009,41.840695],[-87.606921,41.840671],[-87.606743,41.840753],[-87.604476,41.839937],[-87.604281,41.839872],[-87.604189,41.839868],[-87.604174,41.839675],[-87.603747,41.839538],[-87.603341,41.839368],[-87.602889,41.839129],[-87.602538,41.838905],[-87.602142,41.838585],[-87.601901,41.838343],[-87.601746,41.838161],[-87.601447,41.837686],[-87.601278,41.837353],[-87.600986,41.83659],[-87.600904,41.836291],[-87.600829,41.835837],[-87.600811,41.835533],[-87.60083,41.835085],[-87.600932,41.834551],[-87.601097,41.834039],[-87.60136,41.833478],[-87.601644,41.833024],[-87.601763,41.832943],[-87.602292,41.83327],[-87.602917,41.832768],[-87.60276,41.832566],[-87.602805,41.832513],[-87.602703,41.832313],[-87.602781,41.831809],[-87.602707,41.831371],[-87.602626,41.831133],[-87.602447,41.830775],[-87.602198,41.830516],[-87.601726,41.830096],[-87.601532,41.829879],[-87.600361,41.828389],[-87.600143,41.828145],[-87.599906,41.82793],[-87.599662,41.827747],[-87.598981,41.827284],[-87.598158,41.826766],[-87.597949,41.82659],[-87.597761,41.826389],[-87.597562,41.826032],[-87.597506,41.825859],[-87.597483,41.825697],[-87.59749,41.825394],[-87.597635,41.824872],[-87.597653,41.824315],[-87.597625,41.8241],[-87.597546,41.823841],[-87.597376,41.823475],[-87.596841,41.823656],[-87.596792,41.823698],[-87.596713,41.823678],[-87.596689,41.823632],[-87.596568,41.823616],[-87.594085,41.821792],[-87.594185,41.821551],[-87.594136,41.821528],[-87.594123,41.821472],[-87.594168,41.821439],[-87.594882,41.820175],[-87.594889,41.820084],[-87.594708,41.819819],[-87.594669,41.819735],[-87.59452,41.819592],[-87.593785,41.819124],[-87.593706,41.819059],[-87.593582,41.818902],[-87.593429,41.818782],[-87.593296,41.818711],[-87.592932,41.818567],[-87.592779,41.818465],[-87.592619,41.818306],[-87.59239,41.817983],[-87.592268,41.817785],[-87.592236,41.8177],[-87.592189,41.816847],[-87.592131,41.81668],[-87.591733,41.816231],[-87.591367,41.815985],[-87.591157,41.815718],[-87.590892,41.815188],[-87.590647,41.814967],[-87.590609,41.814897],[-87.590399,41.814769],[-87.59026,41.814602],[-87.590215,41.814474],[-87.590181,41.814128],[-87.590134,41.813918],[-87.59009,41.813808],[-87.59002,41.813702],[-87.589792,41.813488],[-87.589449,41.813202],[-87.589072,41.813086],[-87.58918,41.812886],[-87.589113,41.812832],[-87.588894,41.812561],[-87.588777,41.812331],[-87.588609,41.812205],[-87.588362,41.81208],[-87.58821,41.812041],[-87.588143,41.812043],[-87.587981,41.812012],[-87.587766,41.812007],[-87.587639,41.811985],[-87.58744,41.811911],[-87.587369,41.811867],[-87.587315,41.811798],[-87.587302,41.811741],[-87.587237,41.811652],[-87.587195,41.81155],[-87.587113,41.81147],[-87.586952,41.811224],[-87.586986,41.810979],[-87.586972,41.810922],[-87.58702,41.810652],[-87.587,41.810456],[-87.586908,41.810122],[-87.58673,41.809809],[-87.586625,41.809729],[-87.5865,41.809566],[-87.586434,41.809454],[-87.586424,41.809385],[-87.586371,41.809274],[-87.586322,41.809267],[-87.586255,41.809211],[-87.586263,41.809183],[-87.586184,41.809062],[-87.586088,41.808856],[-87.586088,41.808811],[-87.586131,41.808733],[-87.585688,41.808088],[-87.585666,41.808015],[-87.585511,41.807776],[-87.585441,41.807632],[-87.585141,41.80723],[-87.584878,41.806955],[-87.584708,41.806827],[-87.584539,41.806785],[-87.584385,41.806721],[-87.584011,41.806516],[-87.583665,41.806075],[-87.583585,41.806054],[-87.583522,41.805981],[-87.583181,41.805775],[-87.582962,41.805605],[-87.582881,41.805598],[-87.582852,41.805557],[-87.582236,41.805132],[-87.581609,41.804664],[-87.581489,41.804561],[-87.58135,41.804392],[-87.581252,41.804326],[-87.581153,41.80427],[-87.581015,41.804226],[-87.580878,41.804209],[-87.580649,41.804221],[-87.58016,41.803989],[-87.580098,41.803942],[-87.580029,41.803851],[-87.579998,41.803666],[-87.580013,41.803562],[-87.580043,41.803517],[-87.580093,41.803487],[-87.580297,41.803182],[-87.580398,41.803012],[-87.580426,41.802904],[-87.58029,41.802863],[-87.580374,41.802752],[-87.580467,41.802263],[-87.580491,41.801938],[-87.580502,41.801049],[-87.580406,41.800295],[-87.58036,41.80006],[-87.580304,41.799911],[-87.580258,41.79957],[-87.580126,41.79917],[-87.580005,41.798881],[-87.5799,41.798679],[-87.579766,41.79849],[-87.579903,41.798444],[-87.579871,41.79836],[-87.579842,41.798335],[-87.579843,41.798306],[-87.57972,41.798157],[-87.579317,41.797798],[-87.579124,41.797648],[-87.578451,41.797197],[-87.578346,41.79711],[-87.578091,41.796991],[-87.577669,41.796896],[-87.577299,41.796872],[-87.576821,41.796987],[-87.576573,41.797031],[-87.57649,41.797061],[-87.576299,41.797063],[-87.576121,41.797046],[-87.575866,41.796992],[-87.575689,41.79693],[-87.575604,41.796884],[-87.575463,41.796756],[-87.575295,41.796662],[-87.575255,41.796623],[-87.575212,41.796528],[-87.575148,41.796197],[-87.575183,41.79606],[-87.575309,41.795824],[-87.575386,41.795552],[-87.575389,41.795484],[-87.575426,41.795455],[-87.575764,41.795352],[-87.57608,41.795124],[-87.576149,41.795101],[-87.57631,41.79509],[-87.576441,41.795111],[-87.576634,41.795061],[-87.576836,41.795119],[-87.576897,41.79512],[-87.577371,41.795054],[-87.577587,41.795008],[-87.577813,41.794936],[-87.578286,41.794744],[-87.578557,41.794576],[-87.578817,41.794373],[-87.578989,41.794149],[-87.579066,41.79396],[-87.579247,41.793671],[-87.579278,41.793474],[-87.579268,41.793424],[-87.579936,41.793427],[-87.579895,41.793607],[-87.579784,41.79385],[-87.5795,41.794285],[-87.579399,41.794368],[-87.579205,41.794664],[-87.579221,41.794716],[-87.579099,41.794989],[-87.578994,41.795418],[-87.578974,41.795641],[-87.579018,41.796017],[-87.579096,41.796288],[-87.579203,41.796555],[-87.579386,41.796852],[-87.579685,41.797203],[-87.58024,41.797681],[-87.580544,41.798014],[-87.580778,41.798368],[-87.581121,41.79905],[-87.581241,41.799481],[-87.58132,41.79999],[-87.581354,41.800612],[-87.581362,41.801556],[-87.581393,41.802121],[-87.581394,41.802559],[-87.581363,41.80269],[-87.581378,41.802777],[-87.581234,41.802924],[-87.58118,41.802935],[-87.581173,41.803006],[-87.581262,41.803008],[-87.581386,41.802845],[-87.581457,41.80293],[-87.581496,41.803127],[-87.581629,41.803484],[-87.581728,41.80369],[-87.581738,41.803779],[-87.581648,41.803746],[-87.581521,41.803666],[-87.581482,41.803783],[-87.581657,41.803798],[-87.581772,41.803864],[-87.582003,41.804208],[-87.582104,41.804281],[-87.582386,41.804614],[-87.582728,41.804945],[-87.582994,41.805161],[-87.583268,41.805356],[-87.583704,41.805618],[-87.584487,41.806151],[-87.584891,41.806406],[-87.585325,41.806758],[-87.585665,41.807118],[-87.585884,41.807381],[-87.586128,41.807712],[-87.586807,41.808729],[-87.587107,41.809122],[-87.588592,41.810835],[-87.589505,41.811942],[-87.589827,41.812299],[-87.590218,41.81268],[-87.590665,41.813063],[-87.592295,41.814252],[-87.592683,41.814558],[-87.593201,41.815026],[-87.593692,41.81555],[-87.597867,41.82099],[-87.598103,41.821319],[-87.598316,41.821656],[-87.598738,41.82247],[-87.598976,41.822987],[-87.599159,41.823462],[-87.59977,41.825373],[-87.599734,41.825414],[-87.599581,41.825452],[-87.599646,41.825577],[-87.599791,41.825539],[-87.599836,41.825551],[-87.600024,41.825874],[-87.6002,41.826124],[-87.600406,41.826362],[-87.600597,41.826548],[-87.600915,41.826801],[-87.601564,41.827241],[-87.602216,41.827713],[-87.603853,41.829108],[-87.604326,41.829547],[-87.604749,41.829999],[-87.605032,41.830351],[-87.606431,41.832171],[-87.6067,41.83256],[-87.606961,41.833],[-87.607187,41.833454],[-87.607389,41.833958],[-87.607529,41.834416],[-87.607632,41.834876],[-87.607648,41.835209],[-87.607642,41.835979],[-87.607591,41.836376],[-87.607594,41.836971],[-87.607562,41.837152],[-87.60757,41.837335],[-87.607537,41.837681],[-87.607569,41.838016],[-87.607731,41.838493],[-87.607824,41.838481],[-87.607677,41.838062],[-87.607639,41.8378],[-87.607698,41.837046],[-87.607719,41.836282],[-87.607761,41.836456],[-87.607811,41.837186],[-87.607902,41.837619],[-87.608055,41.838108],[-87.608209,41.838471],[-87.608254,41.838692],[-87.608296,41.838717],[-87.608317,41.838776],[-87.608307,41.838846],[-87.608339,41.838925],[-87.608403,41.838972],[-87.608854,41.840008],[-87.608821,41.840015],[-87.608934,41.840596],[-87.609743,41.842277],[-87.610253,41.843444],[-87.610454,41.844003],[-87.611411,41.848222],[-87.611474,41.848416],[-87.611575,41.848606],[-87.611722,41.848778],[-87.611934,41.848938],[-87.612203,41.849066],[-87.612251,41.849219],[-87.612185,41.849477],[-87.612174,41.849733],[-87.612236,41.850085],[-87.613026,41.852089],[-87.613386,41.852847],[-87.613635,41.853283],[-87.613833,41.853584],[-87.614634,41.854691],[-87.614854,41.85503],[-87.615103,41.855468],[-87.615706,41.857081],[-87.615936,41.858002]]]]}},{"type":"Feature","properties":{"label":null,"hover_name":null},"geometry":{"type":"Polygon","coordinates":[[[-87.592538,41.742416],[-87.592961,41.742412],[-87.592916,41.740591],[-87.59284,41.740592],[-87.592368,41.740882],[-87.592334,41.740849],[-87.592859,41.740527],[-87.592852,41.740209],[-87.592907,41.740208],[-87.592914,41.740507],[-87.592969,41.740547],[-87.595058,41.74052],[-87.59505,41.74018],[-87.595105,41.74018],[-87.595113,41.740519],[-87.597374,41.740491],[-87.59751,41.740847],[-87.597604,41.741161],[-87.597674,41.741521],[-87.597704,41.741813],[-87.597437,41.742227],[-87.595264,41.74225],[-87.59531,41.744025],[-87.593,41.744052],[-87.592963,41.742453],[-87.592539,41.742457],[-87.592538,41.742416]]]}},{"type":"Feature","properties":{"label":null,"hover_name":null},"geometry":{"type":"Polygon","coordinates":[[[-87.726779,41.749537],[-87.730431,41.749466],[-87.730485,41.751177],[-87.726835,41.751245],[-87.726779,41.749537]]]}},{"type":"Feature","properties":{"label":null,"hover_name":null},"geometry":{"type":"Polygon","coordinates":[[[-87.605611,41.86644],[-87.605636,41.866193],[-87.605715,41.866017],[-87.605842,41.865858],[-87.606051,41.865697],[-87.606047,41.864665],[-87.605887,41.863751],[-87.60587,41.863344],[-87.605887,41.862876],[-87.606029,41.862049],[-87.605968,41.860254],[-87.605927,41.8599],[-87.607065,41.859866],[-87.606596,41.853427],[-87.606513,41.853431],[-87.606511,41.853375],[-87.608393,41.853211],[-87.608758,41.853186],[-87.609004,41.853197],[-87.609316,41.853272],[-87.609588,41.853409],[-87.609731,41.853527],[-87.609813,41.853625],[-87.609914,41.853844],[-87.609914,41.854053],[-87.609449,41.856423],[-87.609342,41.856686],[-87.609335,41.856833],[-87.609407,41.857021],[-87.609464,41.857094],[-87.609662,41.857266],[-87.60977,41.857394],[-87.609924,41.857672],[-87.609973,41.857847],[-87.609994,41.858099],[-87.609979,41.858202],[-87.60988,41.858504],[-87.609898,41.858709],[-87.609942,41.858807],[-87.610048,41.85894],[-87.610221,41.859076],[-87.610393,41.85918],[-87.610463,41.859265],[-87.610482,41.859322],[-87.610476,41.859406],[-87.610397,41.859598],[-87.610358,41.859764],[-87.610374,41.859937],[-87.610426,41.860097],[-87.610461,41.860147],[-87.610546,41.860199],[-87.610668,41.860222],[-87.610675,41.860667],[-87.610599,41.860677],[-87.6105,41.860722],[-87.610439,41.860795],[-87.610425,41.860865],[-87.610376,41.860865],[-87.610403,41.861391],[-87.610293,41.861469],[-87.61001,41.861932],[-87.609872,41.86236],[-87.609693,41.863294],[-87.609685,41.863587],[-87.60979,41.864177],[-87.610024,41.864713],[-87.610212,41.865075],[-87.610397,41.865319],[-87.610421,41.865335],[-87.61048,41.865333],[-87.610499,41.865902],[-87.612636,41.865878],[-87.612684,41.866753],[-87.612314,41.866774],[-87.610655,41.866796],[-87.610602,41.866833],[-87.607748,41.866875],[-87.607526,41.867057],[-87.607244,41.867186],[-87.607006,41.867241],[-87.606676,41.867254],[-87.606512,41.867235],[-87.606278,41.867174],[-87.606134,41.867113],[-87.605942,41.866994],[-87.605835,41.8669],[-87.60571,41.866739],[-87.605653,41.866623],[-87.605611,41.86644]]]}},{"type":"Feature","properties":{"label":null,"hover_name":null},"geometry":{"type":"MultiPolygon","coordinates":[[[[-87.728383,41.975433],[-87.728351,41.975391],[-87.728347,41.975258],[-87.72835,41.97539],[-87.728347,41.97538],[-87.728262,41.973278],[-87.731808,41.97325],[-87.731824,41.973614],[-87.731873,41.973676],[-87.731927,41.973702],[-87.731989,41.973713],[-87.733032,41.973705],[-87.733054,41.973716],[-87.733106,41.974945],[-87.733112,41.975389],[-87.733094,41.975419],[-87.728634,41.975457],[-87.728455,41.975458],[-87.728383,41.975433]]],[[[-87.737951,41.97775],[-87.737629,41.977648],[-87.73706,41.977657],[-87.737061,41.977676],[-87.737001,41.977676],[-87.736995,41.977624],[-87.736969,41.977586],[-87.736879,41.977552],[-87.736172,41.977557],[-87.736038,41.977539],[-87.735946,41.977499],[-87.73547,41.977158],[-87.735154,41.976771],[-87.735016,41.976692],[-87.734067,41.976462],[-87.733065,41.976073],[-87.732889,41.976018],[-87.732774,41.976007],[-87.732114,41.976063],[-87.731982,41.976071],[-87.731895,41.97606],[-87.730778,41.975664],[-87.730676,41.975641],[-87.730672,41.975588],[-87.731898,41.975561],[-87.738104,41.975496],[-87.738149,41.977143],[-87.737849,41.977061],[-87.73752,41.976932],[-87.737156,41.976839],[-87.736558,41.976795],[-87.736446,41.976799],[-87.736304,41.976778],[-87.73606,41.976732],[-87.735707,41.976615],[-87.735712,41.976784],[-87.735801,41.976807],[-87.736181,41.976886],[-87.736285,41.976891],[-87.736341,41.97691],[-87.736518,41.976931],[-87.736574,41.976936],[-87.736664,41.976917],[-87.736976,41.976937],[-87.737417,41.977035],[-87.737938,41.977234],[-87.738152,41.97723],[-87.738202,41.97906],[-87.737984,41.979064],[-87.737951,41.97775]]]]}},{"type":"Feature","properties":{"label":null,"hover_name":null},"geometry":{"type":"Polygon","coordinates":[[[-87.670746,41.693177],[-87.67071,41.693112],[-87.670684,41.693126],[-87.670817,41.692035],[-87.671757,41.692029],[-87.671779,41.692074],[-87.671614,41.692328],[-87.671417,41.692592],[-87.671178,41.692866],[-87.670947,41.693058],[-87.670789,41.693154],[-87.670746,41.693177]]]}},{"type":"Feature","properties":{"label":null,"hover_name":null},"geometry":{"type":"MultiPolygon","coordinates":[[[[-87.676457,41.696737],[-87.678751,41.696692],[-87.678787,41.697816],[-87.676493,41.697862],[-87.676457,41.696737]]],[[[-87.676493,41.697862],[-87.676493,41.697862],[-87.676491,41.697794],[-87.676493,41.697862]]]]}},{"type":"Feature","properties":{"label":null,"hover_name":null},"geometry":{"type":"Polygon","coordinates":[[[-87.681139,41.686407],[-87.684043,41.686369],[-87.68473,41.686351],[-87.68478,41.68632],[-87.685782,41.686306],[-87.685838,41.688069],[-87.681197,41.688123],[-87.681178,41.688087],[-87.681127,41.686454],[-87.681139,41.686407]]]}},{"type":"Feature","properties":{"label":null,"hover_name":null},"geometry":{"type":"Polygon","coordinates":[[[-87.727492,41.860155],[-87.727487,41.860018],[-87.728019,41.86001],[-87.728023,41.860148],[-87.727492,41.860155]]]}},{"type":"Feature","properties":{"label":null,"hover_name":null},"geometry":{"type":"MultiPolygon","coordinates":[[[[-87.728007,41.975463],[-87.727428,41.975477],[-87.727575,41.97535],[-87.727805,41.975094],[-87.727959,41.974984],[-87.728101,41.974915],[-87.728114,41.975389],[-87.728093,41.975426],[-87.728007,41.975463]]],[[[-87.726989,41.975459],[-87.726958,41.974497],[-87.728091,41.974475],[-87.728096,41.974749],[-87.727896,41.974835],[-87.727679,41.974993],[-87.72724,41.975483],[-87.727028,41.975485],[-87.726989,41.975459]]],[[[-87.724077,41.975445],[-87.724031,41.975437],[-87.72387,41.975191],[-87.723562,41.974946],[-87.722838,41.974504],[-87.722432,41.974339],[-87.72203,41.974199],[-87.721545,41.974099],[-87.72092,41.974025],[-87.720482,41.974009],[-87.720052,41.973918],[-87.719957,41.973889],[-87.720065,41.973888],[-87.719905,41.973841],[-87.719773,41.973783],[-87.719501,41.973715],[-87.719004,41.973448],[-87.719494,41.973443],[-87.7195,41.973665],[-87.719742,41.973662],[-87.719741,41.973631],[-87.720201,41.973625],[-87.7202,41.973705],[-87.720225,41.97378],[-87.720732,41.973773],[-87.720775,41.97383],[-87.720846,41.973854],[-87.720909,41.973834],[-87.720935,41.973799],[-87.720934,41.973765],[-87.720891,41.973693],[-87.721352,41.973692],[-87.72139,41.973759],[-87.72146,41.97378],[-87.721549,41.97375],[-87.721574,41.973691],[-87.722643,41.973677],[-87.722658,41.974232],[-87.724488,41.974214],[-87.724503,41.974223],[-87.724533,41.975485],[-87.724494,41.97551],[-87.724166,41.975515],[-87.724077,41.975445]]],[[[-87.722109,41.97554],[-87.723332,41.975529],[-87.723215,41.975531],[-87.722109,41.97554]]],[[[-87.723868,41.975518],[-87.720342,41.975556],[-87.720328,41.975161],[-87.720303,41.975161],[-87.720243,41.975126],[-87.720214,41.974083],[-87.720423,41.974116],[-87.72112,41.974177],[-87.721626,41.974247],[-87.722148,41.974378],[-87.722378,41.97446],[-87.72272,41.974618],[-87.722899,41.974706],[-87.723551,41.9751],[-87.723756,41.975295],[-87.723815,41.975372],[-87.723839,41.975439],[-87.723823,41.975439],[-87.723868,41.975518]]],[[[-87.724046,41.975666],[-87.727107,41.975612],[-87.72702,41.97568],[-87.727142,41.975679],[-87.726842,41.975875],[-87.726508,41.976009],[-87.726201,41.976077],[-87.725848,41.976093],[-87.725309,41.976042],[-87.72491,41.975966],[-87.724513,41.975854],[-87.724046,41.975666]]]]}},{"type":"Feature","properties":{"label":null,"hover_name":null},"geometry":{"type":"Polygon","coordinates":[[[-87.712066,41.97272],[-87.712256,41.972583],[-87.712291,41.973791],[-87.711288,41.973802],[-87.711399,41.973693],[-87.711522,41.973469],[-87.71159,41.973304],[-87.711632,41.973263],[-87.711776,41.973024],[-87.712066,41.97272]]]}},{"type":"Feature","properties":{"label":null,"hover_name":null},"geometry":{"type":"Polygon","coordinates":[[[-87.655592,41.688871],[-87.655614,41.689274],[-87.655572,41.689318],[-87.652111,41.68936],[-87.652079,41.689333],[-87.652075,41.689292],[-87.652023,41.687661],[-87.65208,41.68764],[-87.65676,41.687584],[-87.656777,41.687631],[-87.656798,41.688263],[-87.656212,41.688273],[-87.656231,41.688862],[-87.655592,41.688871]]]}},{"type":"Feature","properties":{"label":null,"hover_name":null},"geometry":{"type":"MultiPolygon","coordinates":[[[[-87.669846,41.693931],[-87.669708,41.69385],[-87.670017,41.693681],[-87.670046,41.693686],[-87.670072,41.693773],[-87.670048,41.693996],[-87.669846,41.693931]]],[[[-87.66777,41.694638],[-87.667709,41.694431],[-87.667699,41.694248],[-87.667735,41.69406],[-87.667799,41.693928],[-87.667865,41.693827],[-87.668009,41.693676],[-87.66815,41.693581],[-87.668354,41.693474],[-87.668555,41.693401],[-87.668758,41.693357],[-87.66888,41.693343],[-87.669046,41.693346],[-87.669157,41.693372],[-87.669635,41.693551],[-87.669738,41.693572],[-87.669917,41.693581],[-87.669944,41.693599],[-87.669939,41.693614],[-87.66802,41.69466],[-87.667947,41.694691],[-87.667891,41.694692],[-87.667806,41.694669],[-87.66777,41.694638]]]]}},{"type":"Feature","properties":{"label":null,"hover_name":null},"geometry":{"type":"Polygon","coordinates":[[[-87.676565,41.684245],[-87.676751,41.684252],[-87.676881,41.684309],[-87.676951,41.684422],[-87.676929,41.684525],[-87.676845,41.684606],[-87.676631,41.68469],[-87.676477,41.684724],[-87.676378,41.684727],[-87.676302,41.68471],[-87.676236,41.684677],[-87.676182,41.684616],[-87.676065,41.684405],[-87.676075,41.684371],[-87.676106,41.684338],[-87.676148,41.684322],[-87.676403,41.684263],[-87.676565,41.684245]]]}},{"type":"Feature","properties":{"label":null,"hover_name":null},"geometry":{"type":"Polygon","coordinates":[[[-87.817718,42.001333],[-87.817763,42.001335],[-87.818586,42.0018],[-87.818671,42.001872],[-87.818687,42.001924],[-87.818259,42.002351],[-87.817266,42.001782],[-87.817718,42.001333]]]}},{"type":"Feature","properties":{"label":null,"hover_name":null},"geometry":{"type":"Polygon","coordinates":[[[-87.814375,41.981799],[-87.814407,41.978043],[-87.814467,41.978045],[-87.814475,41.977259],[-87.816248,41.977221],[-87.816224,41.979784],[-87.816744,41.979771],[-87.816783,41.97978],[-87.816814,41.979812],[-87.816804,41.981071],[-87.815928,41.98109],[-87.815925,41.981525],[-87.815484,41.981563],[-87.815068,41.981626],[-87.814823,41.981676],[-87.814375,41.981799]]]}},{"type":"Feature","properties":{"label":null,"hover_name":null},"geometry":{"type":"Polygon","coordinates":[[[-87.815392,41.997966],[-87.817848,41.997903],[-87.817894,41.997938],[-87.817822,41.998034],[-87.8158,42.000063],[-87.81576,42.000082],[-87.814193,41.999197],[-87.81418,41.999174],[-87.814204,41.999135],[-87.815355,41.997983],[-87.815392,41.997966]]]}},{"type":"Feature","properties":{"label":null,"hover_name":null},"geometry":{"type":"Polygon","coordinates":[[[-87.723368,41.931749],[-87.723327,41.930081],[-87.725646,41.930053],[-87.725686,41.931737],[-87.725659,41.931746],[-87.723411,41.931771],[-87.723368,41.931749]]]}},{"type":"Feature","properties":{"label":null,"hover_name":null},"geometry":{"type":"Polygon","coordinates":[[[-87.806758,42.010759],[-87.806752,42.009082],[-87.806783,42.009051],[-87.807247,42.00904],[-87.807254,42.009457],[-87.810837,42.00936],[-87.810914,42.009391],[-87.810903,42.010218],[-87.810888,42.010229],[-87.807266,42.010334],[-87.807234,42.010338],[-87.807221,42.010755],[-87.806788,42.010773],[-87.806758,42.010759]]]}},{"type":"Feature","properties":{"label":null,"hover_name":null},"geometry":{"type":"Polygon","coordinates":[[[-87.817068,42.003993],[-87.817437,42.003667],[-87.818075,42.004076],[-87.818068,42.004119],[-87.817728,42.004409],[-87.817068,42.003993]]]}},{"type":"Feature","properties":{"label":null,"hover_name":null},"geometry":{"type":"Polygon","coordinates":[[[-87.640168,41.702814],[-87.640225,41.70283],[-87.640289,41.705128],[-87.637985,41.705159],[-87.637924,41.702858],[-87.63797,41.702841],[-87.640168,41.702814]]]}},{"type":"Feature","properties":{"label":null,"hover_name":null},"geometry":{"type":"Polygon","coordinates":[[[-87.63712,41.717864],[-87.637071,41.716166],[-87.63708,41.715266],[-87.637112,41.715241],[-87.638142,41.715226],[-87.638156,41.71599],[-87.638216,41.715989],[-87.638218,41.716094],[-87.638159,41.7162],[-87.638202,41.717841],[-87.638173,41.71786],[-87.637155,41.717876],[-87.63712,41.717864]]]}},{"type":"Feature","properties":{"label":null,"hover_name":null},"geometry":{"type":"Polygon","coordinates":[[[-87.754533,41.97782],[-87.754507,41.977608],[-87.754301,41.977477],[-87.754609,41.977195],[-87.754918,41.977799],[-87.754888,41.977818],[-87.754533,41.97782]]]}},{"type":"Feature","properties":{"label":null,"hover_name":null},"geometry":{"type":"Polygon","coordinates":[[[-87.711086,41.990217],[-87.710587,41.98857],[-87.710616,41.988557],[-87.710968,41.98855],[-87.712622,41.988534],[-87.71265,41.988569],[-87.712694,41.990221],[-87.712652,41.990233],[-87.711123,41.990255],[-87.711086,41.990217]]]}},{"type":"Feature","properties":{"label":null,"hover_name":null},"geometry":{"type":"Polygon","coordinates":[[[-87.716495,41.948271],[-87.716454,41.946609],[-87.716476,41.946598],[-87.71756,41.946592],[-87.717599,41.948272],[-87.717555,41.948289],[-87.716511,41.948306],[-87.716495,41.948271]]]}},{"type":"Feature","properties":{"label":null,"hover_name":null},"geometry":{"type":"Polygon","coordinates":[[[-87.715663,41.941142],[-87.715685,41.942011],[-87.714624,41.941308],[-87.714619,41.941112],[-87.714786,41.941109],[-87.71479,41.941149],[-87.715663,41.941142]]]}},{"type":"Feature","properties":{"label":null,"hover_name":null},"geometry":{"type":"Polygon","coordinates":[[[-87.720703,41.966443],[-87.720656,41.964749],[-87.720684,41.964732],[-87.721461,41.96473],[-87.721474,41.965146],[-87.721532,41.965146],[-87.72154,41.965543],[-87.721471,41.965547],[-87.721484,41.966057],[-87.721506,41.96606],[-87.721506,41.966097],[-87.721271,41.9661],[-87.721268,41.966011],[-87.720999,41.966014],[-87.721006,41.966465],[-87.720721,41.966461],[-87.720703,41.966443]]]}},{"type":"Feature","properties":{"label":null,"hover_name":null},"geometry":{"type":"Polygon","coordinates":[[[-87.722717,41.951943],[-87.725008,41.951904],[-87.725027,41.951921],[-87.725063,41.953574],[-87.725035,41.953584],[-87.724638,41.95359],[-87.722777,41.953609],[-87.72276,41.953594],[-87.722717,41.951943]]]}},{"type":"Feature","properties":{"label":null,"hover_name":null},"geometry":{"type":"Polygon","coordinates":[[[-87.737309,41.942645],[-87.739516,41.942617],[-87.739548,41.942636],[-87.739647,41.946138],[-87.739625,41.946158],[-87.739101,41.946168],[-87.73727,41.942657],[-87.737309,41.942645]]]}},{"type":"Feature","properties":{"label":null,"hover_name":null},"geometry":{"type":"Polygon","coordinates":[[[-87.741247,41.956233],[-87.741773,41.956227],[-87.741794,41.95705],[-87.741771,41.957065],[-87.74127,41.957073],[-87.741247,41.956233]]]}},{"type":"Feature","properties":{"label":null,"hover_name":null},"geometry":{"type":"Polygon","coordinates":[[[-87.742586,41.962642],[-87.742624,41.962661],[-87.742653,41.96366],[-87.741357,41.96367],[-87.741336,41.962661],[-87.742586,41.962642]]]}},{"type":"Feature","properties":{"label":null,"hover_name":null},"geometry":{"type":"Polygon","coordinates":[[[-87.741906,41.973149],[-87.741974,41.973063],[-87.742414,41.973327],[-87.742282,41.973446],[-87.742253,41.973499],[-87.741951,41.973501],[-87.741916,41.973483],[-87.741906,41.973149]]]}},{"type":"Feature","properties":{"label":null,"hover_name":null},"geometry":{"type":"Polygon","coordinates":[[[-87.785237,41.989664],[-87.78526,41.988485],[-87.785294,41.988471],[-87.786358,41.988473],[-87.786347,41.989659],[-87.785237,41.989664]]]}},{"type":"Feature","properties":{"label":null,"hover_name":null},"geometry":{"type":"Polygon","coordinates":[[[-87.773109,41.979871],[-87.772236,41.9789],[-87.772247,41.97888],[-87.77318,41.978411],[-87.773211,41.978429],[-87.773183,41.979859],[-87.773155,41.979875],[-87.773109,41.979871]]]}},{"type":"Feature","properties":{"label":null,"hover_name":null},"geometry":{"type":"Polygon","coordinates":[[[-87.670481,41.711527],[-87.670442,41.711967],[-87.670417,41.711983],[-87.668994,41.712005],[-87.668956,41.711981],[-87.669038,41.711544],[-87.670481,41.711527]]]}},{"type":"Feature","properties":{"label":null,"hover_name":null},"geometry":{"type":"Polygon","coordinates":[[[-87.764927,41.969549],[-87.762307,41.968831],[-87.762305,41.968803],[-87.762627,41.968138],[-87.762698,41.967758],[-87.762732,41.967743],[-87.764922,41.967876],[-87.764958,41.96789],[-87.765005,41.969096],[-87.764991,41.969476],[-87.76498,41.969532],[-87.764927,41.969549]]]}},{"type":"Feature","properties":{"label":null,"hover_name":null},"geometry":{"type":"Polygon","coordinates":[[[-87.757731,41.971613],[-87.760066,41.971598],[-87.76008,41.971608],[-87.760094,41.972404],[-87.760018,41.972422],[-87.757747,41.972443],[-87.757731,41.972417],[-87.757711,41.971629],[-87.757731,41.971613]]]}},{"type":"Feature","properties":{"label":null,"hover_name":null},"geometry":{"type":"MultiPolygon","coordinates":[[[[-87.620239,41.901129],[-87.619889,41.901005],[-87.619902,41.900986],[-87.620012,41.901006],[-87.620186,41.901014],[-87.623847,41.900891],[-87.623914,41.900896],[-87.623936,41.900914],[-87.623647,41.901945],[-87.62339,41.901763],[-87.623071,41.901587],[-87.622677,41.901422],[-87.622296,41.901309],[-87.622033,41.901255],[-87.621627,41.901202],[-87.620239,41.901129]]],[[[-87.626806,41.911316],[-87.626874,41.911326],[-87.626922,41.911378],[-87.62691,41.911429],[-87.626839,41.911465],[-87.626757,41.911448],[-87.626723,41.911403],[-87.626735,41.911352],[-87.626806,41.911316]]],[[[-87.627619,41.912163],[-87.627621,41.912163],[-87.627615,41.912163],[-87.627619,41.912163]]],[[[-87.627059,41.912235],[-87.627607,41.912164],[-87.627615,41.912163],[-87.627059,41.912235]]],[[[-87.627043,41.912237],[-87.627059,41.912235],[-87.627044,41.912237],[-87.627043,41.912237]]],[[[-87.62612,41.910827],[-87.626164,41.910826],[-87.626182,41.911077],[-87.626333,41.911407],[-87.626398,41.911611],[-87.626724,41.912224],[-87.626696,41.912266],[-87.626621,41.912263],[-87.626518,41.912211],[-87.626462,41.912161],[-87.626426,41.912095],[-87.62628,41.91169],[-87.626144,41.911107],[-87.62612,41.910827]]],[[[-87.626445,41.912739],[-87.626274,41.912398],[-87.626152,41.912048],[-87.626098,41.911719],[-87.626093,41.911291],[-87.62612,41.91129],[-87.626189,41.911651],[-87.626339,41.912157],[-87.62641,41.91224],[-87.626506,41.912308],[-87.626575,41.91234],[-87.626773,41.91238],[-87.626791,41.912419],[-87.626788,41.912478],[-87.626762,41.912519],[-87.626445,41.912739]]],[[[-87.627182,41.912806],[-87.627125,41.912611],[-87.627136,41.912577],[-87.627275,41.912509],[-87.627501,41.91244],[-87.627608,41.912427],[-87.627353,41.912591],[-87.627257,41.912693],[-87.627182,41.912806]]],[[[-87.627619,41.912163],[-87.627165,41.912219],[-87.627043,41.912237],[-87.626978,41.912226],[-87.626944,41.912195],[-87.626634,41.911656],[-87.626665,41.911672],[-87.626385,41.911175],[-87.626925,41.911165],[-87.626926,41.911217],[-87.626828,41.911218],[-87.62671,41.911249],[-87.626653,41.911291],[-87.626632,41.911337],[-87.62664,41.911414],[-87.62672,41.911493],[-87.626713,41.911501],[-87.626824,41.911527],[-87.626952,41.911495],[-87.627007,41.911443],[-87.627049,41.911341],[-87.62709,41.911312],[-87.627169,41.911296],[-87.630771,41.911243],[-87.630791,41.911248],[-87.630795,41.911282],[-87.630887,41.911281],[-87.630908,41.911246],[-87.630963,41.911236],[-87.631148,41.911235],[-87.63116,41.911248],[-87.631132,41.911278],[-87.631532,41.911261],[-87.631563,41.911278],[-87.632577,41.912936],[-87.632604,41.912983],[-87.632603,41.913031],[-87.632575,41.913073],[-87.632349,41.913161],[-87.632136,41.913213],[-87.631917,41.913245],[-87.631604,41.913261],[-87.631322,41.913244],[-87.631034,41.913198],[-87.630702,41.913116],[-87.630372,41.913004],[-87.629101,41.912397],[-87.628771,41.912277],[-87.628442,41.912195],[-87.628185,41.912161],[-87.627971,41.912151],[-87.627619,41.912163]]],[[[-87.625909,41.913229],[-87.625752,41.913158],[-87.625658,41.913064],[-87.625574,41.912861],[-87.625515,41.912589],[-87.6255,41.912411],[-87.625511,41.912156],[-87.625604,41.911677],[-87.62562,41.911673],[-87.625729,41.91208],[-87.625833,41.912356],[-87.626159,41.913006],[-87.625953,41.913209],[-87.625988,41.913196],[-87.626177,41.913005],[-87.625978,41.913213],[-87.625909,41.913229]]],[[[-87.626994,41.912564],[-87.627019,41.91257],[-87.627041,41.912642],[-87.627446,41.914754],[-87.627243,41.914352],[-87.627148,41.914092],[-87.627062,41.913976],[-87.626523,41.912908],[-87.626742,41.91272],[-87.626994,41.912564]]],[[[-87.626138,41.913388],[-87.626257,41.9132],[-87.626672,41.914049],[-87.626709,41.914198],[-87.626747,41.914274],[-87.626855,41.914429],[-87.627097,41.914897],[-87.626296,41.914009],[-87.62618,41.913846],[-87.626115,41.91368],[-87.626103,41.913546],[-87.626138,41.913388]]],[[[-87.63635,41.922045],[-87.63639,41.922068],[-87.63643,41.923673],[-87.636469,41.9237],[-87.636473,41.923949],[-87.636441,41.923965],[-87.636495,41.925542],[-87.636479,41.925575],[-87.63645,41.925592],[-87.636137,41.925597],[-87.6361,41.925581],[-87.636086,41.925556],[-87.63594,41.925564],[-87.635915,41.925596],[-87.635863,41.925612],[-87.634324,41.925638],[-87.633713,41.925672],[-87.633674,41.925659],[-87.633044,41.925752],[-87.631987,41.925938],[-87.631921,41.925941],[-87.631847,41.925912],[-87.631687,41.9256],[-87.631093,41.924713],[-87.630946,41.924375],[-87.630656,41.92362],[-87.630482,41.923063],[-87.630461,41.922899],[-87.630413,41.922761],[-87.630341,41.922628],[-87.62997,41.921447],[-87.629802,41.920771],[-87.629757,41.920422],[-87.629691,41.920255],[-87.629407,41.919162],[-87.629085,41.9182],[-87.629058,41.918055],[-87.62894,41.917815],[-87.628287,41.91627],[-87.628066,41.915843],[-87.62762,41.915067],[-87.627662,41.914973],[-87.627631,41.914883],[-87.627267,41.912979],[-87.627293,41.91286],[-87.627368,41.912729],[-87.6275,41.9126],[-87.627627,41.912527],[-87.627816,41.912471],[-87.628,41.912453],[-87.628333,41.912469],[-87.628516,41.912495],[-87.628706,41.912542],[-87.629462,41.912858],[-87.630222,41.913214],[-87.630459,41.913307],[-87.630861,41.913425],[-87.631313,41.913521],[-87.63184,41.913537],[-87.632242,41.913476],[-87.632722,41.913322],[-87.632782,41.913316],[-87.632827,41.913335],[-87.635822,41.918214],[-87.636263,41.918976],[-87.636296,41.919296],[-87.636324,41.920034],[-87.636356,41.920053],[-87.636349,41.920116],[-87.636312,41.920141],[-87.636315,41.92021],[-87.636351,41.920218],[-87.63637,41.920263],[-87.636368,41.920294],[-87.636329,41.920325],[-87.636381,41.921936],[-87.636348,41.921959],[-87.63635,41.922045]],[[-87.628066,41.91579],[-87.628075,41.915811],[-87.628084,41.91584],[-87.628075,41.91581],[-87.628066,41.91579]],[[-87.63346,41.925668],[-87.633449,41.925675],[-87.633467,41.925662],[-87.63346,41.925668]]],[[[-87.631418,41.926035],[-87.631,41.924716],[-87.631012,41.924708],[-87.631098,41.924873],[-87.631374,41.925283],[-87.631398,41.925378],[-87.631535,41.925521],[-87.631637,41.92569],[-87.631758,41.925939],[-87.631738,41.925965],[-87.631774,41.92595],[-87.631736,41.925979],[-87.631418,41.926035]]],[[[-87.630697,41.926139],[-87.630643,41.925937],[-87.630632,41.92573],[-87.630659,41.9256],[-87.630626,41.925502],[-87.630632,41.925162],[-87.630667,41.924973],[-87.630796,41.925296],[-87.631044,41.926087],[-87.63106,41.926084],[-87.631064,41.926097],[-87.630731,41.926155],[-87.630697,41.926139]]],[[[-87.631827,41.927261],[-87.631732,41.92703],[-87.631443,41.926149],[-87.631778,41.926093],[-87.631821,41.926123],[-87.631872,41.926479],[-87.631866,41.92704],[-87.631827,41.927261]]],[[[-87.630764,41.926276],[-87.631085,41.926218],[-87.631471,41.927462],[-87.631498,41.927499],[-87.63149,41.927515],[-87.630919,41.926659],[-87.630742,41.926311],[-87.630743,41.926285],[-87.630764,41.926276]]],[[[-87.632034,41.929916],[-87.63205,41.929888],[-87.632074,41.930018],[-87.632017,41.932551],[-87.63203,41.933129],[-87.632064,41.933481],[-87.632119,41.933797],[-87.632304,41.934451],[-87.632431,41.934771],[-87.632651,41.935214],[-87.63294,41.935672],[-87.633289,41.93614],[-87.633628,41.936517],[-87.633903,41.936781],[-87.634389,41.93719],[-87.634926,41.937595],[-87.634916,41.937604],[-87.634819,41.937554],[-87.634588,41.937387],[-87.634039,41.936959],[-87.633602,41.936544],[-87.633223,41.936123],[-87.632919,41.935718],[-87.632711,41.935392],[-87.632451,41.93491],[-87.632263,41.934459],[-87.632078,41.933798],[-87.631988,41.933145],[-87.631979,41.932829],[-87.632034,41.929916]]],[[[-87.636284,41.925739],[-87.636763,41.925709],[-87.637695,41.925682],[-87.639001,41.925697],[-87.639054,41.925747],[-87.63921,41.930093],[-87.639224,41.930415],[-87.639242,41.930452],[-87.639224,41.930466],[-87.639268,41.931483],[-87.639266,41.932616],[-87.639255,41.932636],[-87.639222,41.932642],[-87.639227,41.932829],[-87.639143,41.932828],[-87.639161,41.932866],[-87.639134,41.932883],[-87.639062,41.932881],[-87.639027,41.93286],[-87.637783,41.932883],[-87.637348,41.932875],[-87.636497,41.932816],[-87.636485,41.93296],[-87.636425,41.932967],[-87.636336,41.93301],[-87.636929,41.934348],[-87.636814,41.934384],[-87.636727,41.934395],[-87.636756,41.934513],[-87.636967,41.934476],[-87.637013,41.934772],[-87.637039,41.935123],[-87.637067,41.936046],[-87.637135,41.936575],[-87.637421,41.93732],[-87.637838,41.93823],[-87.637975,41.938453],[-87.638783,41.939566],[-87.638863,41.939758],[-87.638899,41.939908],[-87.638916,41.940137],[-87.63896,41.940289],[-87.639363,41.940213],[-87.639437,41.940231],[-87.639475,41.940274],[-87.639492,41.941102],[-87.63947,41.94111],[-87.639491,41.941666],[-87.639475,41.941681],[-87.639064,41.941076],[-87.638544,41.940429],[-87.638774,41.940344],[-87.638691,41.94022],[-87.638697,41.940215],[-87.638699,41.940206],[-87.638455,41.94032],[-87.637941,41.939749],[-87.637293,41.939154],[-87.637992,41.939513],[-87.638293,41.939717],[-87.638497,41.939912],[-87.638419,41.939724],[-87.638385,41.939718],[-87.638008,41.939456],[-87.637367,41.939128],[-87.637063,41.93894],[-87.636761,41.938738],[-87.635952,41.93813],[-87.634522,41.937132],[-87.63408,41.936745],[-87.633584,41.936256],[-87.633525,41.936139],[-87.633412,41.936007],[-87.633281,41.935894],[-87.633004,41.9355],[-87.632743,41.935053],[-87.632547,41.934633],[-87.632416,41.934263],[-87.632348,41.934047],[-87.632352,41.933918],[-87.632324,41.933786],[-87.632259,41.93365],[-87.632207,41.93328],[-87.63218,41.93259],[-87.632195,41.931882],[-87.63224,41.931744],[-87.632244,41.931612],[-87.632206,41.931471],[-87.63224,41.929777],[-87.632277,41.929609],[-87.632283,41.92947],[-87.632244,41.929318],[-87.6322,41.928791],[-87.632137,41.9284],[-87.631952,41.927677],[-87.631955,41.926554],[-87.631907,41.926096],[-87.631976,41.926061],[-87.632789,41.92592],[-87.633453,41.925838],[-87.633542,41.925856],[-87.633759,41.925849],[-87.633798,41.925813],[-87.633991,41.925788],[-87.634715,41.92576],[-87.636284,41.925739]]],[[[-87.644325,41.953841],[-87.644411,41.953458],[-87.644427,41.953451],[-87.644448,41.953729],[-87.644454,41.954595],[-87.644257,41.954594],[-87.644213,41.954548],[-87.644325,41.953841]]],[[[-87.644723,41.955755],[-87.644241,41.954819],[-87.644247,41.954732],[-87.64447,41.954722],[-87.644507,41.954921],[-87.644735,41.955738],[-87.644723,41.955755]]],[[[-87.644943,41.954711],[-87.645129,41.95471],[-87.645186,41.954758],[-87.64527,41.955239],[-87.64544,41.95571],[-87.645423,41.955948],[-87.645437,41.956127],[-87.64556,41.956721],[-87.645295,41.95613],[-87.645109,41.955631],[-87.645007,41.955251],[-87.644943,41.954711]]],[[[-87.645514,41.955914],[-87.645529,41.955918],[-87.645985,41.957046],[-87.646177,41.957575],[-87.646316,41.958227],[-87.646591,41.959289],[-87.646673,41.959816],[-87.646785,41.961705],[-87.646716,41.961553],[-87.646483,41.960568],[-87.6464,41.959684],[-87.646215,41.958619],[-87.64614,41.958332],[-87.645916,41.957651],[-87.645571,41.956385],[-87.645526,41.956157],[-87.645514,41.955914]]],[[[-87.64657,41.96188],[-87.646458,41.961276],[-87.646427,41.960642],[-87.646712,41.961807],[-87.646705,41.96186],[-87.64657,41.96188]]],[[[-87.645598,41.961994],[-87.645568,41.96194],[-87.645745,41.961495],[-87.645986,41.960661],[-87.646031,41.960924],[-87.646114,41.961936],[-87.645648,41.962006],[-87.645598,41.961994]]],[[[-87.646877,41.963215],[-87.646856,41.963205],[-87.646753,41.962861],[-87.646668,41.96247],[-87.646606,41.962],[-87.646758,41.962025],[-87.646804,41.962061],[-87.646896,41.962279],[-87.646987,41.962406],[-87.64701,41.962491],[-87.647012,41.962534],[-87.64694,41.962722],[-87.646899,41.962891],[-87.646877,41.963215]]],[[[-87.645682,41.96213],[-87.646131,41.962065],[-87.646275,41.962577],[-87.646423,41.963272],[-87.646263,41.962962],[-87.646145,41.962772],[-87.645923,41.962491],[-87.64565,41.96221],[-87.64565,41.962157],[-87.645682,41.96213]]],[[[-87.648044,41.965472],[-87.647905,41.965398],[-87.647516,41.964976],[-87.647308,41.964672],[-87.647154,41.964354],[-87.647002,41.96369],[-87.646961,41.963316],[-87.646962,41.963031],[-87.646988,41.962843],[-87.647045,41.962653],[-87.647098,41.962546],[-87.647312,41.962773],[-87.647763,41.963367],[-87.648087,41.963907],[-87.648198,41.96414],[-87.648512,41.96541],[-87.64847,41.965442],[-87.64813,41.965485],[-87.648044,41.965472]]],[[[-87.647394,41.965579],[-87.647236,41.964929],[-87.647159,41.964567],[-87.647396,41.964938],[-87.647556,41.965137],[-87.64783,41.965421],[-87.647864,41.965485],[-87.647839,41.965522],[-87.647394,41.965579]]],[[[-87.646484,41.965681],[-87.646452,41.965636],[-87.646453,41.965598],[-87.646576,41.965222],[-87.646645,41.96489],[-87.646674,41.964591],[-87.646691,41.964586],[-87.646784,41.964883],[-87.646948,41.965636],[-87.64653,41.965691],[-87.646484,41.965681]]],[[[-87.647434,41.965715],[-87.647867,41.965651],[-87.647911,41.965661],[-87.647927,41.965684],[-87.647922,41.965754],[-87.647758,41.966309],[-87.647694,41.96678],[-87.647572,41.966409],[-87.647434,41.965715]]],[[[-87.646539,41.965828],[-87.646978,41.965772],[-87.647077,41.966162],[-87.647221,41.96682],[-87.646984,41.96643],[-87.64678,41.966181],[-87.64653,41.96592],[-87.646509,41.965864],[-87.646539,41.965828]]],[[[-87.647924,41.967758],[-87.647898,41.967644],[-87.647876,41.967548],[-87.647924,41.967758]]],[[[-87.647924,41.967758],[-87.647792,41.967153],[-87.647773,41.966904],[-87.647796,41.966514],[-87.647899,41.966039],[-87.648021,41.965719],[-87.648076,41.965661],[-87.648157,41.965622],[-87.648522,41.965577],[-87.648566,41.965612],[-87.648651,41.96597],[-87.649531,41.969068],[-87.649525,41.969089],[-87.649493,41.969101],[-87.649447,41.969104],[-87.648969,41.969165],[-87.649494,41.969101],[-87.649527,41.969089],[-87.649532,41.969071],[-87.649533,41.969087],[-87.649517,41.969105],[-87.649482,41.96912],[-87.648989,41.969185],[-87.648889,41.969168],[-87.648769,41.969126],[-87.64851,41.968861],[-87.648255,41.968536],[-87.648037,41.968148],[-87.647924,41.967758]]],[[[-87.648254,41.969278],[-87.64818,41.969072],[-87.64799,41.968227],[-87.648001,41.968222],[-87.648214,41.968587],[-87.648439,41.968867],[-87.648646,41.969082],[-87.648688,41.96917],[-87.648652,41.969208],[-87.64849,41.969228],[-87.648271,41.969256],[-87.648252,41.969259],[-87.648653,41.969208],[-87.648689,41.969185],[-87.64869,41.96917],[-87.648679,41.969132],[-87.648693,41.96916],[-87.648694,41.969178],[-87.648687,41.969193],[-87.648647,41.969228],[-87.648254,41.969278]]],[[[-87.647336,41.969393],[-87.647307,41.969371],[-87.647297,41.969313],[-87.647445,41.968853],[-87.647493,41.96857],[-87.647514,41.968278],[-87.64753,41.968271],[-87.647617,41.968525],[-87.647793,41.969317],[-87.647471,41.96936],[-87.647357,41.969375],[-87.647794,41.969317],[-87.647798,41.969332],[-87.647336,41.969393]]],[[[-87.648545,41.970461],[-87.648396,41.969988],[-87.648274,41.969412],[-87.648697,41.969358],[-87.648745,41.96939],[-87.64877,41.969451],[-87.648616,41.969948],[-87.64856,41.970447],[-87.648545,41.970461]],[[-87.648555,41.970445],[-87.648555,41.970445],[-87.648555,41.970445],[-87.648555,41.970445]]],[[[-87.648048,41.970507],[-87.647884,41.970196],[-87.647667,41.969909],[-87.647376,41.969607],[-87.647354,41.969565],[-87.647369,41.969533],[-87.647827,41.969469],[-87.648027,41.970296],[-87.648066,41.970506],[-87.648048,41.970507]]],[[[-87.651095,41.976273],[-87.6511,41.976274],[-87.651137,41.976293],[-87.651095,41.976273]]],[[[-87.651661,41.976376],[-87.651294,41.97629],[-87.651143,41.97622],[-87.650985,41.976108],[-87.6509,41.976019],[-87.650112,41.974926],[-87.64987,41.974572],[-87.649648,41.9742],[-87.649462,41.973809],[-87.64922,41.973169],[-87.648882,41.971989],[-87.648704,41.971201],[-87.64864,41.970694],[-87.648652,41.97017],[-87.648743,41.969742],[-87.648859,41.96944],[-87.648952,41.969342],[-87.649019,41.969315],[-87.649521,41.969251],[-87.649574,41.969265],[-87.649592,41.96929],[-87.649879,41.970253],[-87.650879,41.973206],[-87.652041,41.976355],[-87.651996,41.976384],[-87.651935,41.976387],[-87.651661,41.976376]]],[[[-87.651095,41.976273],[-87.651265,41.976354],[-87.651264,41.976396],[-87.651117,41.97641],[-87.651095,41.976273]]],[[[-87.65067,41.976493],[-87.649845,41.974724],[-87.649859,41.974709],[-87.651042,41.976345],[-87.651033,41.976413],[-87.651012,41.976427],[-87.650843,41.97645],[-87.65067,41.976493]],[[-87.649861,41.974718],[-87.650223,41.975224],[-87.65071,41.975892],[-87.650919,41.976188],[-87.650964,41.976248],[-87.651032,41.97637],[-87.650966,41.976248],[-87.650712,41.975892],[-87.650341,41.975379],[-87.650225,41.975224],[-87.649959,41.97485],[-87.649861,41.974718]]],[[[-87.643075,41.948606],[-87.642725,41.947953],[-87.642654,41.947885],[-87.641532,41.945939],[-87.639243,41.941692],[-87.638835,41.941086],[-87.638378,41.940516],[-87.638414,41.940496],[-87.63888,41.941075],[-87.639266,41.941652],[-87.641749,41.946234],[-87.64334,41.948982],[-87.644414,41.950757],[-87.644607,41.951205],[-87.644691,41.951552],[-87.644724,41.951913],[-87.644671,41.953766],[-87.644681,41.954248],[-87.644763,41.954963],[-87.644901,41.95554],[-87.645104,41.956126],[-87.645811,41.957924],[-87.646077,41.958943],[-87.646142,41.959272],[-87.646185,41.959632],[-87.646267,41.961232],[-87.646378,41.962011],[-87.648084,41.969444],[-87.648712,41.972046],[-87.648962,41.972925],[-87.649263,41.9738],[-87.649636,41.974699],[-87.650496,41.976537],[-87.650326,41.976581],[-87.649413,41.974637],[-87.649112,41.973862],[-87.648763,41.972776],[-87.648439,41.971391],[-87.648182,41.970168],[-87.646719,41.963794],[-87.64635,41.962078],[-87.646232,41.961256],[-87.646149,41.959684],[-87.646042,41.958974],[-87.645859,41.958231],[-87.645687,41.957697],[-87.645008,41.955985],[-87.644824,41.955392],[-87.644709,41.954861],[-87.644632,41.954108],[-87.644681,41.951787],[-87.644657,41.951572],[-87.644599,41.951302],[-87.644481,41.95097],[-87.644374,41.950755],[-87.643075,41.948606]]],[[[-87.649723,41.976696],[-87.649646,41.976636],[-87.649516,41.976147],[-87.649308,41.975026],[-87.649292,41.97486],[-87.649592,41.975434],[-87.650152,41.976625],[-87.649844,41.976708],[-87.649723,41.976696]]],[[[-87.650397,41.976716],[-87.650529,41.976682],[-87.650588,41.976728],[-87.652068,41.979898],[-87.652394,41.980639],[-87.65268,41.981502],[-87.652844,41.982219],[-87.65283,41.982573],[-87.652801,41.9827],[-87.652766,41.982713],[-87.652706,41.982505],[-87.652593,41.981901],[-87.652462,41.981386],[-87.652198,41.980623],[-87.650466,41.976888],[-87.650397,41.976716]]],[[[-87.654124,41.983795],[-87.653941,41.983764],[-87.653764,41.983682],[-87.653686,41.983619],[-87.653604,41.983505],[-87.653444,41.982775],[-87.653313,41.982388],[-87.652329,41.980042],[-87.65074,41.976643],[-87.650769,41.976613],[-87.651012,41.97656],[-87.651412,41.97652],[-87.65194,41.978531],[-87.653159,41.978507],[-87.653599,41.979185],[-87.65371,41.97944],[-87.653833,41.979906],[-87.653979,41.980736],[-87.654075,41.982308],[-87.654107,41.983632],[-87.65413,41.983723],[-87.654124,41.983795]]],[[[-87.65335,41.983808],[-87.653159,41.983803],[-87.653131,41.983054],[-87.65308,41.982542],[-87.652926,41.981696],[-87.653251,41.982461],[-87.653337,41.982714],[-87.653399,41.982971],[-87.653524,41.983674],[-87.6535,41.983744],[-87.653441,41.98379],[-87.65335,41.983808]]],[[[-87.652891,41.982547],[-87.652945,41.983008],[-87.652975,41.983807],[-87.652792,41.98381],[-87.652784,41.983452],[-87.652838,41.983147],[-87.652891,41.982547]]],[[[-87.652382,41.981954],[-87.652525,41.982527],[-87.652552,41.982739],[-87.652598,41.983377],[-87.652597,41.983783],[-87.652572,41.983792],[-87.652573,41.983813],[-87.65225,41.983821],[-87.652213,41.983817],[-87.652143,41.983756],[-87.652105,41.983644],[-87.652382,41.981954]]],[[[-87.653397,41.985381],[-87.653248,41.985301],[-87.653075,41.985156],[-87.65293,41.98496],[-87.652867,41.984832],[-87.652814,41.984619],[-87.652796,41.983947],[-87.652978,41.983944],[-87.652993,41.984651],[-87.653024,41.984869],[-87.653073,41.985003],[-87.653142,41.985119],[-87.653235,41.985228],[-87.653405,41.985372],[-87.653397,41.985381]]],[[[-87.654056,41.985486],[-87.653805,41.985436],[-87.653548,41.985325],[-87.653368,41.985172],[-87.653259,41.985024],[-87.653189,41.984803],[-87.653163,41.98394],[-87.654117,41.983923],[-87.654128,41.983936],[-87.654114,41.985485],[-87.654056,41.985486]]],[[[-87.623651,41.902981],[-87.623659,41.903017],[-87.623666,41.903041],[-87.623651,41.902981],[-87.624151,41.904],[-87.624138,41.903994],[-87.624258,41.904353],[-87.624256,41.904472],[-87.624629,41.905724],[-87.625084,41.907398],[-87.625214,41.908003],[-87.62535,41.908383],[-87.625476,41.908885],[-87.625473,41.909059],[-87.625547,41.909319],[-87.625581,41.909668],[-87.62563,41.910932],[-87.625579,41.911447],[-87.625427,41.91202],[-87.625398,41.912203],[-87.625395,41.912515],[-87.625471,41.912908],[-87.625558,41.913106],[-87.625667,41.913218],[-87.625836,41.91331],[-87.626,41.913323],[-87.625964,41.913436],[-87.625952,41.913598],[-87.625981,41.913724],[-87.626075,41.913934],[-87.626142,41.914036],[-87.626544,41.914444],[-87.626968,41.914906],[-87.627242,41.915285],[-87.62777,41.916243],[-87.628322,41.917334],[-87.628557,41.917865],[-87.628638,41.918072],[-87.628717,41.918384],[-87.62882,41.918573],[-87.629088,41.919426],[-87.62935,41.92047],[-87.629385,41.920784],[-87.629441,41.920919],[-87.62957,41.921429],[-87.630038,41.922932],[-87.630063,41.923104],[-87.630096,41.923206],[-87.630173,41.923343],[-87.630354,41.923927],[-87.630501,41.924524],[-87.630546,41.924817],[-87.630541,41.925747],[-87.630585,41.926096],[-87.630573,41.926215],[-87.630605,41.926304],[-87.63067,41.926354],[-87.630826,41.926662],[-87.631392,41.927516],[-87.631559,41.927846],[-87.631616,41.92803],[-87.631727,41.9285],[-87.631821,41.929102],[-87.631855,41.930265],[-87.631837,41.930939],[-87.631799,41.931105],[-87.6318,41.931227],[-87.631831,41.931342],[-87.631808,41.932582],[-87.631824,41.932581],[-87.631812,41.932925],[-87.631863,41.933528],[-87.632048,41.934293],[-87.632335,41.935022],[-87.632455,41.935243],[-87.632488,41.935394],[-87.63256,41.935513],[-87.632666,41.935611],[-87.633091,41.936192],[-87.633411,41.936553],[-87.633676,41.936817],[-87.633959,41.937071],[-87.634347,41.937379],[-87.634446,41.937493],[-87.634583,41.937595],[-87.634744,41.937669],[-87.636438,41.938912],[-87.636845,41.939287],[-87.637093,41.939428],[-87.637865,41.940184],[-87.638227,41.940603],[-87.638247,41.940586],[-87.638704,41.941157],[-87.638994,41.941571],[-87.639128,41.941798],[-87.639112,41.941809],[-87.639183,41.942023],[-87.640461,41.944279],[-87.641009,41.945302],[-87.641043,41.945442],[-87.641118,41.945577],[-87.641221,41.945691],[-87.642001,41.947074],[-87.642603,41.948191],[-87.642662,41.94837],[-87.642775,41.948447],[-87.642833,41.948532],[-87.643837,41.95018],[-87.643877,41.950312],[-87.644066,41.95056],[-87.644199,41.950777],[-87.644381,41.951173],[-87.644463,41.951455],[-87.644509,41.951819],[-87.644482,41.952664],[-87.644384,41.953227],[-87.644229,41.953926],[-87.644104,41.954764],[-87.644178,41.954848],[-87.644252,41.954981],[-87.644692,41.955838],[-87.645109,41.956796],[-87.645275,41.957121],[-87.645557,41.957843],[-87.645615,41.958028],[-87.645718,41.958522],[-87.645895,41.95914],[-87.645969,41.959685],[-87.645983,41.960227],[-87.645868,41.960756],[-87.645655,41.96152],[-87.645486,41.961943],[-87.645426,41.962035],[-87.645376,41.962068],[-87.645375,41.962152],[-87.645475,41.962171],[-87.645563,41.962225],[-87.64586,41.962515],[-87.645996,41.962676],[-87.646185,41.96296],[-87.646374,41.96332],[-87.646428,41.96347],[-87.646583,41.964237],[-87.646591,41.964692],[-87.646556,41.964983],[-87.646466,41.965339],[-87.646363,41.965624],[-87.646344,41.965652],[-87.646325,41.965672],[-87.646244,41.96571],[-87.646282,41.96588],[-87.646378,41.965894],[-87.646506,41.965988],[-87.64677,41.966265],[-87.646904,41.966438],[-87.647082,41.966708],[-87.647185,41.966899],[-87.647228,41.967018],[-87.647417,41.967868],[-87.647442,41.968189],[-87.64742,41.968534],[-87.647388,41.968735],[-87.6473,41.969076],[-87.647217,41.969298],[-87.647155,41.969413],[-87.647178,41.969554],[-87.647321,41.969649],[-87.647661,41.97001],[-87.647824,41.970238],[-87.648028,41.970632],[-87.648162,41.971207],[-87.648425,41.972129],[-87.648502,41.972476],[-87.648616,41.972893],[-87.648692,41.973147],[-87.648783,41.973435],[-87.648963,41.973951],[-87.649089,41.974369],[-87.649473,41.976443],[-87.649091,41.974369],[-87.648965,41.973951],[-87.648785,41.973435],[-87.648618,41.972893],[-87.648504,41.972476],[-87.648427,41.972129],[-87.648164,41.971207],[-87.648031,41.970637],[-87.648072,41.970753],[-87.648169,41.9712],[-87.648432,41.972122],[-87.648624,41.972886],[-87.649103,41.97435],[-87.64953,41.976658],[-87.649512,41.976729],[-87.649433,41.976779],[-87.649367,41.976797],[-87.649396,41.976848],[-87.649115,41.97684],[-87.649043,41.976814],[-87.649006,41.976896],[-87.649205,41.976914],[-87.649426,41.976905],[-87.649749,41.976868],[-87.650169,41.976759],[-87.650225,41.976781],[-87.65189,41.980349],[-87.652173,41.981066],[-87.652246,41.981324],[-87.652289,41.981626],[-87.652277,41.982107],[-87.652012,41.983599],[-87.652018,41.98373],[-87.652086,41.983869],[-87.65217,41.983928],[-87.652279,41.983953],[-87.652576,41.983951],[-87.652591,41.984545],[-87.652634,41.984866],[-87.652755,41.98509],[-87.652918,41.985269],[-87.653182,41.985463],[-87.653501,41.985604],[-87.653789,41.985665],[-87.654173,41.985684],[-87.654371,41.987271],[-87.654365,41.987742],[-87.65462,41.987738],[-87.65462,41.987865],[-87.654552,41.98787],[-87.654535,41.988287],[-87.654361,41.988297],[-87.654331,41.988976],[-87.653505,41.988993],[-87.653376,41.988956],[-87.652741,41.988287],[-87.652576,41.988083],[-87.651694,41.987238],[-87.651334,41.986916],[-87.650817,41.986511],[-87.65066,41.986286],[-87.650528,41.986153],[-87.650385,41.98607],[-87.650156,41.985965],[-87.64971,41.985852],[-87.649402,41.986397],[-87.649358,41.986386],[-87.650141,41.984845],[-87.650356,41.984406],[-87.650483,41.98409],[-87.650622,41.983542],[-87.65061,41.983502],[-87.650649,41.983397],[-87.650707,41.98304],[-87.650728,41.982585],[-87.650701,41.982315],[-87.650701,41.98206],[-87.650532,41.981666],[-87.650301,41.980903],[-87.650155,41.980599],[-87.649774,41.980032],[-87.649396,41.979581],[-87.649083,41.979291],[-87.648851,41.979037],[-87.648339,41.978578],[-87.648049,41.978351],[-87.647832,41.978053],[-87.647549,41.977776],[-87.647289,41.977739],[-87.647045,41.977665],[-87.646827,41.977556],[-87.646696,41.977464],[-87.646149,41.97783],[-87.646119,41.977803],[-87.646662,41.977433],[-87.64652,41.977278],[-87.64642,41.9771],[-87.646381,41.976975],[-87.646346,41.976704],[-87.646267,41.974494],[-87.646266,41.973531],[-87.646211,41.973091],[-87.646061,41.972609],[-87.645694,41.971863],[-87.645455,41.971449],[-87.645032,41.970792],[-87.644591,41.970238],[-87.643402,41.969509],[-87.643047,41.969315],[-87.642548,41.969093],[-87.64195,41.968792],[-87.641131,41.968533],[-87.640076,41.968092],[-87.639341,41.967806],[-87.639073,41.96773],[-87.638198,41.967359],[-87.636972,41.966929],[-87.636,41.966603],[-87.634626,41.966292],[-87.63423,41.966261],[-87.633816,41.966247],[-87.633085,41.96628],[-87.632761,41.966307],[-87.632396,41.966381],[-87.632116,41.966456],[-87.631945,41.966465],[-87.631703,41.96709],[-87.631558,41.967408],[-87.631305,41.967859],[-87.631005,41.968294],[-87.63097,41.968405],[-87.63098,41.968488],[-87.631038,41.968606],[-87.631107,41.968674],[-87.631193,41.968723],[-87.631397,41.968774],[-87.631544,41.968768],[-87.631641,41.968743],[-87.631801,41.968648],[-87.631855,41.968583],[-87.631893,41.9685],[-87.631886,41.968345],[-87.631849,41.968273],[-87.631755,41.96818],[-87.631829,41.96813],[-87.63193,41.968233],[-87.631985,41.968355],[-87.631989,41.968483],[-87.631957,41.968575],[-87.631876,41.968688],[-87.631732,41.968787],[-87.631574,41.968838],[-87.631403,41.968851],[-87.631234,41.968825],[-87.631084,41.968762],[-87.630982,41.968685],[-87.630902,41.968574],[-87.630872,41.968449],[-87.630894,41.968323],[-87.631178,41.967911],[-87.631356,41.967613],[-87.631578,41.967164],[-87.631701,41.966851],[-87.631838,41.966373],[-87.631924,41.965763],[-87.631915,41.96522],[-87.631878,41.964902],[-87.631818,41.964564],[-87.631663,41.964044],[-87.631423,41.963878],[-87.631284,41.963751],[-87.631069,41.96349],[-87.631013,41.963354],[-87.630986,41.963175],[-87.630997,41.963022],[-87.631051,41.962866],[-87.631184,41.962683],[-87.631352,41.962519],[-87.631587,41.962379],[-87.63178,41.962299],[-87.632203,41.962189],[-87.632897,41.961909],[-87.633445,41.961741],[-87.634052,41.961441],[-87.634232,41.961391],[-87.634374,41.961304],[-87.634945,41.960833],[-87.63531,41.960461],[-87.635685,41.960125],[-87.63593,41.959947],[-87.636371,41.959676],[-87.636666,41.959541],[-87.637109,41.95943],[-87.637435,41.959381],[-87.637832,41.959355],[-87.638187,41.959355],[-87.638589,41.959386],[-87.638979,41.959443],[-87.640083,41.959682],[-87.640293,41.95919],[-87.641034,41.959281],[-87.641565,41.959311],[-87.641673,41.958398],[-87.641491,41.95757],[-87.641233,41.956054],[-87.641035,41.955216],[-87.640859,41.954556],[-87.64022,41.952909],[-87.639866,41.952096],[-87.639228,41.950704],[-87.638377,41.948928],[-87.637905,41.948017],[-87.637561,41.947458],[-87.636534,41.946108],[-87.635869,41.945348],[-87.634976,41.944407],[-87.633938,41.943445],[-87.633519,41.943083],[-87.633089,41.942682],[-87.633008,41.942574],[-87.632992,41.942494],[-87.633017,41.942382],[-87.633071,41.942274],[-87.633144,41.942215],[-87.633401,41.942159],[-87.633495,41.942158],[-87.633572,41.942169],[-87.633734,41.942233],[-87.633799,41.942289],[-87.634347,41.941875],[-87.634334,41.941766],[-87.634181,41.94174],[-87.634053,41.941688],[-87.633958,41.941612],[-87.633891,41.941516],[-87.633853,41.941333],[-87.633874,41.940802],[-87.633848,41.940443],[-87.633532,41.939347],[-87.633082,41.938262],[-87.632894,41.937986],[-87.632409,41.937448],[-87.632236,41.937171],[-87.632097,41.936851],[-87.631947,41.93618],[-87.631832,41.935904],[-87.631433,41.93521],[-87.631365,41.935103],[-87.630447,41.934008],[-87.630346,41.933869],[-87.630201,41.933612],[-87.630154,41.933394],[-87.63019,41.933169],[-87.630274,41.93306],[-87.630436,41.932932],[-87.630614,41.932859],[-87.630709,41.93284],[-87.630702,41.932582],[-87.630665,41.932541],[-87.630679,41.93251],[-87.63105,41.932565],[-87.631048,41.932546],[-87.631104,41.932528],[-87.631206,41.932408],[-87.630982,41.932302],[-87.630839,41.932191],[-87.630699,41.931999],[-87.630641,41.931812],[-87.630652,41.931652],[-87.630755,41.93135],[-87.630892,41.930846],[-87.630951,41.930405],[-87.63095,41.929806],[-87.630851,41.929221],[-87.630835,41.92917],[-87.630768,41.929178],[-87.630638,41.928831],[-87.630645,41.928781],[-87.630689,41.928731],[-87.630643,41.928608],[-87.630522,41.928357],[-87.630284,41.927939],[-87.630168,41.927777],[-87.629966,41.927611],[-87.629811,41.927433],[-87.629447,41.926959],[-87.62914,41.926459],[-87.629005,41.926151],[-87.628899,41.925735],[-87.628841,41.925281],[-87.628834,41.924971],[-87.628591,41.92457],[-87.628426,41.924142],[-87.628034,41.92289],[-87.627632,41.921074],[-87.627243,41.91957],[-87.627026,41.918923],[-87.626764,41.918247],[-87.626727,41.918256],[-87.626761,41.918238],[-87.626694,41.918065],[-87.626362,41.917408],[-87.626018,41.916852],[-87.625162,41.916017],[-87.624485,41.915531],[-87.623796,41.915122],[-87.622954,41.914693],[-87.622035,41.914351],[-87.621231,41.914103],[-87.620707,41.914243],[-87.620614,41.914339],[-87.620525,41.91447],[-87.620497,41.914542],[-87.620487,41.914669],[-87.620646,41.914721],[-87.620953,41.9147],[-87.621232,41.914723],[-87.620727,41.914885],[-87.620306,41.914842],[-87.620113,41.914548],[-87.620109,41.914125],[-87.620135,41.913877],[-87.620236,41.913543],[-87.620464,41.913272],[-87.621134,41.912974],[-87.622202,41.912871],[-87.622417,41.912832],[-87.622831,41.912704],[-87.623201,41.912515],[-87.624673,41.911401],[-87.624663,41.911126],[-87.624714,41.91078],[-87.624812,41.910606],[-87.625027,41.910411],[-87.625101,41.910258],[-87.625151,41.909811],[-87.625096,41.909104],[-87.625025,41.908533],[-87.624815,41.90752],[-87.624602,41.906992],[-87.623723,41.904486],[-87.623458,41.904328],[-87.62319,41.904125],[-87.622612,41.903731],[-87.62225,41.903456],[-87.621589,41.902279],[-87.621633,41.901976],[-87.621271,41.901888],[-87.620707,41.901785],[-87.619872,41.901555],[-87.619513,41.901324],[-87.619274,41.901138],[-87.619097,41.90094],[-87.617501,41.898512],[-87.616212,41.896647],[-87.614936,41.894715],[-87.614144,41.893707],[-87.613735,41.893781],[-87.612204,41.893849],[-87.611713,41.893829],[-87.611773,41.893735],[-87.611743,41.893732],[-87.612179,41.893036],[-87.613862,41.893045],[-87.613995,41.893257],[-87.615089,41.894658],[-87.615712,41.895526],[-87.618577,41.899744],[-87.619229,41.900826],[-87.619382,41.901022],[-87.619458,41.901088],[-87.619634,41.901231],[-87.619912,41.901358],[-87.620094,41.90141],[-87.620349,41.901454],[-87.621058,41.901524],[-87.62171,41.901557],[-87.622251,41.901658],[-87.622548,41.901759],[-87.622883,41.901918],[-87.623146,41.902088],[-87.623356,41.902255],[-87.623575,41.90247],[-87.623651,41.902981]],[[-87.62373,41.903245],[-87.623733,41.903253],[-87.623728,41.903238],[-87.62373,41.903245]],[[-87.627329,41.919755],[-87.627344,41.919789],[-87.627319,41.919736],[-87.627329,41.919755]],[[-87.627722,41.921386],[-87.627731,41.921391],[-87.627742,41.921387],[-87.627751,41.921393],[-87.627742,41.921387],[-87.627722,41.921385],[-87.627697,41.921351],[-87.627722,41.921386]],[[-87.646353,41.965636],[-87.646357,41.965631],[-87.646358,41.965629],[-87.646353,41.965636]]]]}},{"type":"Feature","properties":{"label":null,"hover_name":null},"geometry":{"type":"Polygon","coordinates":[[[-87.667908,41.967909],[-87.667386,41.967919],[-87.667215,41.96716],[-87.667235,41.967132],[-87.669218,41.96711],[-87.669262,41.967132],[-87.669287,41.968359],[-87.668818,41.968367],[-87.668817,41.968345],[-87.668032,41.968359],[-87.668007,41.968245],[-87.667979,41.968245],[-87.667908,41.967909]]]}},{"type":"Feature","properties":{"label":null,"hover_name":null},"geometry":{"type":"Polygon","coordinates":[[[-87.676543,41.9948],[-87.676536,41.994769],[-87.675479,41.994784],[-87.675472,41.994418],[-87.675492,41.994406],[-87.678426,41.994354],[-87.678457,41.994373],[-87.678468,41.994556],[-87.678484,41.994585],[-87.678444,41.994615],[-87.67844,41.994725],[-87.677306,41.994745],[-87.677313,41.994785],[-87.676543,41.9948]]]}},{"type":"Feature","properties":{"label":null,"hover_name":null},"geometry":{"type":"Polygon","coordinates":[[[-87.626534,41.905388],[-87.627152,41.905389],[-87.627241,41.905753],[-87.627233,41.905776],[-87.627207,41.905789],[-87.626573,41.905799],[-87.626534,41.905388]]]}},{"type":"Feature","properties":{"label":null,"hover_name":null},"geometry":{"type":"Polygon","coordinates":[[[-87.678377,41.935969],[-87.680628,41.935959],[-87.680661,41.937688],[-87.678417,41.937707],[-87.678391,41.937698],[-87.678373,41.937675],[-87.678334,41.936012],[-87.678346,41.935984],[-87.678377,41.935969]]]}},{"type":"Feature","properties":{"label":null,"hover_name":null},"geometry":{"type":"Polygon","coordinates":[[[-87.617676,41.897614],[-87.617241,41.896982],[-87.617246,41.896927],[-87.618237,41.896898],[-87.62174,41.896858],[-87.621765,41.896876],[-87.621778,41.897516],[-87.62176,41.897547],[-87.621713,41.89757],[-87.617718,41.897629],[-87.617676,41.897614]]]}},{"type":"Feature","properties":{"label":null,"hover_name":null},"geometry":{"type":"Polygon","coordinates":[[[-87.758861,41.964168],[-87.758423,41.963663],[-87.758718,41.963677],[-87.759926,41.963805],[-87.759947,41.963818],[-87.759959,41.964154],[-87.761305,41.964138],[-87.76146,41.96512],[-87.758496,41.965159],[-87.757649,41.964183],[-87.758861,41.964168]]]}},{"type":"Feature","properties":{"label":null,"hover_name":null},"geometry":{"type":"Polygon","coordinates":[[[-87.637515,41.902941],[-87.637477,41.90215],[-87.637503,41.902128],[-87.637557,41.90213],[-87.637543,41.90216],[-87.637911,41.902155],[-87.637915,41.902062],[-87.638891,41.902054],[-87.638864,41.901268],[-87.639364,41.901259],[-87.63937,41.90144],[-87.639389,41.901507],[-87.639447,41.90156],[-87.639521,41.90159],[-87.639614,41.901599],[-87.640082,41.901572],[-87.640127,41.902668],[-87.639231,41.902684],[-87.639175,41.902664],[-87.639126,41.902687],[-87.639096,41.902761],[-87.639045,41.90281],[-87.639065,41.903308],[-87.639517,41.903565],[-87.639519,41.903621],[-87.63779,41.90365],[-87.637665,41.903615],[-87.637618,41.903574],[-87.6376,41.90352],[-87.637515,41.902941]]]}},{"type":"Feature","properties":{"label":null,"hover_name":null},"geometry":{"type":"Polygon","coordinates":[[[-87.644236,41.906441],[-87.644233,41.906355],[-87.644178,41.906355],[-87.644176,41.906076],[-87.643978,41.906078],[-87.643962,41.905441],[-87.644252,41.905436],[-87.644252,41.905464],[-87.644652,41.90547],[-87.644656,41.905597],[-87.645697,41.905586],[-87.645698,41.905466],[-87.645938,41.905467],[-87.645929,41.905047],[-87.646813,41.905025],[-87.646835,41.905989],[-87.646606,41.906331],[-87.64661,41.906376],[-87.646569,41.906376],[-87.646541,41.906407],[-87.644236,41.906441]]]}},{"type":"Feature","properties":{"label":null,"hover_name":null},"geometry":{"type":"Polygon","coordinates":[[[-87.684017,41.961453],[-87.688486,41.961395],[-87.688549,41.961404],[-87.688556,41.961417],[-87.688603,41.963044],[-87.688596,41.963083],[-87.688575,41.963095],[-87.685065,41.963145],[-87.683978,41.961468],[-87.684017,41.961453]]]}},{"type":"Feature","properties":{"label":null,"hover_name":null},"geometry":{"type":"Polygon","coordinates":[[[-87.662158,42.012839],[-87.661077,42.012846],[-87.661033,42.012547],[-87.660936,42.012392],[-87.660775,42.012266],[-87.66035,42.011833],[-87.660186,42.011709],[-87.660063,42.011545],[-87.66,42.011487],[-87.659861,42.011382],[-87.659729,42.011251],[-87.659583,42.01119],[-87.659438,42.011076],[-87.659256,42.010813],[-87.659158,42.01077],[-87.658798,42.010462],[-87.65872,42.010328],[-87.658487,42.010142],[-87.658252,42.01001],[-87.658405,42.009906],[-87.658143,42.009611],[-87.657958,42.009432],[-87.657928,42.00936],[-87.657859,42.009274],[-87.65769,42.009148],[-87.657175,42.008479],[-87.657152,42.008403],[-87.656945,42.008151],[-87.65681,42.007941],[-87.656668,42.007814],[-87.656609,42.007719],[-87.656467,42.007573],[-87.656193,42.007332],[-87.656136,42.007268],[-87.656127,42.007208],[-87.655985,42.007122],[-87.65596,42.007041],[-87.655888,42.006931],[-87.65574,42.00679],[-87.655424,42.00662],[-87.655837,42.006335],[-87.655962,42.006322],[-87.658499,42.006294],[-87.658506,42.006216],[-87.658951,42.006209],[-87.65897,42.006869],[-87.659208,42.00687],[-87.659227,42.007433],[-87.65991,42.007421],[-87.659929,42.007964],[-87.659413,42.007975],[-87.659371,42.007956],[-87.659375,42.008091],[-87.659433,42.008071],[-87.659609,42.008062],[-87.659628,42.008643],[-87.660306,42.008631],[-87.660325,42.009267],[-87.660393,42.009265],[-87.660415,42.009817],[-87.660692,42.009816],[-87.66092,42.010512],[-87.662144,42.010497],[-87.662141,42.01046],[-87.662355,42.01046],[-87.662406,42.010494],[-87.662783,42.01165],[-87.66329,42.012757],[-87.663258,42.012781],[-87.663107,42.012787],[-87.6631,42.012726],[-87.663037,42.012727],[-87.663033,42.012797],[-87.662987,42.012793],[-87.662986,42.012728],[-87.662382,42.012738],[-87.662385,42.012802],[-87.662325,42.01278],[-87.662322,42.012739],[-87.662269,42.01274],[-87.662267,42.012766],[-87.662202,42.012783],[-87.662158,42.012839]]]}},{"type":"Feature","properties":{"label":null,"hover_name":null},"geometry":{"type":"MultiPolygon","coordinates":[[[[-87.695827,41.861022],[-87.695803,41.860231],[-87.695812,41.860159],[-87.695835,41.860144],[-87.695834,41.860085],[-87.695796,41.860047],[-87.695714,41.857466],[-87.695749,41.85744],[-87.695746,41.857334],[-87.695713,41.857309],[-87.695651,41.855632],[-87.695663,41.855615],[-87.695707,41.855597],[-87.69711,41.855576],[-87.697213,41.855577],[-87.697279,41.855641],[-87.698977,41.855621],[-87.698929,41.85555],[-87.699049,41.855547],[-87.699105,41.855568],[-87.699121,41.855618],[-87.699306,41.85561],[-87.699322,41.855565],[-87.699384,41.855542],[-87.702772,41.855497],[-87.702823,41.856761],[-87.702864,41.858606],[-87.702552,41.858735],[-87.701758,41.859016],[-87.701698,41.859018],[-87.701653,41.858988],[-87.701478,41.859044],[-87.701487,41.859091],[-87.701448,41.859129],[-87.695918,41.861075],[-87.695851,41.861069],[-87.695827,41.861022]]],[[[-87.696,41.866358],[-87.695966,41.865797],[-87.695986,41.865766],[-87.696027,41.865752],[-87.696023,41.865618],[-87.695984,41.865608],[-87.69596,41.865579],[-87.695842,41.861504],[-87.695855,41.861473],[-87.696731,41.861162],[-87.697427,41.860897],[-87.701609,41.859419],[-87.701662,41.859416],[-87.70171,41.859442],[-87.701881,41.859373],[-87.701909,41.859316],[-87.702812,41.85901],[-87.702864,41.859018],[-87.702894,41.859051],[-87.702991,41.86246],[-87.702966,41.862489],[-87.702923,41.862492],[-87.702922,41.862608],[-87.702962,41.862608],[-87.702992,41.862634],[-87.702999,41.862899],[-87.702977,41.86293],[-87.702932,41.862938],[-87.702936,41.86305],[-87.702984,41.863056],[-87.703005,41.863081],[-87.7031,41.866335],[-87.700956,41.86637],[-87.700902,41.866358],[-87.700873,41.866318],[-87.700693,41.86632],[-87.700681,41.866354],[-87.700639,41.866372],[-87.696797,41.866416],[-87.696062,41.866405],[-87.696026,41.866392],[-87.696,41.866358]],[[-87.702131,41.864367],[-87.701932,41.863526],[-87.700728,41.863542],[-87.700718,41.863157],[-87.699905,41.863168],[-87.699925,41.863959],[-87.700348,41.863961],[-87.700352,41.864544],[-87.700371,41.864678],[-87.700354,41.864807],[-87.700369,41.86477],[-87.700382,41.865309],[-87.701902,41.865291],[-87.701939,41.86525],[-87.702043,41.865107],[-87.702114,41.864954],[-87.702144,41.864834],[-87.702159,41.864633],[-87.702131,41.864367]],[[-87.701885,41.859383],[-87.701882,41.859378],[-87.701882,41.859385],[-87.701885,41.859383]]]]}},{"type":"Feature","properties":{"label":null,"hover_name":null},"geometry":{"type":"Polygon","coordinates":[[[-87.795725,41.936293],[-87.795708,41.936269],[-87.795657,41.934593],[-87.795702,41.934568],[-87.796731,41.934555],[-87.796756,41.934583],[-87.796806,41.936271],[-87.79677,41.936292],[-87.795975,41.936305],[-87.795725,41.936293]]]}},{"type":"Feature","properties":{"label":null,"hover_name":null},"geometry":{"type":"Polygon","coordinates":[[[-87.751246,41.922385],[-87.75355,41.922354],[-87.753575,41.922384],[-87.753608,41.92364],[-87.751264,41.923672],[-87.751219,41.922421],[-87.751246,41.922385]]]}},{"type":"Feature","properties":{"label":null,"hover_name":null},"geometry":{"type":"Polygon","coordinates":[[[-87.783214,41.923805],[-87.785311,41.923798],[-87.785348,41.923819],[-87.785425,41.925996],[-87.785453,41.926324],[-87.785473,41.927289],[-87.778366,41.927406],[-87.778338,41.927394],[-87.77822,41.924297],[-87.778215,41.923913],[-87.778229,41.923892],[-87.783214,41.923805]]]}},{"type":"Feature","properties":{"label":null,"hover_name":null},"geometry":{"type":"Polygon","coordinates":[[[-87.715017,41.91107],[-87.715736,41.911062],[-87.715756,41.911756],[-87.715739,41.911782],[-87.715073,41.911789],[-87.715045,41.911774],[-87.715017,41.91107]]]}},{"type":"Feature","properties":{"label":null,"hover_name":null},"geometry":{"type":"Polygon","coordinates":[[[-87.739,41.922518],[-87.738977,41.921668],[-87.739002,41.921649],[-87.741353,41.921619],[-87.741373,41.922476],[-87.739063,41.922506],[-87.739064,41.922517],[-87.739,41.922518]]]}},{"type":"Feature","properties":{"label":null,"hover_name":null},"geometry":{"type":"Polygon","coordinates":[[[-87.736859,41.928698],[-87.739052,41.928669],[-87.73909,41.928699],[-87.739156,41.930558],[-87.739122,41.930579],[-87.736891,41.930599],[-87.736872,41.930578],[-87.736816,41.928724],[-87.736859,41.928698]]]}},{"type":"Feature","properties":{"label":null,"hover_name":null},"geometry":{"type":"MultiPolygon","coordinates":[[[[-87.798647,41.920011],[-87.798665,41.920569],[-87.795178,41.919303],[-87.795177,41.918996],[-87.795236,41.918978],[-87.796035,41.919271],[-87.798674,41.919249],[-87.798715,41.919286],[-87.798735,41.91996],[-87.79876,41.92001],[-87.798647,41.920011]]],[[[-87.795236,41.921084],[-87.795189,41.919612],[-87.798674,41.920877],[-87.798674,41.921094],[-87.795292,41.921126],[-87.795258,41.921116],[-87.795236,41.921084]]],[[[-87.798899,41.921362],[-87.798895,41.921224],[-87.799614,41.921219],[-87.80063,41.921588],[-87.80063,41.92162],[-87.799797,41.921635],[-87.799791,41.92151],[-87.799713,41.921492],[-87.799513,41.921357],[-87.798899,41.921362]]]]}},{"type":"Feature","properties":{"label":null,"hover_name":null},"geometry":{"type":"MultiPolygon","coordinates":[[[[-87.722465,41.917279],[-87.722811,41.917278],[-87.72283,41.917295],[-87.722848,41.917637],[-87.722817,41.917647],[-87.722476,41.917651],[-87.722465,41.917279]]],[[[-87.722982,41.917267],[-87.723773,41.917259],[-87.724662,41.918979],[-87.723,41.918993],[-87.722949,41.917288],[-87.722982,41.917267]]]]}},{"type":"Feature","properties":{"label":null,"hover_name":null},"geometry":{"type":"Polygon","coordinates":[[[-87.777133,41.914638],[-87.777072,41.912994],[-87.777051,41.912978],[-87.77705,41.912946],[-87.777063,41.912938],[-87.781058,41.912889],[-87.781086,41.912903],[-87.781159,41.914533],[-87.781174,41.914607],[-87.781219,41.914659],[-87.777095,41.914708],[-87.777109,41.914656],[-87.777133,41.914638]]]}},{"type":"Feature","properties":{"label":null,"hover_name":null},"geometry":{"type":"Polygon","coordinates":[[[-87.767532,41.912137],[-87.769761,41.912106],[-87.769775,41.912551],[-87.767549,41.912589],[-87.767532,41.912137]]]}},{"type":"Feature","properties":{"label":null,"hover_name":null},"geometry":{"type":"Polygon","coordinates":[[[-87.756954,41.928635],[-87.756924,41.927828],[-87.756966,41.927822],[-87.758665,41.927806],[-87.75869,41.927876],[-87.758709,41.928593],[-87.758642,41.928612],[-87.756954,41.928635]]]}},{"type":"Feature","properties":{"label":null,"hover_name":null},"geometry":{"type":"Polygon","coordinates":[[[-87.733182,41.913289],[-87.733135,41.911678],[-87.733589,41.911663],[-87.733657,41.911673],[-87.733661,41.911704],[-87.733762,41.911703],[-87.733768,41.911675],[-87.733835,41.911662],[-87.733846,41.912107],[-87.734718,41.912095],[-87.734754,41.913061],[-87.733874,41.913071],[-87.733882,41.913276],[-87.733182,41.913289]]]}},{"type":"Feature","properties":{"label":null,"hover_name":null},"geometry":{"type":"Polygon","coordinates":[[[-87.797257,41.998746],[-87.79726,41.997741],[-87.798063,41.997598],[-87.798139,41.998149],[-87.79822,41.998134],[-87.798334,41.998618],[-87.797295,41.998782],[-87.797257,41.998746]]]}},{"type":"Feature","properties":{"label":null,"hover_name":null},"geometry":{"type":"Polygon","coordinates":[[[-87.793417,41.98509],[-87.793458,41.9851],[-87.793475,41.985122],[-87.794693,41.988066],[-87.794737,41.988297],[-87.794734,41.988544],[-87.794683,41.988744],[-87.79465,41.988782],[-87.794607,41.988802],[-87.794575,41.988796],[-87.790855,41.986693],[-87.790833,41.986662],[-87.790841,41.986635],[-87.791669,41.985821],[-87.791863,41.98566],[-87.792053,41.985534],[-87.792327,41.985388],[-87.792693,41.985243],[-87.793087,41.985143],[-87.793417,41.98509]]]}},{"type":"Feature","properties":{"label":null,"hover_name":null},"geometry":{"type":"Polygon","coordinates":[[[-87.762265,41.956827],[-87.762215,41.9557],[-87.76215,41.953362],[-87.762202,41.953345],[-87.762682,41.953329],[-87.763617,41.953314],[-87.764531,41.953319],[-87.764888,41.9533],[-87.766221,41.953291],[-87.76687,41.953298],[-87.766902,41.953309],[-87.766942,41.953715],[-87.767044,41.956749],[-87.767028,41.956783],[-87.762315,41.956847],[-87.762265,41.956827]]]}},{"type":"Feature","properties":{"label":null,"hover_name":null},"geometry":{"type":"Polygon","coordinates":[[[-87.801156,41.939974],[-87.801176,41.939943],[-87.801209,41.939954],[-87.801227,41.939981],[-87.801364,41.943512],[-87.801305,41.943543],[-87.800199,41.943565],[-87.800279,41.945305],[-87.799072,41.945329],[-87.799058,41.944986],[-87.799094,41.944986],[-87.798966,41.941762],[-87.800175,41.941742],[-87.800153,41.941585],[-87.8001,41.940005],[-87.800107,41.939996],[-87.801156,41.939974]]]}},{"type":"Feature","properties":{"label":null,"hover_name":null},"geometry":{"type":"Polygon","coordinates":[[[-87.698665,41.966664],[-87.698239,41.966904],[-87.697671,41.966341],[-87.69754,41.966267],[-87.697441,41.966242],[-87.698275,41.966278],[-87.698665,41.966664]]]}},{"type":"Feature","properties":{"label":null,"hover_name":null},"geometry":{"type":"Polygon","coordinates":[[[-87.698392,41.963496],[-87.698072,41.963182],[-87.698072,41.963153],[-87.6981,41.963126],[-87.698436,41.963119],[-87.698471,41.96314],[-87.698483,41.963484],[-87.698443,41.963513],[-87.698392,41.963496]]]}},{"type":"Feature","properties":{"label":null,"hover_name":null},"geometry":{"type":"Polygon","coordinates":[[[-87.695223,41.963144],[-87.69532,41.963344],[-87.694822,41.963515],[-87.69481,41.963151],[-87.695223,41.963144]]]}},{"type":"Feature","properties":{"label":null,"hover_name":null},"geometry":{"type":"Polygon","coordinates":[[[-87.700961,41.966042],[-87.700172,41.965254],[-87.700182,41.965234],[-87.700965,41.96522],[-87.700989,41.965233],[-87.701005,41.966054],[-87.700961,41.966042]]]}},{"type":"Feature","properties":{"label":null,"hover_name":null},"geometry":{"type":"Polygon","coordinates":[[[-87.694915,42.00873],[-87.694919,42.010306],[-87.694886,42.010329],[-87.693072,42.010365],[-87.693074,42.010496],[-87.691676,42.010525],[-87.691614,42.008676],[-87.694901,42.008614],[-87.694915,42.00873]]]}},{"type":"Feature","properties":{"label":null,"hover_name":null},"geometry":{"type":"Polygon","coordinates":[[[-87.726465,41.740232],[-87.726408,41.738488],[-87.728836,41.738446],[-87.728893,41.74019],[-87.726465,41.740232]]]}},{"type":"Feature","properties":{"label":null,"hover_name":null},"geometry":{"type":"Polygon","coordinates":[[[-87.676562,42.017238],[-87.67622,42.015661],[-87.676311,42.015598],[-87.67671,42.015403],[-87.67894,42.014344],[-87.678991,42.014348],[-87.679024,42.014392],[-87.679017,42.015559],[-87.678335,42.015554],[-87.678327,42.016584],[-87.677749,42.016587],[-87.677709,42.016558],[-87.677598,42.016557],[-87.677597,42.01675],[-87.67692,42.01682],[-87.676917,42.01724],[-87.676562,42.017238]]]}},{"type":"Feature","properties":{"label":null,"hover_name":null},"geometry":{"type":"Polygon","coordinates":[[[-87.704676,42.004674],[-87.704667,42.003345],[-87.705745,42.003323],[-87.705707,42.004662],[-87.705656,42.004681],[-87.704727,42.004694],[-87.704676,42.004674]]]}},{"type":"Feature","properties":{"label":null,"hover_name":null},"geometry":{"type":"Polygon","coordinates":[[[-87.680379,42.007352],[-87.681003,42.007212],[-87.681169,42.007559],[-87.68116,42.007596],[-87.681138,42.007608],[-87.680514,42.007619],[-87.680486,42.007592],[-87.680379,42.007352]]]}},{"type":"Feature","properties":{"label":null,"hover_name":null},"geometry":{"type":"Polygon","coordinates":[[[-87.667603,41.713991],[-87.667682,41.716657],[-87.668912,41.716637],[-87.668957,41.716663],[-87.669026,41.718943],[-87.668378,41.718952],[-87.668387,41.719283],[-87.668214,41.719286],[-87.66816,41.71923],[-87.668069,41.719231],[-87.668059,41.71926],[-87.668011,41.719292],[-87.667565,41.719303],[-87.667522,41.719239],[-87.667374,41.713999],[-87.667603,41.713991]]]}},{"type":"Feature","properties":{"label":null,"hover_name":null},"geometry":{"type":"MultiPolygon","coordinates":[[[[-87.667323,41.727463],[-87.66738,41.726334],[-87.668016,41.726206],[-87.668124,41.726574],[-87.668245,41.726894],[-87.668097,41.726948],[-87.667958,41.727033],[-87.667896,41.727093],[-87.667765,41.727281],[-87.667648,41.727376],[-87.667481,41.72745],[-87.667394,41.727509],[-87.667323,41.727463]]],[[[-87.667869,41.728377],[-87.667719,41.728179],[-87.667621,41.728003],[-87.667525,41.727748],[-87.667486,41.727544],[-87.667506,41.727519],[-87.667645,41.727473],[-87.667784,41.727392],[-87.668031,41.727089],[-87.668161,41.72701],[-87.668274,41.726974],[-87.668294,41.726983],[-87.668564,41.72749],[-87.66882,41.727859],[-87.668282,41.728115],[-87.668413,41.728366],[-87.667922,41.728399],[-87.667869,41.728377]]]]}},{"type":"Feature","properties":{"label":null,"hover_name":null},"geometry":{"type":"Polygon","coordinates":[[[-87.654242,41.728607],[-87.654165,41.728589],[-87.653228,41.728603],[-87.653187,41.728589],[-87.653148,41.726888],[-87.65319,41.726864],[-87.655425,41.72684],[-87.655462,41.72688],[-87.655504,41.728705],[-87.654393,41.728716],[-87.654347,41.728657],[-87.654242,41.728607]]]}},{"type":"Feature","properties":{"label":null,"hover_name":null},"geometry":{"type":"MultiPolygon","coordinates":[[[[-87.660286,41.706786],[-87.661018,41.706777],[-87.661041,41.707217],[-87.660303,41.707227],[-87.660286,41.706786]]],[[[-87.660241,41.708765],[-87.660107,41.708364],[-87.659427,41.708522],[-87.659371,41.708391],[-87.660062,41.708231],[-87.659753,41.707289],[-87.660456,41.707279],[-87.66047,41.707334],[-87.661272,41.707324],[-87.661447,41.708387],[-87.660826,41.708419],[-87.660878,41.708617],[-87.660241,41.708765]]]]}},{"type":"Feature","properties":{"label":null,"hover_name":null},"geometry":{"type":"Polygon","coordinates":[[[-87.690831,41.952216],[-87.69329,41.952195],[-87.69334,41.953894],[-87.690931,41.953907],[-87.690887,41.953894],[-87.690831,41.952216]]]}},{"type":"Feature","properties":{"label":null,"hover_name":null},"geometry":{"type":"MultiPolygon","coordinates":[[[[-87.706162,41.974215],[-87.705973,41.974187],[-87.70574,41.974121],[-87.705556,41.974096],[-87.704886,41.973946],[-87.704886,41.973913],[-87.704744,41.973802],[-87.704743,41.973747],[-87.70467,41.973661],[-87.704417,41.973439],[-87.704127,41.973248],[-87.704133,41.973211],[-87.7041,41.973126],[-87.704037,41.973042],[-87.70398,41.972899],[-87.703947,41.972739],[-87.703882,41.972583],[-87.703847,41.972543],[-87.703848,41.972419],[-87.703764,41.972164],[-87.70434,41.972174],[-87.704349,41.972217],[-87.705969,41.972203],[-87.705934,41.972156],[-87.706077,41.972161],[-87.706093,41.972187],[-87.706015,41.972187],[-87.706063,41.973878],[-87.706135,41.973879],[-87.706164,41.974206],[-87.706162,41.974215]]],[[[-87.701487,41.975741],[-87.701437,41.974321],[-87.701357,41.974318],[-87.701308,41.972224],[-87.701348,41.972197],[-87.701412,41.972195],[-87.701593,41.972207],[-87.703493,41.972183],[-87.703566,41.972316],[-87.703586,41.972391],[-87.703573,41.972634],[-87.703731,41.972804],[-87.703762,41.972907],[-87.703769,41.973133],[-87.703787,41.973182],[-87.703921,41.973297],[-87.703941,41.973439],[-87.703861,41.973541],[-87.703855,41.973578],[-87.703895,41.973642],[-87.70389,41.973699],[-87.703912,41.97373],[-87.70394,41.973887],[-87.704014,41.974034],[-87.704013,41.974088],[-87.704049,41.974195],[-87.704042,41.974238],[-87.704094,41.974302],[-87.704143,41.974423],[-87.704105,41.974479],[-87.704111,41.97451],[-87.704155,41.974551],[-87.704157,41.974598],[-87.7042,41.974637],[-87.704294,41.97496],[-87.704314,41.975137],[-87.704423,41.975362],[-87.704417,41.975442],[-87.704499,41.975717],[-87.701487,41.975741]]]]}},{"type":"Feature","properties":{"label":null,"hover_name":null},"geometry":{"type":"Polygon","coordinates":[[[-87.698526,41.941782],[-87.698492,41.940671],[-87.699599,41.940664],[-87.699796,41.940508],[-87.701052,41.941385],[-87.700516,41.941831],[-87.698552,41.941839],[-87.698526,41.941782]]]}},{"type":"Feature","properties":{"label":null,"hover_name":null},"geometry":{"type":"Polygon","coordinates":[[[-87.695876,41.992172],[-87.695818,41.990581],[-87.69585,41.990559],[-87.696886,41.990554],[-87.696913,41.990579],[-87.696964,41.992149],[-87.696925,41.99217],[-87.695905,41.992185],[-87.695876,41.992172]]]}},{"type":"Feature","properties":{"label":null,"hover_name":null},"geometry":{"type":"Polygon","coordinates":[[[-87.654829,41.681232],[-87.654792,41.679514],[-87.655922,41.679495],[-87.655941,41.679503],[-87.655943,41.679528],[-87.655993,41.681215],[-87.654829,41.681232]]]}},{"type":"Feature","properties":{"label":null,"hover_name":null},"geometry":{"type":"Polygon","coordinates":[[[-87.698145,41.953838],[-87.698104,41.953868],[-87.697291,41.953874],[-87.697266,41.953115],[-87.695958,41.95314],[-87.695955,41.953059],[-87.695688,41.953052],[-87.695147,41.953799],[-87.695285,41.953853],[-87.69498,41.953855],[-87.695563,41.953053],[-87.695398,41.953052],[-87.695601,41.952804],[-87.695711,41.952625],[-87.695941,41.95232],[-87.696321,41.951624],[-87.696565,41.951208],[-87.696763,41.950918],[-87.696994,41.950502],[-87.697066,41.950308],[-87.697089,41.950074],[-87.697048,41.949653],[-87.698039,41.949647],[-87.698145,41.953838]]]}},{"type":"Feature","properties":{"label":null,"hover_name":null},"geometry":{"type":"Polygon","coordinates":[[[-87.736962,41.989955],[-87.736843,41.989096],[-87.736791,41.988413],[-87.736779,41.987999],[-87.736796,41.987102],[-87.736957,41.987064],[-87.736964,41.987096],[-87.737319,41.986931],[-87.737333,41.986864],[-87.737387,41.986838],[-87.737659,41.987182],[-87.73767,41.987177],[-87.737728,41.989475],[-87.737754,41.989523],[-87.737791,41.989547],[-87.73763,41.989549],[-87.737637,41.98995],[-87.737577,41.989951],[-87.737571,41.98955],[-87.736979,41.989558],[-87.737042,41.989955],[-87.736962,41.989955]],[[-87.737701,41.98882],[-87.737693,41.988503],[-87.737704,41.989014],[-87.737701,41.98882]],[[-87.737688,41.988268],[-87.737688,41.988239],[-87.737693,41.988503],[-87.737688,41.988268]]]}},{"type":"Feature","properties":{"label":null,"hover_name":null},"geometry":{"type":"Polygon","coordinates":[[[-87.75099,41.904171],[-87.755691,41.904115],[-87.755739,41.904147],[-87.75578,41.90579],[-87.755754,41.905827],[-87.751053,41.905891],[-87.751011,41.905868],[-87.750969,41.90419],[-87.75099,41.904171]]]}},{"type":"Feature","properties":{"label":null,"hover_name":null},"geometry":{"type":"Polygon","coordinates":[[[-87.731177,41.860658],[-87.733495,41.86061],[-87.733519,41.860624],[-87.733566,41.862347],[-87.733545,41.862359],[-87.731252,41.862395],[-87.731231,41.862381],[-87.731177,41.860658]]]}},{"type":"Feature","properties":{"label":null,"hover_name":null},"geometry":{"type":"Polygon","coordinates":[[[-87.68476,41.922581],[-87.684676,41.920728],[-87.684693,41.920714],[-87.685418,41.920702],[-87.685442,41.920719],[-87.685493,41.922584],[-87.685472,41.922595],[-87.684779,41.922602],[-87.68476,41.922581]]]}},{"type":"Feature","properties":{"label":null,"hover_name":null},"geometry":{"type":"MultiPolygon","coordinates":[[[[-87.716023,41.880774],[-87.715992,41.880743],[-87.715968,41.880371],[-87.715878,41.877699],[-87.715879,41.877322],[-87.71589,41.877297],[-87.715923,41.877283],[-87.715918,41.877136],[-87.715872,41.877105],[-87.71585,41.876777],[-87.715857,41.876832],[-87.716531,41.876819],[-87.716604,41.876493],[-87.716713,41.876242],[-87.716792,41.876112],[-87.717004,41.875902],[-87.71745,41.875639],[-87.717302,41.875343],[-87.719878,41.874624],[-87.719888,41.874533],[-87.719922,41.874506],[-87.720284,41.874502],[-87.720312,41.874529],[-87.720325,41.874877],[-87.720351,41.875037],[-87.720547,41.875562],[-87.720611,41.875929],[-87.720647,41.877039],[-87.720474,41.877043],[-87.720446,41.877223],[-87.720482,41.87726],[-87.72055,41.879354],[-87.720529,41.879625],[-87.720563,41.87969],[-87.720604,41.880696],[-87.720562,41.880718],[-87.719845,41.880736],[-87.717254,41.880771],[-87.717212,41.880758],[-87.71699,41.880775],[-87.716501,41.88078],[-87.716023,41.880774]],[[-87.716346,41.880776],[-87.716501,41.880779],[-87.716316,41.880775],[-87.716346,41.880776]]],[[[-87.720794,41.881992],[-87.720794,41.881989],[-87.720797,41.881992],[-87.720794,41.881992]]],[[[-87.720797,41.885116],[-87.717836,41.884943],[-87.716978,41.884893],[-87.716938,41.884864],[-87.716733,41.884852],[-87.716672,41.884875],[-87.716377,41.884859],[-87.711415,41.884573],[-87.711199,41.884544],[-87.711173,41.884502],[-87.711184,41.884222],[-87.711156,41.88305],[-87.711158,41.882843],[-87.711177,41.882817],[-87.711209,41.882807],[-87.711205,41.882669],[-87.711162,41.882655],[-87.71115,41.882631],[-87.711128,41.881921],[-87.711149,41.88189],[-87.71118,41.881883],[-87.711176,41.881747],[-87.711137,41.881731],[-87.711117,41.881688],[-87.711102,41.881037],[-87.711118,41.881007],[-87.711151,41.880993],[-87.711602,41.880982],[-87.715224,41.880929],[-87.715738,41.880933],[-87.715795,41.880967],[-87.715985,41.880964],[-87.715986,41.880949],[-87.716001,41.880955],[-87.716049,41.880928],[-87.716579,41.880912],[-87.719817,41.880869],[-87.720603,41.880875],[-87.720632,41.88091],[-87.720724,41.881753],[-87.720766,41.882904],[-87.720749,41.882941],[-87.720755,41.883168],[-87.720777,41.883205],[-87.720795,41.883774],[-87.720797,41.883984],[-87.720776,41.884018],[-87.720778,41.884088],[-87.720781,41.884163],[-87.720806,41.884208],[-87.720826,41.885105],[-87.720797,41.885116]],[[-87.718041,41.884954],[-87.717553,41.884926],[-87.717836,41.884943],[-87.718041,41.884954]]],[[[-87.720884,41.885127],[-87.720883,41.885092],[-87.720904,41.885093],[-87.720884,41.885127]]],[[[-87.716214,41.887976],[-87.716205,41.887648],[-87.716159,41.887592],[-87.716124,41.886345],[-87.71617,41.886334],[-87.716167,41.886229],[-87.716119,41.886223],[-87.716086,41.88503],[-87.716099,41.885013],[-87.716673,41.885038],[-87.716721,41.885071],[-87.716928,41.885083],[-87.71699,41.885056],[-87.720794,41.885277],[-87.72082,41.88529],[-87.720836,41.885351],[-87.720907,41.88792],[-87.716214,41.887976]]]]}},{"type":"Feature","properties":{"label":null,"hover_name":null},"geometry":{"type":"Polygon","coordinates":[[[-87.654258,41.871735],[-87.654251,41.870714],[-87.654303,41.870713],[-87.654321,41.870691],[-87.654308,41.869942],[-87.655182,41.869921],[-87.655206,41.869938],[-87.655197,41.870158],[-87.655261,41.870192],[-87.655335,41.870195],[-87.655387,41.871752],[-87.654292,41.871771],[-87.654265,41.871762],[-87.654258,41.871735]]]}},{"type":"Feature","properties":{"label":null,"hover_name":null},"geometry":{"type":"Polygon","coordinates":[[[-87.69156,41.874892],[-87.691533,41.873898],[-87.6936,41.873879],[-87.693644,41.873898],[-87.693658,41.874869],[-87.69156,41.874892]]]}},{"type":"Feature","properties":{"label":null,"hover_name":null},"geometry":{"type":"Polygon","coordinates":[[[-87.765257,41.889213],[-87.765206,41.887815],[-87.765248,41.887794],[-87.766306,41.887827],[-87.76634,41.88787],[-87.76638,41.889218],[-87.766334,41.889238],[-87.765297,41.889243],[-87.765257,41.889213]]]}},{"type":"Feature","properties":{"label":null,"hover_name":null},"geometry":{"type":"Polygon","coordinates":[[[-87.660054,41.896264],[-87.662282,41.896231],[-87.662317,41.896256],[-87.662358,41.897897],[-87.662345,41.897914],[-87.660079,41.897951],[-87.660065,41.897933],[-87.660026,41.896278],[-87.660054,41.896264]]]}},{"type":"Feature","properties":{"label":null,"hover_name":null},"geometry":{"type":"Polygon","coordinates":[[[-87.614701,41.740071],[-87.614655,41.738393],[-87.614684,41.738381],[-87.616115,41.738359],[-87.616136,41.738402],[-87.616171,41.740076],[-87.616145,41.740091],[-87.614779,41.740116],[-87.614728,41.740112],[-87.614701,41.740071]]]}},{"type":"Feature","properties":{"label":null,"hover_name":null},"geometry":{"type":"Polygon","coordinates":[[[-87.764848,41.877721],[-87.764819,41.87663],[-87.764835,41.876607],[-87.764865,41.876606],[-87.76486,41.876462],[-87.76481,41.876439],[-87.764669,41.872924],[-87.764728,41.872925],[-87.76471,41.872437],[-87.764738,41.87189],[-87.764797,41.871806],[-87.765119,41.871675],[-87.766178,41.871296],[-87.766427,41.87123],[-87.766833,41.871157],[-87.767373,41.871096],[-87.767713,41.87108],[-87.768406,41.871074],[-87.771732,41.871177],[-87.773577,41.871268],[-87.773597,41.871283],[-87.774209,41.871298],[-87.774346,41.873392],[-87.774404,41.875005],[-87.774429,41.876316],[-87.774405,41.876342],[-87.774408,41.876506],[-87.774438,41.876539],[-87.774462,41.876835],[-87.77449,41.877531],[-87.774472,41.877556],[-87.774441,41.877569],[-87.769786,41.877641],[-87.769744,41.877627],[-87.769736,41.877591],[-87.769588,41.877593],[-87.769587,41.877623],[-87.769552,41.877643],[-87.764848,41.877721]]]}},{"type":"Feature","properties":{"label":null,"hover_name":null},"geometry":{"type":"MultiPolygon","coordinates":[[[[-87.665232,41.882426],[-87.66582,41.882416],[-87.665833,41.882426],[-87.665823,41.882441],[-87.665327,41.882608],[-87.664942,41.882721],[-87.664942,41.882702],[-87.665232,41.882426]]],[[[-87.665035,41.882958],[-87.664861,41.882961],[-87.664743,41.882988],[-87.664665,41.88302],[-87.664577,41.883088],[-87.664548,41.883072],[-87.66472,41.882917],[-87.665034,41.882851],[-87.665915,41.882568],[-87.666205,41.882497],[-87.666635,41.882468],[-87.666675,41.882488],[-87.666709,41.883213],[-87.666677,41.883238],[-87.666255,41.88324],[-87.665966,41.883206],[-87.665147,41.882978],[-87.665035,41.882958]]],[[[-87.663793,41.884036],[-87.664652,41.883176],[-87.664784,41.883108],[-87.664946,41.883076],[-87.665131,41.883096],[-87.665772,41.883285],[-87.66604,41.883345],[-87.666232,41.883366],[-87.666694,41.883376],[-87.666716,41.8834],[-87.666746,41.884634],[-87.666766,41.884831],[-87.666765,41.885266],[-87.665358,41.88529],[-87.663591,41.884216],[-87.663593,41.884179],[-87.663793,41.884036]]]]}},{"type":"Feature","properties":{"label":null,"hover_name":null},"geometry":{"type":"Polygon","coordinates":[[[-87.65953,41.880238],[-87.659492,41.87908],[-87.662047,41.879037],[-87.66208,41.880203],[-87.65953,41.880238]]]}},{"type":"Feature","properties":{"label":null,"hover_name":null},"geometry":{"type":"Polygon","coordinates":[[[-87.777675,41.781369],[-87.777631,41.781304],[-87.777609,41.781079],[-87.777562,41.780875],[-87.77752,41.780782],[-87.777483,41.780496],[-87.777695,41.780311],[-87.777668,41.779626],[-87.777702,41.779623],[-87.777727,41.779594],[-87.777682,41.778229],[-87.779987,41.77818],[-87.780007,41.77819],[-87.780113,41.7813],[-87.780064,41.781323],[-87.779964,41.781325],[-87.779945,41.781305],[-87.779467,41.781314],[-87.779485,41.781335],[-87.779405,41.781336],[-87.779383,41.781316],[-87.779136,41.78132],[-87.779158,41.781341],[-87.778746,41.78135],[-87.778721,41.78133],[-87.777938,41.781345],[-87.777965,41.781364],[-87.777675,41.781369]]]}},{"type":"Feature","properties":{"label":null,"hover_name":null},"geometry":{"type":"Polygon","coordinates":[[[-87.716262,41.849891],[-87.717295,41.84988],[-87.717316,41.849906],[-87.717327,41.850284],[-87.716257,41.850524],[-87.716237,41.850481],[-87.716225,41.849921],[-87.716262,41.849891]]]}},{"type":"Feature","properties":{"label":null,"hover_name":null},"geometry":{"type":"Polygon","coordinates":[[[-87.671137,41.85595],[-87.675832,41.855888],[-87.675874,41.855912],[-87.675914,41.857563],[-87.675874,41.857603],[-87.671209,41.857664],[-87.671159,41.857635],[-87.671122,41.855964],[-87.671137,41.85595]]]}},{"type":"Feature","properties":{"label":null,"hover_name":null},"geometry":{"type":"Polygon","coordinates":[[[-87.674915,41.907229],[-87.677103,41.90719],[-87.67725,41.907192],[-87.677279,41.907203],[-87.677296,41.907227],[-87.67733,41.908804],[-87.677274,41.908815],[-87.67489,41.90729],[-87.674887,41.907242],[-87.674915,41.907229]]]}},{"type":"Feature","properties":{"label":null,"hover_name":null},"geometry":{"type":"Polygon","coordinates":[[[-87.661136,41.872072],[-87.661062,41.872077],[-87.660983,41.872121],[-87.6609,41.872142],[-87.658157,41.87218],[-87.658124,41.87214],[-87.658097,41.871361],[-87.65813,41.871342],[-87.660068,41.87131],[-87.660123,41.871302],[-87.660188,41.871269],[-87.66022,41.871187],[-87.661619,41.871165],[-87.661649,41.872092],[-87.661603,41.872092],[-87.661608,41.872243],[-87.661232,41.872248],[-87.661218,41.872117],[-87.661136,41.872072]]]}},{"type":"Feature","properties":{"label":null,"hover_name":null},"geometry":{"type":"Polygon","coordinates":[[[-87.596018,41.800232],[-87.596597,41.800233],[-87.596606,41.800593],[-87.596,41.8006],[-87.595992,41.800251],[-87.596018,41.800232]]]}},{"type":"Feature","properties":{"label":null,"hover_name":null},"geometry":{"type":"Polygon","coordinates":[[[-87.653177,41.853914],[-87.653874,41.853917],[-87.653935,41.853893],[-87.653966,41.853855],[-87.653955,41.85382],[-87.65391,41.853789],[-87.653872,41.852604],[-87.654631,41.852606],[-87.654652,41.852694],[-87.654625,41.852716],[-87.654654,41.853758],[-87.654649,41.853788],[-87.654599,41.853831],[-87.654658,41.853896],[-87.654691,41.855168],[-87.653206,41.85519],[-87.653163,41.853941],[-87.653177,41.853914]]]}},{"type":"Feature","properties":{"label":null,"hover_name":null},"geometry":{"type":"Polygon","coordinates":[[[-87.662807,41.906995],[-87.66275,41.905269],[-87.662778,41.905253],[-87.663805,41.905241],[-87.663815,41.9053],[-87.663784,41.905314],[-87.66382,41.906456],[-87.663843,41.906444],[-87.663845,41.906515],[-87.663818,41.906529],[-87.663829,41.906918],[-87.663854,41.906907],[-87.663852,41.906986],[-87.663822,41.907001],[-87.662825,41.907016],[-87.662807,41.906995]]]}},{"type":"Feature","properties":{"label":null,"hover_name":null},"geometry":{"type":"MultiPolygon","coordinates":[[[[-87.70312,41.899162],[-87.703077,41.899131],[-87.703062,41.898391],[-87.703145,41.89838],[-87.703799,41.898374],[-87.703815,41.898398],[-87.703829,41.899148],[-87.70312,41.899162]]],[[[-87.698254,41.902983],[-87.698222,41.902996],[-87.698268,41.902982],[-87.701974,41.902946],[-87.701962,41.902804],[-87.701904,41.902779],[-87.701885,41.902742],[-87.701792,41.899359],[-87.701827,41.899319],[-87.706156,41.899275],[-87.706569,41.899282],[-87.706589,41.899315],[-87.706617,41.899863],[-87.706688,41.902106],[-87.706694,41.902706],[-87.70666,41.902747],[-87.706685,41.902755],[-87.706732,41.903514],[-87.706802,41.905759],[-87.706808,41.906398],[-87.706784,41.906438],[-87.706804,41.906411],[-87.706868,41.907774],[-87.706901,41.909352],[-87.705721,41.90937],[-87.705574,41.90948],[-87.705583,41.910027],[-87.701999,41.910063],[-87.701968,41.910051],[-87.701992,41.910062],[-87.701999,41.910063],[-87.697254,41.910116],[-87.697161,41.910103],[-87.697144,41.910074],[-87.697119,41.908714],[-87.697092,41.908299],[-87.697103,41.908319],[-87.697118,41.908328],[-87.697101,41.908303],[-87.696979,41.903034],[-87.697029,41.903001],[-87.698254,41.902983]],[[-87.706785,41.906527],[-87.706791,41.90653],[-87.706788,41.906527],[-87.706785,41.906527]],[[-87.697128,41.908467],[-87.697139,41.908462],[-87.697119,41.908476],[-87.697128,41.908467]]]]}},{"type":"Feature","properties":{"label":null,"hover_name":null},"geometry":{"type":"Polygon","coordinates":[[[-87.632105,41.668865],[-87.633777,41.668852],[-87.633792,41.668896],[-87.633836,41.670046],[-87.633807,41.670046],[-87.633812,41.670184],[-87.633796,41.670184],[-87.63381,41.670581],[-87.629767,41.670625],[-87.629721,41.670609],[-87.629648,41.669331],[-87.629638,41.668973],[-87.629672,41.668914],[-87.629882,41.6689],[-87.631558,41.668887],[-87.632105,41.668865]]]}},{"type":"Feature","properties":{"label":null,"hover_name":null},"geometry":{"type":"Polygon","coordinates":[[[-87.699463,41.988625],[-87.699458,41.988485],[-87.702921,41.988465],[-87.702918,41.98849],[-87.702888,41.988515],[-87.702886,41.988599],[-87.702927,41.988634],[-87.702979,41.990229],[-87.702968,41.990332],[-87.70294,41.990342],[-87.701104,41.990352],[-87.700255,41.990327],[-87.699536,41.990331],[-87.699502,41.99032],[-87.699483,41.990283],[-87.699422,41.988646],[-87.699463,41.988625]]]}},{"type":"Feature","properties":{"label":null,"hover_name":null},"geometry":{"type":"MultiPolygon","coordinates":[[[[-87.668231,41.989515],[-87.668673,41.989509],[-87.668686,41.989889],[-87.668244,41.989894],[-87.668231,41.989515]]],[[[-87.667635,41.98991],[-87.66762,41.989478],[-87.667559,41.989479],[-87.667525,41.98829],[-87.669776,41.989664],[-87.669808,41.989707],[-87.669813,41.989851],[-87.669791,41.989879],[-87.669101,41.989891],[-87.66907,41.98987],[-87.669065,41.989683],[-87.668711,41.989465],[-87.667938,41.989474],[-87.667901,41.989519],[-87.66791,41.989894],[-87.667896,41.989907],[-87.667635,41.98991]]],[[[-87.668905,41.98998],[-87.669126,41.989977],[-87.669139,41.990345],[-87.668918,41.990347],[-87.668905,41.98998]]],[[[-87.667649,41.990362],[-87.667631,41.990042],[-87.667648,41.990013],[-87.66768,41.989999],[-87.668022,41.989995],[-87.668038,41.990358],[-87.667649,41.990362]]],[[[-87.667709,41.990406],[-87.669361,41.990386],[-87.66937,41.990751],[-87.669354,41.990764],[-87.667691,41.990791],[-87.667651,41.990751],[-87.667642,41.990424],[-87.667709,41.990406]]]]}},{"type":"Feature","properties":{"label":null,"hover_name":null},"geometry":{"type":"Polygon","coordinates":[[[-87.694656,41.954389],[-87.694707,41.954095],[-87.695504,41.954108],[-87.698107,41.954091],[-87.698151,41.954112],[-87.698185,41.954638],[-87.698384,41.96115],[-87.698372,41.961176],[-87.698327,41.961199],[-87.694973,41.961214],[-87.694914,41.960224],[-87.694944,41.959894],[-87.694814,41.959099],[-87.694742,41.958863],[-87.694665,41.958419],[-87.69458,41.957792],[-87.694553,41.957066],[-87.694639,41.955726],[-87.694596,41.955136],[-87.694662,41.954747],[-87.694656,41.954389]]]}},{"type":"Feature","properties":{"label":null,"hover_name":null},"geometry":{"type":"Polygon","coordinates":[[[-87.824217,41.944996],[-87.824135,41.943195],[-87.824163,41.943165],[-87.828869,41.943066],[-87.82893,41.943095],[-87.828937,41.943309],[-87.8289,41.943362],[-87.828821,41.943408],[-87.827252,41.944161],[-87.825781,41.944811],[-87.825375,41.94497],[-87.825199,41.945002],[-87.824261,41.945017],[-87.824217,41.944996]]]}},{"type":"Feature","properties":{"label":null,"hover_name":null},"geometry":{"type":"Polygon","coordinates":[[[-87.729268,41.836738],[-87.729199,41.833279],[-87.729256,41.833267],[-87.732167,41.83323],[-87.732202,41.834884],[-87.732175,41.834884],[-87.732178,41.835065],[-87.732207,41.835065],[-87.732234,41.836342],[-87.732263,41.836341],[-87.73227,41.836739],[-87.729308,41.836769],[-87.729268,41.836738]]]}},{"type":"Feature","properties":{"label":null,"hover_name":null},"geometry":{"type":"Polygon","coordinates":[[[-87.699005,41.933387],[-87.699466,41.933384],[-87.699474,41.933629],[-87.699456,41.933666],[-87.699441,41.933674],[-87.699005,41.933387]]]}},{"type":"Feature","properties":{"label":null,"hover_name":null},"geometry":{"type":"Polygon","coordinates":[[[-87.577359,41.758804],[-87.577321,41.757113],[-87.579682,41.757086],[-87.579714,41.757113],[-87.579752,41.757806],[-87.579749,41.758342],[-87.57971,41.758384],[-87.579723,41.758437],[-87.579766,41.758464],[-87.579827,41.758467],[-87.57988,41.75844],[-87.579897,41.758391],[-87.58097,41.758385],[-87.580979,41.758744],[-87.580953,41.758766],[-87.577359,41.758804]]]}},{"type":"Feature","properties":{"label":null,"hover_name":null},"geometry":{"type":"Polygon","coordinates":[[[-87.564996,41.746953],[-87.565009,41.746888],[-87.563803,41.746907],[-87.563789,41.746898],[-87.563783,41.746383],[-87.563827,41.746359],[-87.564787,41.746346],[-87.566026,41.746332],[-87.566075,41.746355],[-87.566088,41.746915],[-87.565522,41.746922],[-87.565522,41.746947],[-87.564996,41.746953]]]}},{"type":"Feature","properties":{"label":null,"hover_name":null},"geometry":{"type":"Polygon","coordinates":[[[-87.747662,41.802127],[-87.750235,41.802092],[-87.750271,41.802103],[-87.750291,41.802128],[-87.750336,41.803805],[-87.750311,41.803834],[-87.746824,41.803893],[-87.746788,41.803879],[-87.746773,41.803842],[-87.746783,41.803667],[-87.746753,41.802543],[-87.74767,41.802531],[-87.747662,41.802127]]]}},{"type":"Feature","properties":{"label":null,"hover_name":null},"geometry":{"type":"Polygon","coordinates":[[[-87.589755,41.799012],[-87.589739,41.798282],[-87.589715,41.798282],[-87.589716,41.79813],[-87.590284,41.798123],[-87.590285,41.798154],[-87.590339,41.798154],[-87.590357,41.798993],[-87.590305,41.799005],[-87.589755,41.799012]]]}},{"type":"Feature","properties":{"label":null,"hover_name":null},"geometry":{"type":"Polygon","coordinates":[[[-87.647497,41.721293],[-87.647444,41.719333],[-87.649762,41.719304],[-87.649977,41.719305],[-87.649997,41.719316],[-87.650011,41.719342],[-87.649899,41.719635],[-87.649845,41.719627],[-87.649783,41.719802],[-87.649823,41.719811],[-87.649835,41.719843],[-87.649826,41.719853],[-87.649767,41.719842],[-87.6497,41.720013],[-87.649755,41.720026],[-87.649738,41.720073],[-87.649682,41.720058],[-87.64962,41.720223],[-87.649681,41.720235],[-87.649666,41.720271],[-87.649614,41.720263],[-87.649597,41.720298],[-87.649647,41.720307],[-87.649649,41.720331],[-87.649634,41.720343],[-87.649582,41.720329],[-87.649535,41.720458],[-87.649591,41.720471],[-87.649566,41.720541],[-87.649508,41.72053],[-87.649417,41.720783],[-87.649474,41.720795],[-87.649465,41.720821],[-87.649407,41.720811],[-87.649335,41.721003],[-87.649394,41.721015],[-87.649385,41.721038],[-87.649328,41.721028],[-87.649297,41.721101],[-87.649357,41.721115],[-87.649349,41.721138],[-87.64929,41.721128],[-87.649258,41.721205],[-87.649321,41.721216],[-87.649289,41.721274],[-87.648202,41.721295],[-87.647497,41.721293]]]}},{"type":"Feature","properties":{"label":null,"hover_name":null},"geometry":{"type":"Polygon","coordinates":[[[-87.647612,41.701377],[-87.647455,41.70136],[-87.64642,41.701376],[-87.646369,41.701358],[-87.646315,41.699782],[-87.646326,41.699669],[-87.646389,41.699654],[-87.649252,41.699627],[-87.649285,41.699672],[-87.649336,41.701499],[-87.647585,41.70151],[-87.647584,41.701466],[-87.647612,41.701442],[-87.647612,41.701377]]]}},{"type":"Feature","properties":{"label":null,"hover_name":null},"geometry":{"type":"Polygon","coordinates":[[[-87.573298,41.7335],[-87.575517,41.733473],[-87.575561,41.73351],[-87.575636,41.736478],[-87.575628,41.736972],[-87.575613,41.736987],[-87.575563,41.73699],[-87.573382,41.737022],[-87.573361,41.736997],[-87.573265,41.733518],[-87.573298,41.7335]]]}},{"type":"Feature","properties":{"label":null,"hover_name":null},"geometry":{"type":"Polygon","coordinates":[[[-87.779282,41.790032],[-87.779237,41.788786],[-87.779297,41.788784],[-87.77923,41.786966],[-87.779248,41.786947],[-87.781506,41.786892],[-87.781531,41.786924],[-87.781634,41.789806],[-87.780233,41.789835],[-87.780239,41.790013],[-87.779282,41.790032]]]}},{"type":"Feature","properties":{"label":null,"hover_name":null},"geometry":{"type":"Polygon","coordinates":[[[-87.67316,41.747457],[-87.673104,41.745241],[-87.673599,41.745236],[-87.6736,41.745258],[-87.675295,41.745243],[-87.67531,41.745259],[-87.67534,41.746556],[-87.675449,41.746554],[-87.67545,41.746575],[-87.67778,41.74655],[-87.677803,41.747455],[-87.675456,41.747481],[-87.675431,41.747465],[-87.675355,41.747457],[-87.673193,41.747477],[-87.67316,41.747457]]]}},{"type":"Feature","properties":{"label":null,"hover_name":null},"geometry":{"type":"Polygon","coordinates":[[[-87.694939,42.015328],[-87.692658,42.015382],[-87.692645,42.015359],[-87.692668,42.013087],[-87.692601,42.013027],[-87.692603,42.012871],[-87.694922,42.012819],[-87.694916,42.013123],[-87.694944,42.013138],[-87.697216,42.01309],[-87.697257,42.01309],[-87.69728,42.013105],[-87.69725,42.014817],[-87.697186,42.014831],[-87.697186,42.014847],[-87.694945,42.014897],[-87.694939,42.015328]]]}},{"type":"Feature","properties":{"label":null,"hover_name":null},"geometry":{"type":"Polygon","coordinates":[[[-87.695602,41.742519],[-87.695492,41.738955],[-87.695631,41.738893],[-87.695829,41.738832],[-87.696203,41.738748],[-87.696331,41.738728],[-87.696348,41.738736],[-87.696833,41.738698],[-87.697164,41.738707],[-87.697501,41.738746],[-87.697794,41.738806],[-87.698163,41.738913],[-87.698255,41.742485],[-87.698207,41.74251],[-87.697706,41.74252],[-87.697685,41.74178],[-87.69613,41.741808],[-87.696151,41.742545],[-87.695647,41.742555],[-87.695619,41.742544],[-87.695602,41.742519]]]}},{"type":"Feature","properties":{"label":null,"hover_name":null},"geometry":{"type":"Polygon","coordinates":[[[-87.674231,41.786556],[-87.674195,41.786535],[-87.67408,41.782197],[-87.674106,41.782185],[-87.674621,41.782178],[-87.674621,41.782148],[-87.675776,41.78214],[-87.675798,41.782963],[-87.675857,41.782962],[-87.675912,41.786547],[-87.674231,41.786556]]]}},{"type":"Feature","properties":{"label":null,"hover_name":null},"geometry":{"type":"Polygon","coordinates":[[[-87.606128,41.70752],[-87.606256,41.707528],[-87.606347,41.707574],[-87.606375,41.70763],[-87.606204,41.708481],[-87.605774,41.710358],[-87.60184,41.71042],[-87.601757,41.707592],[-87.606128,41.70752]]]}},{"type":"Feature","properties":{"label":null,"hover_name":null},"geometry":{"type":"Polygon","coordinates":[[[-87.78203,41.96652],[-87.782036,41.965149],[-87.783133,41.965132],[-87.783132,41.965158],[-87.7867,41.96511],[-87.786687,41.966456],[-87.786673,41.966493],[-87.786564,41.966498],[-87.786538,41.966472],[-87.786061,41.966479],[-87.786052,41.966506],[-87.785684,41.966511],[-87.785658,41.966488],[-87.785048,41.966495],[-87.785077,41.966519],[-87.78486,41.966522],[-87.784832,41.966498],[-87.784292,41.966506],[-87.784317,41.966529],[-87.784014,41.966533],[-87.783988,41.966509],[-87.783703,41.966517],[-87.783723,41.966538],[-87.783646,41.966539],[-87.783623,41.966516],[-87.783243,41.966518],[-87.783277,41.966544],[-87.782965,41.966548],[-87.782942,41.966523],[-87.782544,41.966525],[-87.782154,41.966534],[-87.78218,41.966555],[-87.782073,41.966556],[-87.78203,41.96652]]]}},{"type":"Feature","properties":{"label":null,"hover_name":null},"geometry":{"type":"Polygon","coordinates":[[[-87.728178,41.774801],[-87.728135,41.773134],[-87.727552,41.77313],[-87.727512,41.771407],[-87.727569,41.771375],[-87.729767,41.771346],[-87.729861,41.774891],[-87.728199,41.774908],[-87.728178,41.774801]]]}},{"type":"Feature","properties":{"label":null,"hover_name":null},"geometry":{"type":"Polygon","coordinates":[[[-87.672512,42.014366],[-87.674433,42.014326],[-87.674362,42.013824],[-87.674747,42.013819],[-87.674764,42.01384],[-87.675014,42.015356],[-87.672906,42.015396],[-87.672881,42.015419],[-87.67289,42.015885],[-87.672875,42.015902],[-87.672542,42.015906],[-87.672482,42.014388],[-87.672512,42.014366]]]}},{"type":"Feature","properties":{"label":null,"hover_name":null},"geometry":{"type":"Polygon","coordinates":[[[-87.731526,41.785911],[-87.73158,41.787668],[-87.732678,41.787656],[-87.732679,41.787668],[-87.732723,41.787672],[-87.732743,41.787689],[-87.732797,41.789407],[-87.732765,41.789437],[-87.730515,41.789466],[-87.730465,41.789435],[-87.730409,41.78771],[-87.730475,41.787682],[-87.730997,41.787676],[-87.730955,41.786286],[-87.730926,41.786286],[-87.730914,41.785919],[-87.731526,41.785911]]]}},{"type":"Feature","properties":{"label":null,"hover_name":null},"geometry":{"type":"Polygon","coordinates":[[[-87.536519,41.686971],[-87.536519,41.686442],[-87.536498,41.686383],[-87.536538,41.686295],[-87.53653,41.684665],[-87.536545,41.68464],[-87.536589,41.684627],[-87.537453,41.684627],[-87.539951,41.684636],[-87.539987,41.684648],[-87.540005,41.684675],[-87.540009,41.685314],[-87.53998,41.686992],[-87.539969,41.686971],[-87.536602,41.686962],[-87.536602,41.686971],[-87.536519,41.686971]]]}},{"type":"Feature","properties":{"label":null,"hover_name":null},"geometry":{"type":"Polygon","coordinates":[[[-87.629416,41.744864],[-87.629494,41.744579],[-87.631712,41.74455],[-87.631688,41.743631],[-87.632577,41.743618],[-87.632596,41.744334],[-87.634074,41.744311],[-87.634104,41.745588],[-87.629316,41.745652],[-87.629312,41.745489],[-87.629202,41.745491],[-87.629197,41.74531],[-87.629307,41.745308],[-87.629288,41.744571],[-87.629409,41.744601],[-87.629416,41.744864]]]}},{"type":"Feature","properties":{"label":null,"hover_name":null},"geometry":{"type":"Polygon","coordinates":[[[-87.733976,41.805871],[-87.733855,41.802323],[-87.733867,41.802308],[-87.735552,41.802286],[-87.735595,41.802329],[-87.735686,41.805809],[-87.735663,41.805829],[-87.735558,41.805851],[-87.733976,41.805871]]]}},{"type":"Feature","properties":{"label":null,"hover_name":null},"geometry":{"type":"Polygon","coordinates":[[[-87.683057,41.916175],[-87.68435,41.916154],[-87.684367,41.916456],[-87.68304,41.916482],[-87.683033,41.916208],[-87.683057,41.916175]]]}},{"type":"Feature","properties":{"label":null,"hover_name":null},"geometry":{"type":"Polygon","coordinates":[[[-87.711907,41.691334],[-87.711845,41.68977],[-87.710579,41.68979],[-87.710534,41.688719],[-87.710562,41.688676],[-87.715195,41.688592],[-87.715289,41.688569],[-87.715344,41.688514],[-87.715167,41.684139],[-87.715246,41.684106],[-87.716891,41.684083],[-87.716925,41.684104],[-87.716931,41.684291],[-87.717382,41.68428],[-87.717379,41.684095],[-87.717434,41.684078],[-87.71986,41.68404],[-87.719943,41.684081],[-87.719998,41.685279],[-87.715751,41.685372],[-87.715823,41.68783],[-87.717825,41.687798],[-87.717902,41.689705],[-87.71771,41.689707],[-87.71771,41.689667],[-87.717505,41.689672],[-87.717506,41.689705],[-87.716966,41.689728],[-87.71693,41.689742],[-87.715395,41.689774],[-87.715455,41.691251],[-87.715391,41.691252],[-87.715392,41.691283],[-87.711907,41.691334]]]}},{"type":"Feature","properties":{"label":null,"hover_name":null},"geometry":{"type":"Polygon","coordinates":[[[-87.68522,41.706484],[-87.685324,41.709904],[-87.68359,41.709924],[-87.683496,41.706858],[-87.683554,41.706857],[-87.683553,41.706814],[-87.683523,41.706813],[-87.683513,41.706471],[-87.684406,41.706492],[-87.68522,41.706484]]]}},{"type":"Feature","properties":{"label":null,"hover_name":null},"geometry":{"type":"MultiPolygon","coordinates":[[[[-87.596974,41.653747],[-87.596888,41.65367],[-87.596902,41.653122],[-87.596791,41.652931],[-87.596714,41.652841],[-87.596456,41.652626],[-87.596352,41.652495],[-87.596304,41.652347],[-87.5963,41.65198],[-87.598396,41.651977],[-87.598405,41.651908],[-87.600073,41.651921],[-87.600162,41.651929],[-87.600194,41.65195],[-87.600163,41.653577],[-87.600193,41.653645],[-87.599901,41.653707],[-87.599633,41.653738],[-87.596974,41.653747]]],[[[-87.599298,41.655709],[-87.599377,41.655614],[-87.599445,41.655644],[-87.599495,41.655549],[-87.599447,41.655512],[-87.599448,41.655453],[-87.599414,41.655411],[-87.599367,41.655393],[-87.599399,41.655347],[-87.59943,41.655347],[-87.599494,41.655241],[-87.599135,41.655092],[-87.59909,41.654915],[-87.599443,41.654406],[-87.599436,41.653836],[-87.59981,41.653817],[-87.600221,41.653735],[-87.600545,41.654556],[-87.600538,41.655188],[-87.600303,41.655179],[-87.600335,41.655833],[-87.599472,41.65585],[-87.599374,41.655901],[-87.599237,41.6559],[-87.599356,41.655754],[-87.599298,41.655709]]]]}},{"type":"Feature","properties":{"label":null,"hover_name":null},"geometry":{"type":"Polygon","coordinates":[[[-87.784105,41.952868],[-87.784033,41.951163],[-87.786356,41.951129],[-87.786392,41.951145],[-87.786462,41.952816],[-87.786443,41.952839],[-87.784105,41.952868]]]}},{"type":"Feature","properties":{"label":null,"hover_name":null},"geometry":{"type":"MultiPolygon","coordinates":[[[[-87.780033,42.008662],[-87.779367,42.007884],[-87.779402,42.007868],[-87.779042,42.007443],[-87.779903,42.007041],[-87.779626,42.006722],[-87.779146,42.006942],[-87.778838,42.006583],[-87.780021,42.006031],[-87.780693,42.006835],[-87.780895,42.00716],[-87.781001,42.00713],[-87.781311,42.007635],[-87.781669,42.008095],[-87.780651,42.008576],[-87.780525,42.008428],[-87.780033,42.008662]]],[[[-87.779941,42.009306],[-87.780777,42.00891],[-87.780872,42.008979],[-87.780877,42.009027],[-87.780904,42.009058],[-87.780067,42.009454],[-87.780038,42.00942],[-87.779972,42.009384],[-87.779941,42.009306]]]]}},{"type":"Feature","properties":{"label":null,"hover_name":null},"geometry":{"type":"Polygon","coordinates":[[[-87.725694,41.90172],[-87.726173,41.901716],[-87.726189,41.902187],[-87.725708,41.902199],[-87.725694,41.90172]]]}},{"type":"Feature","properties":{"label":null,"hover_name":null},"geometry":{"type":"MultiPolygon","coordinates":[[[[-87.621329,41.71636],[-87.621349,41.717215],[-87.620672,41.717226],[-87.620671,41.71721],[-87.620672,41.717228],[-87.620586,41.71723],[-87.620571,41.716391],[-87.620632,41.716367],[-87.621329,41.71636]]],[[[-87.621899,41.719028],[-87.62186,41.717207],[-87.622783,41.717191],[-87.623405,41.718962],[-87.623522,41.719416],[-87.623593,41.720006],[-87.623625,41.721547],[-87.623593,41.721586],[-87.622873,41.721649],[-87.620763,41.721684],[-87.620723,41.721678],[-87.620685,41.72165],[-87.620629,41.719049],[-87.621899,41.719028]]]]}},{"type":"Feature","properties":{"label":null,"hover_name":null},"geometry":{"type":"Polygon","coordinates":[[[-87.693021,41.819475],[-87.691825,41.818263],[-87.691293,41.818556],[-87.691262,41.818518],[-87.691246,41.817912],[-87.691408,41.817909],[-87.691461,41.81789],[-87.691859,41.817886],[-87.691948,41.817834],[-87.692004,41.817825],[-87.692085,41.817871],[-87.693266,41.817853],[-87.693268,41.817891],[-87.693851,41.817882],[-87.693866,41.818356],[-87.694434,41.818355],[-87.694451,41.819233],[-87.694422,41.819244],[-87.693191,41.819255],[-87.693194,41.819363],[-87.693021,41.819475]]]}},{"type":"Feature","properties":{"label":null,"hover_name":null},"geometry":{"type":"Polygon","coordinates":[[[-87.626947,41.842467],[-87.627731,41.842466],[-87.62772,41.84286],[-87.627756,41.842866],[-87.627751,41.842669],[-87.627843,41.842318],[-87.627948,41.842138],[-87.628073,41.842035],[-87.62825,41.841959],[-87.628419,41.841916],[-87.628625,41.841868],[-87.628845,41.841842],[-87.629065,41.841843],[-87.629299,41.84191],[-87.629409,41.841966],[-87.629606,41.842006],[-87.629665,41.844231],[-87.629055,41.844241],[-87.629033,41.842814],[-87.628197,41.842825],[-87.628208,41.843132],[-87.627967,41.843032],[-87.627916,41.842988],[-87.627888,41.842878],[-87.627734,41.842888],[-87.627732,41.84302],[-87.62696,41.843033],[-87.626947,41.842467]]]}},{"type":"Feature","properties":{"label":null,"hover_name":null},"geometry":{"type":"Polygon","coordinates":[[[-87.734854,41.741484],[-87.734816,41.741287],[-87.734868,41.74125],[-87.735219,41.741268],[-87.735657,41.741346],[-87.736509,41.741331],[-87.736533,41.741988],[-87.73558,41.741993],[-87.735353,41.741968],[-87.734985,41.7419],[-87.734948,41.74187],[-87.734924,41.741692],[-87.734854,41.741484]]]}},{"type":"Feature","properties":{"label":null,"hover_name":null},"geometry":{"type":"Polygon","coordinates":[[[-87.627683,41.827348],[-87.626585,41.827355],[-87.626548,41.82563],[-87.626616,41.825622],[-87.626614,41.825532],[-87.62758,41.82552],[-87.627638,41.825567],[-87.627683,41.827348]]]}},{"type":"Feature","properties":{"label":null,"hover_name":null},"geometry":{"type":"Polygon","coordinates":[[[-87.618838,41.841965],[-87.618769,41.841963],[-87.618725,41.840231],[-87.619712,41.840219],[-87.619698,41.839676],[-87.619523,41.839678],[-87.619493,41.838487],[-87.619453,41.838488],[-87.619453,41.838467],[-87.62182,41.838437],[-87.621911,41.841924],[-87.621887,41.841951],[-87.620458,41.841964],[-87.620235,41.841982],[-87.618878,41.841998],[-87.61885,41.84199],[-87.618838,41.841965]]]}},{"type":"Feature","properties":{"label":null,"hover_name":null},"geometry":{"type":"Polygon","coordinates":[[[-87.66159,41.863345],[-87.66154,41.863335],[-87.661494,41.861618],[-87.661506,41.861593],[-87.661532,41.861582],[-87.66378,41.861555],[-87.663816,41.862301],[-87.663796,41.862343],[-87.663713,41.862417],[-87.663692,41.862486],[-87.66374,41.862584],[-87.6638,41.86262],[-87.66389,41.862638],[-87.663925,41.863298],[-87.66159,41.863345]]]}},{"type":"Feature","properties":{"label":null,"hover_name":null},"geometry":{"type":"Polygon","coordinates":[[[-87.611257,41.838461],[-87.610462,41.836634],[-87.611239,41.836644],[-87.613392,41.836618],[-87.613416,41.837729],[-87.611802,41.837753],[-87.611825,41.838444],[-87.611257,41.838461]]]}},{"type":"Feature","properties":{"label":null,"hover_name":null},"geometry":{"type":"Polygon","coordinates":[[[-87.719396,41.745469],[-87.719461,41.745447],[-87.7212,41.745417],[-87.721199,41.745395],[-87.721624,41.745387],[-87.721637,41.745748],[-87.7216,41.745755],[-87.721611,41.746098],[-87.721649,41.746124],[-87.721719,41.74816],[-87.719486,41.748194],[-87.719396,41.745469]]]}},{"type":"Feature","properties":{"label":null,"hover_name":null},"geometry":{"type":"Polygon","coordinates":[[[-87.627233,41.809132],[-87.627218,41.808698],[-87.627807,41.808692],[-87.627783,41.807853],[-87.626162,41.807884],[-87.626126,41.806556],[-87.628149,41.806514],[-87.62816,41.806527],[-87.62815,41.806514],[-87.628234,41.806513],[-87.628355,41.806665],[-87.62842,41.80678],[-87.628483,41.807023],[-87.628525,41.809089],[-87.628476,41.809121],[-87.627262,41.809145],[-87.627233,41.809132]]]}},{"type":"Feature","properties":{"label":null,"hover_name":null},"geometry":{"type":"Polygon","coordinates":[[[-87.630954,41.713494],[-87.633052,41.713464],[-87.633078,41.714419],[-87.630967,41.714445],[-87.630934,41.713515],[-87.630954,41.713494]]]}},{"type":"Feature","properties":{"label":null,"hover_name":null},"geometry":{"type":"Polygon","coordinates":[[[-87.704632,42.006623],[-87.706825,42.006579],[-87.706791,42.008239],[-87.705815,42.008261],[-87.705814,42.008333],[-87.704597,42.008361],[-87.704632,42.006623]]]}},{"type":"Feature","properties":{"label":null,"hover_name":null},"geometry":{"type":"Polygon","coordinates":[[[-87.779459,41.977436],[-87.7783,41.977438],[-87.778226,41.977417],[-87.778265,41.975758],[-87.778303,41.975731],[-87.779485,41.975732],[-87.779527,41.975753],[-87.779506,41.977404],[-87.779459,41.977436]]]}},{"type":"Feature","properties":{"label":null,"hover_name":null},"geometry":{"type":"Polygon","coordinates":[[[-87.631454,41.82589],[-87.631423,41.825034],[-87.632406,41.825035],[-87.632497,41.825093],[-87.632705,41.825095],[-87.632699,41.825138],[-87.632718,41.825174],[-87.632772,41.825204],[-87.632824,41.825208],[-87.632837,41.82571],[-87.632746,41.825732],[-87.632717,41.825772],[-87.632719,41.825811],[-87.632504,41.825812],[-87.632413,41.825878],[-87.631454,41.82589]]]}},{"type":"Feature","properties":{"label":null,"hover_name":null},"geometry":{"type":"MultiPolygon","coordinates":[[[[-87.705678,41.982997],[-87.705572,41.982654],[-87.705509,41.982654],[-87.705112,41.981353],[-87.705169,41.981343],[-87.705114,41.981163],[-87.705057,41.981173],[-87.704556,41.979524],[-87.704613,41.979514],[-87.704609,41.979496],[-87.704562,41.979335],[-87.704512,41.979343],[-87.70402,41.9777],[-87.704081,41.9777],[-87.704055,41.977609],[-87.704028,41.977519],[-87.703966,41.977519],[-87.703583,41.976239],[-87.703642,41.976238],[-87.703529,41.975857],[-87.704721,41.97585],[-87.704938,41.977263],[-87.705031,41.97735],[-87.705049,41.977389],[-87.705066,41.977492],[-87.705154,41.977737],[-87.705185,41.977916],[-87.705722,41.9795],[-87.705789,41.979772],[-87.705999,41.980421],[-87.70604,41.980612],[-87.706121,41.980772],[-87.706222,41.981137],[-87.706263,41.981361],[-87.706314,41.981452],[-87.70634,41.981542],[-87.706376,41.981586],[-87.706449,41.981819],[-87.706473,41.982075],[-87.706879,41.982991],[-87.705678,41.982997]]],[[[-87.707201,41.983152],[-87.708141,41.983146],[-87.710299,41.990261],[-87.709279,41.990295],[-87.709212,41.989975],[-87.709094,41.989665],[-87.709075,41.989525],[-87.708782,41.988724],[-87.70858,41.987715],[-87.70833,41.986955],[-87.708258,41.986828],[-87.708198,41.986671],[-87.708058,41.986033],[-87.707532,41.984441],[-87.707368,41.983812],[-87.707227,41.983425],[-87.707201,41.983152]]],[[[-87.708444,41.990277],[-87.707462,41.990281],[-87.707369,41.990257],[-87.707197,41.990155],[-87.707175,41.990069],[-87.707226,41.990045],[-87.70725,41.989996],[-87.707195,41.989921],[-87.707762,41.989915],[-87.705723,41.983178],[-87.70672,41.983173],[-87.706801,41.983354],[-87.706998,41.984258],[-87.70707,41.984419],[-87.707187,41.984794],[-87.707562,41.985734],[-87.707623,41.985948],[-87.70766,41.986315],[-87.707632,41.986505],[-87.707772,41.986595],[-87.708013,41.987226],[-87.708186,41.987868],[-87.708268,41.988108],[-87.708291,41.988297],[-87.708361,41.988472],[-87.708407,41.988679],[-87.708538,41.988995],[-87.708641,41.989378],[-87.708653,41.989533],[-87.708737,41.989898],[-87.708868,41.9903],[-87.708444,41.990277]]]]}},{"type":"Feature","properties":{"label":null,"hover_name":null},"geometry":{"type":"MultiPolygon","coordinates":[[[[-87.703774,41.972042],[-87.70369,41.972042],[-87.703644,41.97187],[-87.70343,41.971418],[-87.703034,41.97069],[-87.70257,41.97003],[-87.70203,41.969398],[-87.702246,41.969396],[-87.701554,41.968601],[-87.702389,41.968594],[-87.702865,41.96912],[-87.702865,41.96909],[-87.702892,41.96912],[-87.702894,41.969176],[-87.703107,41.969389],[-87.703041,41.96939],[-87.7037,41.970107],[-87.703862,41.9704],[-87.703873,41.970787],[-87.704237,41.970784],[-87.704272,41.972037],[-87.704235,41.972089],[-87.703774,41.972091],[-87.703774,41.972042]]],[[[-87.702415,41.972103],[-87.701315,41.970331],[-87.701251,41.970332],[-87.701245,41.970187],[-87.701212,41.970142],[-87.701945,41.969806],[-87.702403,41.970321],[-87.70235,41.970323],[-87.70254,41.970537],[-87.702766,41.970893],[-87.702909,41.97115],[-87.702907,41.971173],[-87.703009,41.971291],[-87.703101,41.97145],[-87.703343,41.972003],[-87.703356,41.972094],[-87.702415,41.972103]]]]}},{"type":"Feature","properties":{"label":null,"hover_name":null},"geometry":{"type":"Polygon","coordinates":[[[-87.5927,41.79944],[-87.592678,41.799178],[-87.592788,41.799177],[-87.592788,41.799239],[-87.593047,41.799236],[-87.593044,41.799088],[-87.593168,41.799086],[-87.593166,41.798892],[-87.593368,41.79889],[-87.593346,41.798067],[-87.593458,41.798055],[-87.5935,41.79802],[-87.593511,41.797985],[-87.593458,41.796066],[-87.594171,41.796061],[-87.594161,41.79564],[-87.594095,41.79564],[-87.59409,41.795406],[-87.593447,41.795414],[-87.593449,41.795224],[-87.593496,41.7952],[-87.594831,41.795189],[-87.594862,41.795215],[-87.59487,41.79528],[-87.594929,41.797945],[-87.594874,41.797978],[-87.594397,41.797982],[-87.594271,41.79793],[-87.594271,41.797899],[-87.594238,41.797885],[-87.594165,41.797877],[-87.594098,41.797899],[-87.594074,41.797932],[-87.594072,41.798006],[-87.5941,41.79804],[-87.594157,41.798067],[-87.594044,41.798068],[-87.594056,41.798541],[-87.594007,41.798542],[-87.594008,41.798597],[-87.594229,41.798594],[-87.594238,41.798963],[-87.594567,41.798959],[-87.594578,41.799417],[-87.5927,41.79944]]]}},{"type":"Feature","properties":{"label":null,"hover_name":null},"geometry":{"type":"Polygon","coordinates":[[[-87.604337,41.804049],[-87.604306,41.803047],[-87.605066,41.803039],[-87.605069,41.803177],[-87.605236,41.803175],[-87.605242,41.803449],[-87.605755,41.803444],[-87.605749,41.803167],[-87.60632,41.803167],[-87.606342,41.804041],[-87.606317,41.804073],[-87.605732,41.804083],[-87.605682,41.804055],[-87.604439,41.804076],[-87.604337,41.804049]]]}},{"type":"Feature","properties":{"label":null,"hover_name":null},"geometry":{"type":"Polygon","coordinates":[[[-87.610773,41.657441],[-87.61126,41.657433],[-87.611404,41.657393],[-87.61148,41.657355],[-87.611577,41.657268],[-87.611638,41.657144],[-87.611644,41.656803],[-87.612221,41.656798],[-87.61225,41.659029],[-87.610853,41.659032],[-87.610773,41.658999],[-87.610747,41.658947],[-87.610736,41.657474],[-87.610773,41.657441]]]}},{"type":"Feature","properties":{"label":null,"hover_name":null},"geometry":{"type":"Polygon","coordinates":[[[-87.607947,41.740209],[-87.607944,41.739814],[-87.607812,41.739816],[-87.607795,41.738942],[-87.607473,41.738657],[-87.607437,41.737412],[-87.608023,41.737405],[-87.608049,41.738073],[-87.608106,41.738152],[-87.608112,41.738399],[-87.608506,41.738394],[-87.608508,41.738461],[-87.60897,41.738448],[-87.609043,41.738451],[-87.60908,41.738482],[-87.609134,41.740175],[-87.609117,41.740192],[-87.607947,41.740209]]]}},{"type":"Feature","properties":{"label":null,"hover_name":null},"geometry":{"type":"Polygon","coordinates":[[[-87.66125,41.933878],[-87.661236,41.933479],[-87.661325,41.93348],[-87.661381,41.9335],[-87.661459,41.933481],[-87.66213,41.93347],[-87.662146,41.933842],[-87.661771,41.933848],[-87.661772,41.93387],[-87.66125,41.933878]]]}},{"type":"Feature","properties":{"label":null,"hover_name":null},"geometry":{"type":"Polygon","coordinates":[[[-87.60044,41.797362],[-87.59976,41.797364],[-87.599728,41.795998],[-87.600834,41.795985],[-87.600844,41.79645],[-87.600774,41.79645],[-87.6007,41.796428],[-87.600659,41.79645],[-87.600668,41.796855],[-87.600647,41.796872],[-87.600435,41.796874],[-87.60044,41.797362]]]}},{"type":"Feature","properties":{"label":null,"hover_name":null},"geometry":{"type":"Polygon","coordinates":[[[-87.603332,41.796174],[-87.603777,41.796169],[-87.603793,41.796705],[-87.603344,41.796709],[-87.603332,41.796174]]]}},{"type":"Feature","properties":{"label":null,"hover_name":null},"geometry":{"type":"Polygon","coordinates":[[[-87.584739,41.79612],[-87.584735,41.795951],[-87.585367,41.795945],[-87.58537,41.796113],[-87.584739,41.79612]]]}},{"type":"Feature","properties":{"label":null,"hover_name":null},"geometry":{"type":"Polygon","coordinates":[[[-87.712321,41.929334],[-87.712806,41.929327],[-87.71284,41.930588],[-87.712339,41.930594],[-87.712315,41.929344],[-87.712321,41.929334]]]}},{"type":"Feature","properties":{"label":null,"hover_name":null},"geometry":{"type":"Polygon","coordinates":[[[-87.567486,41.770154],[-87.567479,41.769949],[-87.568154,41.769938],[-87.568186,41.76996],[-87.568188,41.770148],[-87.567486,41.770154]]]}},{"type":"Feature","properties":{"label":null,"hover_name":null},"geometry":{"type":"Polygon","coordinates":[[[-87.680687,41.84749],[-87.680679,41.847048],[-87.681337,41.847038],[-87.681461,41.847218],[-87.680719,41.847498],[-87.680687,41.84749]]]}},{"type":"Feature","properties":{"label":null,"hover_name":null},"geometry":{"type":"Polygon","coordinates":[[[-87.707472,41.753444],[-87.708251,41.753437],[-87.708279,41.754178],[-87.707473,41.754189],[-87.707446,41.753477],[-87.707472,41.753444]]]}},{"type":"Feature","properties":{"label":null,"hover_name":null},"geometry":{"type":"Polygon","coordinates":[[[-87.657703,41.970085],[-87.658323,41.97008],[-87.658327,41.970256],[-87.657708,41.970268],[-87.657703,41.970085]]]}},{"type":"Feature","properties":{"label":null,"hover_name":null},"geometry":{"type":"Polygon","coordinates":[[[-87.71307,41.789731],[-87.713169,41.793314],[-87.711035,41.793338],[-87.710964,41.793319],[-87.710945,41.792841],[-87.711002,41.792677],[-87.71098,41.792193],[-87.710923,41.792063],[-87.710901,41.791282],[-87.710956,41.791237],[-87.710947,41.790964],[-87.710891,41.790993],[-87.710889,41.79093],[-87.710938,41.790894],[-87.710931,41.790631],[-87.710887,41.790658],[-87.710881,41.790601],[-87.710932,41.790561],[-87.710925,41.790307],[-87.710879,41.79034],[-87.710875,41.79028],[-87.710921,41.790241],[-87.710915,41.789982],[-87.710866,41.790014],[-87.710855,41.789841],[-87.710898,41.789807],[-87.71102,41.789805],[-87.711103,41.789844],[-87.712822,41.789821],[-87.712861,41.789734],[-87.71307,41.789731]]]}},{"type":"Feature","properties":{"label":null,"hover_name":null},"geometry":{"type":"Polygon","coordinates":[[[-87.670787,41.774094],[-87.671299,41.774088],[-87.671305,41.774294],[-87.67079,41.7743],[-87.670787,41.774094]]]}},{"type":"Feature","properties":{"label":null,"hover_name":null},"geometry":{"type":"Polygon","coordinates":[[[-87.748577,41.814727],[-87.748556,41.813086],[-87.749447,41.813067],[-87.749477,41.813032],[-87.749465,41.812604],[-87.749991,41.812595],[-87.749992,41.81265],[-87.750514,41.812647],[-87.750563,41.812719],[-87.750654,41.812736],[-87.750715,41.812709],[-87.750738,41.812647],[-87.750756,41.812644],[-87.751275,41.812634],[-87.751262,41.812247],[-87.75178,41.812238],[-87.751799,41.812988],[-87.751818,41.81302],[-87.75186,41.813037],[-87.752969,41.813021],[-87.752977,41.813332],[-87.748577,41.814727]]]}},{"type":"Feature","properties":{"label":null,"hover_name":null},"geometry":{"type":"Polygon","coordinates":[[[-87.670409,42.017119],[-87.670462,42.0171],[-87.671014,42.017557],[-87.671015,42.01758],[-87.670416,42.017589],[-87.670399,42.017145],[-87.670409,42.017119]]]}},{"type":"Feature","properties":{"label":null,"hover_name":null},"geometry":{"type":"Polygon","coordinates":[[[-87.766845,41.784024],[-87.766854,41.784209],[-87.766458,41.784327],[-87.766155,41.784443],[-87.765807,41.784612],[-87.76556,41.784758],[-87.765282,41.784955],[-87.765042,41.785162],[-87.764855,41.785356],[-87.764589,41.785673],[-87.764417,41.785795],[-87.764244,41.78588],[-87.763956,41.785965],[-87.763746,41.785992],[-87.762132,41.786053],[-87.762092,41.785069],[-87.762108,41.785047],[-87.762667,41.784995],[-87.763375,41.784872],[-87.763754,41.784782],[-87.76569,41.784251],[-87.766234,41.784122],[-87.766845,41.784024]]]}},{"type":"Feature","properties":{"label":null,"hover_name":null},"geometry":{"type":"Polygon","coordinates":[[[-87.594641,41.777282],[-87.595327,41.777273],[-87.59533,41.777403],[-87.594644,41.777411],[-87.594641,41.777282]]]}},{"type":"Feature","properties":{"label":null,"hover_name":null},"geometry":{"type":"Polygon","coordinates":[[[-87.633935,41.728964],[-87.633904,41.727782],[-87.633957,41.727367],[-87.633926,41.726199],[-87.633838,41.725833],[-87.633771,41.725645],[-87.633731,41.725348],[-87.633673,41.723387],[-87.634731,41.723372],[-87.634755,41.723493],[-87.634735,41.723512],[-87.634751,41.724077],[-87.634773,41.724093],[-87.634773,41.724142],[-87.634752,41.72416],[-87.634768,41.724727],[-87.634789,41.724744],[-87.63479,41.724793],[-87.63477,41.724812],[-87.634782,41.725115],[-87.6348,41.725131],[-87.634795,41.725595],[-87.634814,41.72561],[-87.634816,41.725715],[-87.634798,41.725728],[-87.634816,41.72642],[-87.634838,41.726439],[-87.634839,41.726484],[-87.634819,41.726495],[-87.63483,41.726936],[-87.634853,41.726955],[-87.634858,41.727163],[-87.634836,41.727179],[-87.634848,41.72767],[-87.634872,41.727688],[-87.634874,41.72773],[-87.634852,41.727748],[-87.634863,41.728187],[-87.634886,41.728205],[-87.634889,41.728256],[-87.634866,41.728272],[-87.634879,41.728761],[-87.634901,41.72878],[-87.634902,41.728829],[-87.63488,41.72885],[-87.634882,41.728951],[-87.634915,41.728949],[-87.634936,41.7298],[-87.634815,41.729801],[-87.634813,41.729733],[-87.634611,41.729667],[-87.634466,41.7296],[-87.634237,41.729448],[-87.63406,41.729263],[-87.633959,41.729059],[-87.633935,41.728964]]]}},{"type":"Feature","properties":{"label":null,"hover_name":null},"geometry":{"type":"Polygon","coordinates":[[[-87.623894,41.817067],[-87.624575,41.817058],[-87.624579,41.817205],[-87.623897,41.817213],[-87.623894,41.817067]]]}},{"type":"Feature","properties":{"label":null,"hover_name":null},"geometry":{"type":"Polygon","coordinates":[[[-87.615155,41.812606],[-87.615339,41.812603],[-87.61535,41.812989],[-87.615166,41.812993],[-87.615155,41.812606]]]}},{"type":"Feature","properties":{"label":null,"hover_name":null},"geometry":{"type":"Polygon","coordinates":[[[-87.619991,41.820528],[-87.620448,41.820522],[-87.620449,41.820549],[-87.620671,41.820546],[-87.620676,41.820712],[-87.619998,41.82072],[-87.619991,41.820528]]]}},{"type":"Feature","properties":{"label":null,"hover_name":null},"geometry":{"type":"Polygon","coordinates":[[[-87.595489,41.81415],[-87.595216,41.813788],[-87.595504,41.813667],[-87.59576,41.814036],[-87.595489,41.81415]]]}},{"type":"Feature","properties":{"label":null,"hover_name":null},"geometry":{"type":"Polygon","coordinates":[[[-87.602963,41.820472],[-87.603611,41.820242],[-87.603767,41.820491],[-87.603119,41.820718],[-87.602963,41.820472]]]}},{"type":"Feature","properties":{"label":null,"hover_name":null},"geometry":{"type":"Polygon","coordinates":[[[-87.593069,41.777672],[-87.593761,41.777663],[-87.593764,41.777801],[-87.593072,41.777809],[-87.593069,41.777672]]]}},{"type":"Feature","properties":{"label":null,"hover_name":null},"geometry":{"type":"Polygon","coordinates":[[[-87.591507,41.782435],[-87.591815,41.782432],[-87.591823,41.782751],[-87.591464,41.782753],[-87.591458,41.782451],[-87.591507,41.782435]]]}},{"type":"Feature","properties":{"label":null,"hover_name":null},"geometry":{"type":"Polygon","coordinates":[[[-87.602934,41.77994],[-87.603483,41.779935],[-87.603486,41.780072],[-87.602938,41.780078],[-87.602934,41.77994]]]}},{"type":"Feature","properties":{"label":null,"hover_name":null},"geometry":{"type":"Polygon","coordinates":[[[-87.703858,41.885942],[-87.704659,41.885923],[-87.704667,41.886391],[-87.703896,41.886394],[-87.703873,41.886364],[-87.703858,41.885942]]]}},{"type":"Feature","properties":{"label":null,"hover_name":null},"geometry":{"type":"Polygon","coordinates":[[[-87.658287,41.857694],[-87.658269,41.857082],[-87.658779,41.857074],[-87.658798,41.857686],[-87.658287,41.857694]]]}},{"type":"Feature","properties":{"label":null,"hover_name":null},"geometry":{"type":"Polygon","coordinates":[[[-87.59615,41.774995],[-87.596131,41.774726],[-87.596647,41.77472],[-87.596654,41.77498],[-87.596638,41.775006],[-87.596183,41.775008],[-87.59615,41.774995]]]}},{"type":"Feature","properties":{"label":null,"hover_name":null},"geometry":{"type":"Polygon","coordinates":[[[-87.696643,41.870107],[-87.696628,41.869715],[-87.697154,41.869704],[-87.697165,41.870102],[-87.696643,41.870107]]]}},{"type":"Feature","properties":{"label":null,"hover_name":null},"geometry":{"type":"Polygon","coordinates":[[[-87.706903,41.872809],[-87.707176,41.872807],[-87.707192,41.873197],[-87.706917,41.8732],[-87.706903,41.872809]]]}},{"type":"Feature","properties":{"label":null,"hover_name":null},"geometry":{"type":"Polygon","coordinates":[[[-87.654235,41.756006],[-87.654022,41.755989],[-87.653971,41.755947],[-87.653918,41.754209],[-87.653951,41.754182],[-87.654789,41.754171],[-87.654821,41.755048],[-87.656277,41.755027],[-87.656272,41.755978],[-87.654235,41.756006]]]}},{"type":"Feature","properties":{"label":null,"hover_name":null},"geometry":{"type":"Polygon","coordinates":[[[-87.759703,42.000417],[-87.76004,42.000013],[-87.76054,42.000247],[-87.760741,42.000013],[-87.761128,42.000195],[-87.761302,42.000162],[-87.761675,41.99969],[-87.762391,42.000016],[-87.762618,41.999769],[-87.76278,41.999846],[-87.762818,41.999889],[-87.76223,42.001558],[-87.762171,42.001589],[-87.762048,42.001562],[-87.761795,42.001452],[-87.759784,42.000522],[-87.759708,42.00047],[-87.759703,42.000417]]]}},{"type":"Feature","properties":{"label":null,"hover_name":null},"geometry":{"type":"Polygon","coordinates":[[[-87.594746,41.782133],[-87.595434,41.782125],[-87.595439,41.782311],[-87.594791,41.782323],[-87.59475,41.782286],[-87.594746,41.782133]]]}},{"type":"Feature","properties":{"label":null,"hover_name":null},"geometry":{"type":"Polygon","coordinates":[[[-87.617727,41.8151],[-87.618239,41.815092],[-87.61824,41.815146],[-87.618275,41.815158],[-87.618332,41.81516],[-87.618384,41.815143],[-87.618381,41.814888],[-87.618402,41.814864],[-87.618885,41.814851],[-87.618915,41.814879],[-87.618936,41.814879],[-87.618941,41.815081],[-87.618904,41.815081],[-87.618921,41.815704],[-87.618397,41.815713],[-87.618398,41.815658],[-87.618345,41.815643],[-87.618288,41.815646],[-87.618254,41.815659],[-87.618258,41.815917],[-87.617749,41.815925],[-87.617727,41.8151]]]}},{"type":"Feature","properties":{"label":null,"hover_name":null},"geometry":{"type":"Polygon","coordinates":[[[-87.599067,41.773846],[-87.598546,41.773851],[-87.598542,41.773577],[-87.599061,41.773572],[-87.599067,41.773846]]]}},{"type":"Feature","properties":{"label":null,"hover_name":null},"geometry":{"type":"Polygon","coordinates":[[[-87.655552,41.96655],[-87.656141,41.966544],[-87.656142,41.966682],[-87.655553,41.966687],[-87.655552,41.96655]]]}},{"type":"Feature","properties":{"label":null,"hover_name":null},"geometry":{"type":"Polygon","coordinates":[[[-87.694842,41.871123],[-87.695015,41.871121],[-87.695028,41.871511],[-87.694849,41.871514],[-87.694842,41.871123]]]}},{"type":"Feature","properties":{"label":null,"hover_name":null},"geometry":{"type":"Polygon","coordinates":[[[-87.711705,41.860894],[-87.712168,41.860888],[-87.712182,41.860901],[-87.712185,41.861038],[-87.711671,41.861045],[-87.711669,41.860923],[-87.711705,41.860894]]]}},{"type":"Feature","properties":{"label":null,"hover_name":null},"geometry":{"type":"Polygon","coordinates":[[[-87.66265,41.966682],[-87.663286,41.966635],[-87.663305,41.966772],[-87.662669,41.966819],[-87.66265,41.966682]]]}},{"type":"Feature","properties":{"label":null,"hover_name":null},"geometry":{"type":"Polygon","coordinates":[[[-87.609635,41.810044],[-87.610173,41.810043],[-87.610177,41.810245],[-87.60964,41.81025],[-87.609635,41.810044]]]}},{"type":"Feature","properties":{"label":null,"hover_name":null},"geometry":{"type":"Polygon","coordinates":[[[-87.647486,41.856672],[-87.647477,41.856362],[-87.648182,41.85636],[-87.64819,41.856605],[-87.648169,41.856665],[-87.647486,41.856672]]]}},{"type":"Feature","properties":{"label":null,"hover_name":null},"geometry":{"type":"Polygon","coordinates":[[[-87.720232,41.862029],[-87.720222,41.861728],[-87.720741,41.861723],[-87.720749,41.862016],[-87.720232,41.862029]]]}},{"type":"Feature","properties":{"label":null,"hover_name":null},"geometry":{"type":"Polygon","coordinates":[[[-87.604283,41.761255],[-87.604278,41.761035],[-87.604784,41.761029],[-87.604789,41.761249],[-87.604283,41.761255]]]}},{"type":"Feature","properties":{"label":null,"hover_name":null},"geometry":{"type":"Polygon","coordinates":[[[-87.626444,41.857908],[-87.627035,41.857916],[-87.627065,41.857932],[-87.627072,41.858162],[-87.626812,41.858166],[-87.626754,41.858237],[-87.626673,41.858401],[-87.626454,41.858404],[-87.626444,41.857908]]]}},{"type":"Feature","properties":{"label":null,"hover_name":null},"geometry":{"type":"Polygon","coordinates":[[[-87.729224,41.869083],[-87.72924,41.869487],[-87.728594,41.869496],[-87.728583,41.869093],[-87.729224,41.869083]]]}},{"type":"Feature","properties":{"label":null,"hover_name":null},"geometry":{"type":"Polygon","coordinates":[[[-87.600537,41.812224],[-87.599383,41.812237],[-87.599367,41.811511],[-87.599382,41.811491],[-87.599409,41.811481],[-87.600566,41.811465],[-87.600578,41.812046],[-87.600945,41.812041],[-87.600954,41.812491],[-87.600909,41.812492],[-87.600912,41.812605],[-87.600545,41.812608],[-87.600537,41.812224]]]}},{"type":"Feature","properties":{"label":null,"hover_name":null},"geometry":{"type":"Polygon","coordinates":[[[-87.597353,41.725086],[-87.59732,41.723796],[-87.598618,41.723777],[-87.599308,41.723931],[-87.599325,41.724694],[-87.599292,41.724695],[-87.598827,41.725064],[-87.597353,41.725086]]]}},{"type":"Feature","properties":{"label":null,"hover_name":null},"geometry":{"type":"Polygon","coordinates":[[[-87.649761,41.951953],[-87.649758,41.951831],[-87.649758,41.951837],[-87.649761,41.951953],[-87.649722,41.951954],[-87.649714,41.95169],[-87.650747,41.951674],[-87.650752,41.951838],[-87.651011,41.951835],[-87.651024,41.952264],[-87.651061,41.952264],[-87.651071,41.952674],[-87.650966,41.952675],[-87.650953,41.952617],[-87.650886,41.952618],[-87.650887,41.952673],[-87.6498,41.95269],[-87.649765,41.95268],[-87.649743,41.952657],[-87.649736,41.95241],[-87.650086,41.952405],[-87.650085,41.952377],[-87.65018,41.952375],[-87.650167,41.951947],[-87.649761,41.951953]]]}},{"type":"Feature","properties":{"label":null,"hover_name":null},"geometry":{"type":"Polygon","coordinates":[[[-87.641265,41.91642],[-87.641245,41.916385],[-87.641243,41.916068],[-87.64173,41.916062],[-87.641731,41.916111],[-87.642311,41.916107],[-87.642319,41.916382],[-87.642292,41.916413],[-87.641265,41.91642]]]}},{"type":"Feature","properties":{"label":null,"hover_name":null},"geometry":{"type":"Polygon","coordinates":[[[-87.753393,41.990438],[-87.754038,41.99073],[-87.753691,41.991158],[-87.753482,41.991023],[-87.753415,41.990946],[-87.753366,41.990852],[-87.75334,41.990734],[-87.753382,41.990728],[-87.753376,41.990566],[-87.753393,41.990438]]]}},{"type":"Feature","properties":{"label":null,"hover_name":null},"geometry":{"type":"Polygon","coordinates":[[[-87.649203,41.673951],[-87.649152,41.672291],[-87.649629,41.672283],[-87.649636,41.672538],[-87.649788,41.672536],[-87.649809,41.672797],[-87.650207,41.672802],[-87.650213,41.672933],[-87.650277,41.67294],[-87.650284,41.673105],[-87.650861,41.673095],[-87.650888,41.673933],[-87.649203,41.673951]]]}},{"type":"Feature","properties":{"label":null,"hover_name":null},"geometry":{"type":"Polygon","coordinates":[[[-87.562102,41.725775],[-87.562065,41.724552],[-87.562107,41.724532],[-87.563113,41.724521],[-87.563141,41.724548],[-87.563179,41.725765],[-87.563148,41.72578],[-87.562136,41.72579],[-87.562102,41.725775]]]}},{"type":"Feature","properties":{"label":null,"hover_name":null},"geometry":{"type":"Polygon","coordinates":[[[-87.796719,41.798816],[-87.798556,41.798799],[-87.798564,41.798966],[-87.797042,41.799448],[-87.796709,41.799453],[-87.79669,41.798827],[-87.796719,41.798816]]]}},{"type":"Feature","properties":{"label":null,"hover_name":null},"geometry":{"type":"Polygon","coordinates":[[[-87.795527,41.784738],[-87.795496,41.783952],[-87.796226,41.783938],[-87.796223,41.783889],[-87.799418,41.783828],[-87.799421,41.783878],[-87.799923,41.783868],[-87.799957,41.784659],[-87.799828,41.784661],[-87.799807,41.784682],[-87.799759,41.784661],[-87.797634,41.784695],[-87.797603,41.784716],[-87.797558,41.784699],[-87.797318,41.784703],[-87.797295,41.784721],[-87.797248,41.784703],[-87.795527,41.784738]]]}},{"type":"Feature","properties":{"label":null,"hover_name":null},"geometry":{"type":"Polygon","coordinates":[[[-87.727536,41.813984],[-87.728061,41.813977],[-87.728074,41.814389],[-87.727551,41.814396],[-87.727536,41.813984]]]}},{"type":"Feature","properties":{"label":null,"hover_name":null},"geometry":{"type":"Polygon","coordinates":[[[-87.670439,41.684565],[-87.670511,41.684417],[-87.669971,41.684267],[-87.66996,41.684246],[-87.671121,41.682224],[-87.67161,41.682382],[-87.671344,41.684596],[-87.670487,41.684612],[-87.670449,41.684598],[-87.670439,41.684565]]]}},{"type":"Feature","properties":{"label":null,"hover_name":null},"geometry":{"type":"Polygon","coordinates":[[[-87.653335,41.915185],[-87.653327,41.914973],[-87.653359,41.914922],[-87.653479,41.914924],[-87.653689,41.915073],[-87.653545,41.915183],[-87.653335,41.915185]]]}},{"type":"Feature","properties":{"label":null,"hover_name":null},"geometry":{"type":"Polygon","coordinates":[[[-87.643987,41.745813],[-87.64448,41.7458],[-87.644496,41.74649],[-87.644009,41.746495],[-87.643987,41.745813]]]}},{"type":"Feature","properties":{"label":null,"hover_name":null},"geometry":{"type":"Polygon","coordinates":[[[-87.665572,42.01041],[-87.665721,42.010407],[-87.665771,42.01043],[-87.665796,42.010931],[-87.66559,42.010934],[-87.665572,42.01041]]]}},{"type":"Feature","properties":{"label":null,"hover_name":null},"geometry":{"type":"Polygon","coordinates":[[[-87.654131,41.972391],[-87.654117,41.971674],[-87.654088,41.971609],[-87.654805,41.971596],[-87.654829,41.972496],[-87.65423,41.972506],[-87.654228,41.972475],[-87.654185,41.972446],[-87.654183,41.972418],[-87.654131,41.972391]]]}},{"type":"Feature","properties":{"label":null,"hover_name":null},"geometry":{"type":"Polygon","coordinates":[[[-87.638954,41.743359],[-87.638187,41.743368],[-87.638163,41.742654],[-87.638097,41.742474],[-87.638738,41.74174],[-87.638735,41.741707],[-87.639095,41.741702],[-87.639137,41.741717],[-87.640533,41.743305],[-87.640497,41.743357],[-87.640432,41.743379],[-87.638955,41.743406],[-87.638954,41.743359]]]}},{"type":"Feature","properties":{"label":null,"hover_name":null},"geometry":{"type":"Polygon","coordinates":[[[-87.59765,41.764087],[-87.597632,41.763393],[-87.599348,41.763377],[-87.599356,41.764067],[-87.59765,41.764087]]]}},{"type":"Feature","properties":{"label":null,"hover_name":null},"geometry":{"type":"Polygon","coordinates":[[[-87.576492,41.745711],[-87.576488,41.745158],[-87.576504,41.745142],[-87.57702,41.745498],[-87.577029,41.745591],[-87.576987,41.745609],[-87.576988,41.745667],[-87.577032,41.745686],[-87.577033,41.745703],[-87.576492,41.745711]]]}},{"type":"Feature","properties":{"label":null,"hover_name":null},"geometry":{"type":"Polygon","coordinates":[[[-87.674085,41.89409],[-87.674074,41.893702],[-87.67425,41.893699],[-87.674253,41.893787],[-87.674337,41.893785],[-87.674346,41.894085],[-87.674085,41.89409]]]}},{"type":"Feature","properties":{"label":null,"hover_name":null},"geometry":{"type":"Polygon","coordinates":[[[-87.663061,41.997523],[-87.663579,41.997519],[-87.663581,41.997586],[-87.663063,41.997593],[-87.663061,41.997523]]]}},{"type":"Feature","properties":{"label":null,"hover_name":null},"geometry":{"type":"Polygon","coordinates":[[[-87.643006,41.784175],[-87.64299,41.783471],[-87.643307,41.783464],[-87.643326,41.78417],[-87.643006,41.784175]]]}},{"type":"Feature","properties":{"label":null,"hover_name":null},"geometry":{"type":"Polygon","coordinates":[[[-87.66654,41.948485],[-87.667053,41.948477],[-87.66706,41.948789],[-87.667042,41.948801],[-87.666568,41.948802],[-87.666547,41.948776],[-87.66654,41.948485]]]}},{"type":"Feature","properties":{"label":null,"hover_name":null},"geometry":{"type":"Polygon","coordinates":[[[-87.668886,41.914176],[-87.668884,41.91421],[-87.66792,41.914226],[-87.667891,41.913128],[-87.668339,41.913124],[-87.66835,41.91344],[-87.668934,41.91344],[-87.668954,41.914175],[-87.668886,41.914176]]]}},{"type":"Feature","properties":{"label":null,"hover_name":null},"geometry":{"type":"Polygon","coordinates":[[[-87.634313,41.795804],[-87.634299,41.795209],[-87.63482,41.795197],[-87.634836,41.795795],[-87.634313,41.795804]]]}},{"type":"Feature","properties":{"label":null,"hover_name":null},"geometry":{"type":"Polygon","coordinates":[[[-87.641103,41.756197],[-87.641134,41.757375],[-87.641652,41.757366],[-87.641712,41.757379],[-87.641727,41.75782],[-87.641363,41.757697],[-87.641052,41.757567],[-87.640725,41.757391],[-87.64055,41.757262],[-87.640534,41.756666],[-87.640587,41.756665],[-87.640582,41.756214],[-87.64061,41.756202],[-87.641051,41.756192],[-87.641103,41.756197]]]}},{"type":"Feature","properties":{"label":null,"hover_name":null},"geometry":{"type":"Polygon","coordinates":[[[-87.704021,41.891406],[-87.704557,41.891401],[-87.704561,41.891534],[-87.704024,41.891539],[-87.704021,41.891406]]]}},{"type":"Feature","properties":{"label":null,"hover_name":null},"geometry":{"type":"Polygon","coordinates":[[[-87.648028,41.740556],[-87.64854,41.740549],[-87.648546,41.740821],[-87.648036,41.740827],[-87.648028,41.740556]]]}},{"type":"Feature","properties":{"label":null,"hover_name":null},"geometry":{"type":"Polygon","coordinates":[[[-87.663385,41.945465],[-87.663894,41.945457],[-87.663903,41.945869],[-87.663396,41.945876],[-87.663385,41.945465]]]}},{"type":"Feature","properties":{"label":null,"hover_name":null},"geometry":{"type":"Polygon","coordinates":[[[-87.688962,41.907357],[-87.68843,41.907362],[-87.688426,41.907223],[-87.688961,41.907219],[-87.688962,41.907357]]]}},{"type":"Feature","properties":{"label":null,"hover_name":null},"geometry":{"type":"Polygon","coordinates":[[[-87.684765,41.873083],[-87.686073,41.873063],[-87.686091,41.873083],[-87.686099,41.873399],[-87.684774,41.873427],[-87.684765,41.873083]]]}},{"type":"Feature","properties":{"label":null,"hover_name":null},"geometry":{"type":"Polygon","coordinates":[[[-87.681696,41.968815],[-87.682022,41.968809],[-87.682031,41.969167],[-87.681687,41.969171],[-87.681675,41.96884],[-87.681696,41.968815]]]}},{"type":"Feature","properties":{"label":null,"hover_name":null},"geometry":{"type":"Polygon","coordinates":[[[-87.662515,41.805049],[-87.663017,41.805038],[-87.663032,41.805052],[-87.663033,41.805213],[-87.66251,41.80522],[-87.662515,41.805049]]]}},{"type":"Feature","properties":{"label":null,"hover_name":null},"geometry":{"type":"Polygon","coordinates":[[[-87.596737,41.749454],[-87.596799,41.749453],[-87.596803,41.749634],[-87.596717,41.750002],[-87.596114,41.750008],[-87.596104,41.749571],[-87.596586,41.749553],[-87.596691,41.749512],[-87.596737,41.749454]]]}},{"type":"Feature","properties":{"label":null,"hover_name":null},"geometry":{"type":"Polygon","coordinates":[[[-87.728715,41.895191],[-87.72765,41.895208],[-87.727633,41.894605],[-87.727647,41.894605],[-87.727645,41.894539],[-87.727248,41.894545],[-87.727221,41.893481],[-87.728666,41.89346],[-87.728715,41.895191]]]}},{"type":"Feature","properties":{"label":null,"hover_name":null},"geometry":{"type":"Polygon","coordinates":[[[-87.717973,41.802865],[-87.719751,41.802144],[-87.719751,41.802165],[-87.720133,41.802014],[-87.720329,41.802328],[-87.72092,41.802966],[-87.720731,41.803115],[-87.720173,41.803454],[-87.720182,41.803548],[-87.71957,41.80394],[-87.719478,41.803981],[-87.719382,41.804005],[-87.718628,41.804017],[-87.718628,41.804222],[-87.718015,41.80423],[-87.717973,41.802865]]]}},{"type":"Feature","properties":{"label":null,"hover_name":null},"geometry":{"type":"Polygon","coordinates":[[[-87.67641,41.914756],[-87.676398,41.914165],[-87.676969,41.914184],[-87.677461,41.914229],[-87.677476,41.914736],[-87.67641,41.914756]]]}},{"type":"Feature","properties":{"label":null,"hover_name":null},"geometry":{"type":"Polygon","coordinates":[[[-87.73391,41.902631],[-87.734277,41.902625],[-87.734287,41.902979],[-87.73392,41.902985],[-87.73391,41.902631]]]}},{"type":"Feature","properties":{"label":null,"hover_name":null},"geometry":{"type":"Polygon","coordinates":[[[-87.634187,41.778053],[-87.634176,41.777658],[-87.634451,41.777654],[-87.634462,41.778049],[-87.634187,41.778053]]]}},{"type":"Feature","properties":{"label":null,"hover_name":null},"geometry":{"type":"Polygon","coordinates":[[[-87.752497,41.883673],[-87.752477,41.883104],[-87.752627,41.883103],[-87.752664,41.883129],[-87.752685,41.883666],[-87.752497,41.883673]]]}},{"type":"Feature","properties":{"label":null,"hover_name":null},"geometry":{"type":"Polygon","coordinates":[[[-87.773942,41.892362],[-87.774234,41.892359],[-87.774248,41.892782],[-87.773955,41.892786],[-87.773942,41.892362]]]}},{"type":"Feature","properties":{"label":null,"hover_name":null},"geometry":{"type":"Polygon","coordinates":[[[-87.622172,41.748979],[-87.622897,41.748965],[-87.622901,41.749093],[-87.622885,41.749111],[-87.62218,41.749124],[-87.622172,41.748979]]]}},{"type":"Feature","properties":{"label":null,"hover_name":null},"geometry":{"type":"Polygon","coordinates":[[[-87.661909,41.983233],[-87.661922,41.98354],[-87.661906,41.983553],[-87.661409,41.983558],[-87.66139,41.98324],[-87.661909,41.983233]]]}},{"type":"Feature","properties":{"label":null,"hover_name":null},"geometry":{"type":"Polygon","coordinates":[[[-87.645398,41.797793],[-87.645375,41.79699],[-87.646024,41.796979],[-87.646041,41.797782],[-87.645398,41.797793]]]}},{"type":"Feature","properties":{"label":null,"hover_name":null},"geometry":{"type":"MultiPolygon","coordinates":[[[[-87.706082,41.874955],[-87.706499,41.874949],[-87.706501,41.875016],[-87.706084,41.875021],[-87.706082,41.874955]]],[[[-87.706561,41.875029],[-87.706557,41.874947],[-87.706908,41.87489],[-87.707525,41.874696],[-87.707708,41.874667],[-87.707891,41.874665],[-87.707901,41.87502],[-87.706561,41.875029]]]]}},{"type":"Feature","properties":{"label":null,"hover_name":null},"geometry":{"type":"Polygon","coordinates":[[[-87.647334,41.920036],[-87.647335,41.920059],[-87.647365,41.920059],[-87.6474,41.92097],[-87.647527,41.920966],[-87.647556,41.92178],[-87.643934,41.921835],[-87.643868,41.921811],[-87.643798,41.92016],[-87.643814,41.920127],[-87.644829,41.920101],[-87.644974,41.920056],[-87.647334,41.920036]]]}},{"type":"Feature","properties":{"label":null,"hover_name":null},"geometry":{"type":"Polygon","coordinates":[[[-87.72809,41.966733],[-87.728567,41.966728],[-87.728571,41.966864],[-87.728094,41.966868],[-87.72809,41.966733]]]}},{"type":"Feature","properties":{"label":null,"hover_name":null},"geometry":{"type":"Polygon","coordinates":[[[-87.653222,41.930791],[-87.653205,41.93032],[-87.65371,41.930312],[-87.653719,41.930777],[-87.653222,41.930791]]]}},{"type":"Feature","properties":{"label":null,"hover_name":null},"geometry":{"type":"Polygon","coordinates":[[[-87.697882,41.829051],[-87.698342,41.829042],[-87.698367,41.829936],[-87.697907,41.829945],[-87.697882,41.829051]]]}},{"type":"Feature","properties":{"label":null,"hover_name":null},"geometry":{"type":"Polygon","coordinates":[[[-87.748093,41.968501],[-87.748277,41.968498],[-87.748289,41.968888],[-87.748109,41.968877],[-87.748093,41.968501]]]}},{"type":"Feature","properties":{"label":null,"hover_name":null},"geometry":{"type":"Polygon","coordinates":[[[-87.680491,42.005144],[-87.680299,42.005136],[-87.680259,42.005088],[-87.680244,42.005025],[-87.680234,42.004695],[-87.680278,42.004707],[-87.680368,42.004702],[-87.680407,42.004652],[-87.680408,42.00427],[-87.680463,42.004259],[-87.682113,42.004226],[-87.682032,42.001613],[-87.682061,42.001589],[-87.681597,42.001594],[-87.681589,42.001392],[-87.68156,42.001392],[-87.681557,42.001298],[-87.682103,42.00129],[-87.682098,42.00104],[-87.682126,42.001021],[-87.683255,42.001003],[-87.68323,42.000108],[-87.689761,41.999997],[-87.689761,42.000009],[-87.689833,42.000008],[-87.689927,42.003631],[-87.689911,42.004232],[-87.689923,42.004935],[-87.689882,42.004971],[-87.685747,42.005059],[-87.680491,42.005144]]]}},{"type":"Feature","properties":{"label":null,"hover_name":null},"geometry":{"type":"Polygon","coordinates":[[[-87.566106,41.773345],[-87.565902,41.773188],[-87.565673,41.773043],[-87.564954,41.772645],[-87.564706,41.772527],[-87.564574,41.772432],[-87.564441,41.772386],[-87.564277,41.772256],[-87.564041,41.77212],[-87.563912,41.772106],[-87.562482,41.772124],[-87.56249,41.772094],[-87.563433,41.772076],[-87.563281,41.771966],[-87.563256,41.771874],[-87.563264,41.771649],[-87.56332,41.771599],[-87.56337,41.771388],[-87.563238,41.770778],[-87.563239,41.77063],[-87.562967,41.770258],[-87.562771,41.770064],[-87.562656,41.769752],[-87.562461,41.769558],[-87.561611,41.76911],[-87.561068,41.768869],[-87.56066,41.768741],[-87.560199,41.768651],[-87.560095,41.768727],[-87.560014,41.76886],[-87.559835,41.768992],[-87.559731,41.769144],[-87.559569,41.76932],[-87.559362,41.769294],[-87.55944,41.769029],[-87.559459,41.768779],[-87.559415,41.768623],[-87.559447,41.768057],[-87.559418,41.767847],[-87.559437,41.767748],[-87.559429,41.767187],[-87.559425,41.767004],[-87.55935,41.766718],[-87.559371,41.766609],[-87.559552,41.766547],[-87.559654,41.766488],[-87.559899,41.766432],[-87.560002,41.766384],[-87.560079,41.766393],[-87.56021,41.766374],[-87.560324,41.766372],[-87.560389,41.766389],[-87.560455,41.766388],[-87.560467,41.766401],[-87.560845,41.766399],[-87.560849,41.766363],[-87.562738,41.766339],[-87.562902,41.766387],[-87.564933,41.766383],[-87.566092,41.766408],[-87.566174,41.766427],[-87.566276,41.766426],[-87.566279,41.766535],[-87.566278,41.76649],[-87.56633,41.766561],[-87.566438,41.768463],[-87.566557,41.773209],[-87.566587,41.773341],[-87.566454,41.773341],[-87.566382,41.773384],[-87.566295,41.773471],[-87.566231,41.773488],[-87.566106,41.773345]]]}},{"type":"Feature","properties":{"label":null,"hover_name":null},"geometry":{"type":"Polygon","coordinates":[[[-87.75435,41.89279],[-87.754882,41.892785],[-87.754885,41.89296],[-87.754362,41.89297],[-87.75435,41.89279]]]}},{"type":"Feature","properties":{"label":null,"hover_name":null},"geometry":{"type":"Polygon","coordinates":[[[-87.691748,41.915247],[-87.69174,41.914867],[-87.692127,41.914862],[-87.69215,41.914872],[-87.692163,41.915239],[-87.691748,41.915247]]]}},{"type":"Feature","properties":{"label":null,"hover_name":null},"geometry":{"type":"Polygon","coordinates":[[[-87.710717,41.896008],[-87.71081,41.896006],[-87.710825,41.896396],[-87.71073,41.896395],[-87.710717,41.896008]]]}},{"type":"Feature","properties":{"label":null,"hover_name":null},"geometry":{"type":"Polygon","coordinates":[[[-87.701811,41.927575],[-87.702315,41.927571],[-87.702305,41.927703],[-87.701815,41.927713],[-87.701811,41.927575]]]}},{"type":"Feature","properties":{"label":null,"hover_name":null},"geometry":{"type":"Polygon","coordinates":[[[-87.589926,41.754826],[-87.589975,41.754827],[-87.590345,41.755088],[-87.590004,41.755354],[-87.589614,41.755065],[-87.589926,41.754826]]]}},{"type":"Feature","properties":{"label":null,"hover_name":null},"geometry":{"type":"Polygon","coordinates":[[[-87.660122,41.980023],[-87.660606,41.980023],[-87.660619,41.98026],[-87.660088,41.980268],[-87.660091,41.980037],[-87.660122,41.980023]]]}},{"type":"Feature","properties":{"label":null,"hover_name":null},"geometry":{"type":"Polygon","coordinates":[[[-87.627705,41.774662],[-87.627576,41.774517],[-87.627678,41.774572],[-87.627794,41.77461],[-87.628343,41.774624],[-87.628356,41.775035],[-87.628303,41.775036],[-87.628308,41.775212],[-87.627705,41.774662]]]}},{"type":"Feature","properties":{"label":null,"hover_name":null},"geometry":{"type":"Polygon","coordinates":[[[-87.659066,41.790518],[-87.659567,41.790514],[-87.659581,41.790751],[-87.659072,41.790759],[-87.659066,41.790518]]]}},{"type":"Feature","properties":{"label":null,"hover_name":null},"geometry":{"type":"Polygon","coordinates":[[[-87.646432,41.792528],[-87.64688,41.792521],[-87.646904,41.792532],[-87.64691,41.792707],[-87.646396,41.792715],[-87.646392,41.79256],[-87.646432,41.792528]]]}},{"type":"Feature","properties":{"label":null,"hover_name":null},"geometry":{"type":"Polygon","coordinates":[[[-87.673504,41.767258],[-87.673511,41.767531],[-87.673016,41.767537],[-87.673011,41.76726],[-87.673504,41.767258]]]}},{"type":"Feature","properties":{"label":null,"hover_name":null},"geometry":{"type":"Polygon","coordinates":[[[-87.557483,41.762928],[-87.557368,41.762836],[-87.556791,41.76258],[-87.558315,41.761813],[-87.558785,41.762294],[-87.558782,41.762331],[-87.558679,41.762386],[-87.558645,41.762377],[-87.557852,41.762779],[-87.557886,41.762792],[-87.557774,41.76285],[-87.557745,41.762819],[-87.557657,41.762864],[-87.557642,41.762848],[-87.557483,41.762928]]]}},{"type":"Feature","properties":{"label":null,"hover_name":null},"geometry":{"type":"Polygon","coordinates":[[[-87.64455,41.812991],[-87.644512,41.812947],[-87.644436,41.812923],[-87.644404,41.812923],[-87.644307,41.81297],[-87.644298,41.812635],[-87.644353,41.812633],[-87.644401,41.812606],[-87.644521,41.812494],[-87.644535,41.812449],[-87.645516,41.81243],[-87.645565,41.813441],[-87.645547,41.813454],[-87.645051,41.813469],[-87.645033,41.813036],[-87.644551,41.81305],[-87.64455,41.812991]]]}},{"type":"Feature","properties":{"label":null,"hover_name":null},"geometry":{"type":"Polygon","coordinates":[[[-87.657127,41.695871],[-87.657852,41.695866],[-87.657886,41.695893],[-87.657898,41.696067],[-87.657873,41.696176],[-87.657556,41.696521],[-87.657225,41.696801],[-87.657157,41.696851],[-87.657109,41.696862],[-87.657091,41.69683],[-87.657082,41.696716],[-87.65706,41.695902],[-87.657089,41.695876],[-87.657127,41.695871]]]}},{"type":"Feature","properties":{"label":null,"hover_name":null},"geometry":{"type":"Polygon","coordinates":[[[-87.652574,41.939011],[-87.652758,41.939009],[-87.65277,41.939364],[-87.652586,41.939367],[-87.652574,41.939011]]]}},{"type":"Feature","properties":{"label":null,"hover_name":null},"geometry":{"type":"Polygon","coordinates":[[[-87.626435,41.816555],[-87.628079,41.816514],[-87.627062,41.819126],[-87.626504,41.819134],[-87.626458,41.819102],[-87.626396,41.81659],[-87.626435,41.816555]]]}},{"type":"Feature","properties":{"label":null,"hover_name":null},"geometry":{"type":"Polygon","coordinates":[[[-87.672747,41.936866],[-87.67274,41.936472],[-87.673107,41.936469],[-87.673117,41.936862],[-87.672747,41.936866]]]}},{"type":"Feature","properties":{"label":null,"hover_name":null},"geometry":{"type":"Polygon","coordinates":[[[-87.663105,42.004026],[-87.663289,42.004023],[-87.663302,42.004453],[-87.663119,42.004457],[-87.663105,42.004026]]]}},{"type":"Feature","properties":{"label":null,"hover_name":null},"geometry":{"type":"Polygon","coordinates":[[[-87.633553,41.848178],[-87.633548,41.847968],[-87.634231,41.848042],[-87.634782,41.848036],[-87.634785,41.848162],[-87.633553,41.848178]]]}},{"type":"Feature","properties":{"label":null,"hover_name":null},"geometry":{"type":"Polygon","coordinates":[[[-87.718929,41.990169],[-87.718816,41.986621],[-87.719638,41.986624],[-87.71995,41.986658],[-87.720386,41.986675],[-87.72093,41.986743],[-87.721447,41.986842],[-87.721862,41.986903],[-87.721798,41.988088],[-87.721824,41.988166],[-87.721961,41.988263],[-87.721994,41.988431],[-87.721966,41.988611],[-87.721836,41.988727],[-87.721851,41.988933],[-87.721977,41.989275],[-87.721794,41.989455],[-87.721758,41.989577],[-87.721593,41.98966],[-87.721479,41.989866],[-87.721369,41.990146],[-87.718991,41.990177],[-87.718929,41.990169]]]}},{"type":"Feature","properties":{"label":null,"hover_name":null},"geometry":{"type":"Polygon","coordinates":[[[-87.711093,41.841005],[-87.711088,41.840856],[-87.711119,41.840828],[-87.711581,41.840817],[-87.711609,41.840827],[-87.711615,41.840998],[-87.711093,41.841005]]]}},{"type":"Feature","properties":{"label":null,"hover_name":null},"geometry":{"type":"Polygon","coordinates":[[[-87.685261,41.922696],[-87.685965,41.922687],[-87.685975,41.922994],[-87.685916,41.922995],[-87.685916,41.923354],[-87.685246,41.923358],[-87.685222,41.923327],[-87.685205,41.922736],[-87.685219,41.922711],[-87.685261,41.922696]]]}},{"type":"Feature","properties":{"label":null,"hover_name":null},"geometry":{"type":"MultiPolygon","coordinates":[[[[-87.691915,41.939506],[-87.692153,41.939505],[-87.692686,41.939968],[-87.692782,41.939991],[-87.692956,41.940115],[-87.693095,41.940264],[-87.693253,41.94038],[-87.693328,41.940459],[-87.693155,41.940583],[-87.691915,41.939506]]],[[[-87.695551,41.946335],[-87.695505,41.946139],[-87.694206,41.94616],[-87.694144,41.943945],[-87.694123,41.943772],[-87.694079,41.943601],[-87.69397,41.943352],[-87.693398,41.942506],[-87.693273,41.942257],[-87.693219,41.942065],[-87.693196,41.941891],[-87.693156,41.941012],[-87.693097,41.940892],[-87.693016,41.940806],[-87.693405,41.940521],[-87.693463,41.940561],[-87.693517,41.940637],[-87.693596,41.940667],[-87.693773,41.940885],[-87.693909,41.941119],[-87.694003,41.941217],[-87.694137,41.941435],[-87.69433,41.94167],[-87.694668,41.94217],[-87.694936,41.942614],[-87.69502,41.942797],[-87.695121,41.943249],[-87.695179,41.943756],[-87.695225,41.943837],[-87.695296,41.944056],[-87.695444,41.944599],[-87.695511,41.944951],[-87.695641,41.945371],[-87.695708,41.94602],[-87.695771,41.946179],[-87.695551,41.946335]]],[[[-87.693042,41.943816],[-87.693964,41.943809],[-87.693979,41.943958],[-87.694056,41.946618],[-87.694006,41.946655],[-87.693117,41.94666],[-87.693042,41.943816]]]]}},{"type":"Feature","properties":{"label":null,"hover_name":null},"geometry":{"type":"Polygon","coordinates":[[[-87.667639,41.719829],[-87.668296,41.71982],[-87.668314,41.720628],[-87.667662,41.720637],[-87.667639,41.719829]]]}},{"type":"Feature","properties":{"label":null,"hover_name":null},"geometry":{"type":"Polygon","coordinates":[[[-87.659209,41.989379],[-87.659189,41.988688],[-87.660114,41.988677],[-87.660147,41.989944],[-87.66012,41.989956],[-87.659873,41.989973],[-87.659535,41.98998],[-87.659507,41.989429],[-87.659475,41.989404],[-87.659238,41.989401],[-87.659209,41.989379]]]}},{"type":"Feature","properties":{"label":null,"hover_name":null},"geometry":{"type":"Polygon","coordinates":[[[-87.770677,41.995845],[-87.770185,41.995608],[-87.770342,41.995002],[-87.77089,41.995166],[-87.7708,41.995508],[-87.770789,41.995795],[-87.770764,41.995828],[-87.770723,41.995844],[-87.770677,41.995845]]]}},{"type":"Feature","properties":{"label":null,"hover_name":null},"geometry":{"type":"Polygon","coordinates":[[[-87.628692,41.870604],[-87.629124,41.870584],[-87.629496,41.870591],[-87.629525,41.871321],[-87.628662,41.871331],[-87.628648,41.870635],[-87.628692,41.870604]]]}},{"type":"Feature","properties":{"label":null,"hover_name":null},"geometry":{"type":"Polygon","coordinates":[[[-87.629593,41.868505],[-87.629568,41.867545],[-87.630329,41.867534],[-87.630357,41.868492],[-87.630323,41.868492],[-87.630283,41.868461],[-87.630232,41.86845],[-87.630165,41.868464],[-87.630129,41.868498],[-87.629593,41.868505]]]}},{"type":"Feature","properties":{"label":null,"hover_name":null},"geometry":{"type":"Polygon","coordinates":[[[-87.737229,41.791351],[-87.737689,41.791348],[-87.737723,41.792602],[-87.737261,41.792605],[-87.737229,41.791351]]]}},{"type":"Feature","properties":{"label":null,"hover_name":null},"geometry":{"type":"Polygon","coordinates":[[[-87.838202,41.978302],[-87.839,41.978287],[-87.838995,41.979239],[-87.838952,41.979267],[-87.838217,41.97928],[-87.838202,41.978302]]]}},{"type":"Feature","properties":{"label":null,"hover_name":null},"geometry":{"type":"Polygon","coordinates":[[[-87.627591,41.8355],[-87.627614,41.8355],[-87.627613,41.835524],[-87.627591,41.835524],[-87.627591,41.8355]]]}},{"type":"Feature","properties":{"label":null,"hover_name":null},"geometry":{"type":"MultiPolygon","coordinates":[[[[-87.617989,41.888841],[-87.618022,41.888681],[-87.618657,41.888732],[-87.618662,41.888922],[-87.617989,41.888841]]],[[[-87.615119,41.88919],[-87.615119,41.889156],[-87.614639,41.889159],[-87.614736,41.888941],[-87.615119,41.888982],[-87.615754,41.88896],[-87.615994,41.888931],[-87.617191,41.888725],[-87.617226,41.888852],[-87.615119,41.88919]]]]}},{"type":"Feature","properties":{"label":null,"hover_name":null},"geometry":{"type":"Polygon","coordinates":[[[-87.619697,41.890919],[-87.619655,41.889629],[-87.619703,41.889601],[-87.620148,41.889622],[-87.620193,41.889642],[-87.620221,41.889676],[-87.620124,41.890266],[-87.620061,41.890906],[-87.62002,41.890934],[-87.619756,41.89095],[-87.619697,41.890919]]]}},{"type":"Feature","properties":{"label":null,"hover_name":null},"geometry":{"type":"Polygon","coordinates":[[[-87.612487,41.889125],[-87.613626,41.888921],[-87.61377,41.889001],[-87.613869,41.889002],[-87.613873,41.889157],[-87.613727,41.89021],[-87.612713,41.89023],[-87.612606,41.890152],[-87.612525,41.889211],[-87.612487,41.889125]]]}},{"type":"Feature","properties":{"label":null,"hover_name":null},"geometry":{"type":"Polygon","coordinates":[[[-87.628578,41.865751],[-87.629275,41.86575],[-87.629373,41.865764],[-87.629398,41.86641],[-87.628545,41.86642],[-87.628531,41.865781],[-87.628578,41.865751]]]}},{"type":"Feature","properties":{"label":null,"hover_name":null},"geometry":{"type":"Polygon","coordinates":[[[-87.628466,41.862956],[-87.628554,41.862888],[-87.628567,41.862855],[-87.628528,41.862788],[-87.628433,41.862773],[-87.628361,41.862818],[-87.62832,41.862819],[-87.628302,41.861991],[-87.629436,41.861967],[-87.629455,41.86282],[-87.629423,41.862817],[-87.6294,41.862787],[-87.629329,41.862758],[-87.629286,41.862761],[-87.629227,41.862797],[-87.629219,41.862869],[-87.629312,41.862943],[-87.628466,41.862956]]]}},{"type":"Feature","properties":{"label":null,"hover_name":null},"geometry":{"type":"MultiPolygon","coordinates":[[[[-87.632812,41.859548],[-87.632936,41.859345],[-87.632751,41.859745],[-87.632377,41.860009],[-87.632353,41.860009],[-87.632498,41.859902],[-87.632656,41.859747],[-87.632812,41.859548]]],[[[-87.632064,41.860013],[-87.63201,41.857838],[-87.633502,41.857826],[-87.633416,41.858032],[-87.633515,41.858033],[-87.633445,41.858205],[-87.633274,41.858529],[-87.63319,41.858525],[-87.633083,41.858775],[-87.633082,41.858873],[-87.632992,41.858872],[-87.632997,41.858959],[-87.63276,41.859502],[-87.632607,41.859708],[-87.632495,41.859806],[-87.632323,41.859905],[-87.632064,41.860013]]],[[[-87.63473,41.85618],[-87.636872,41.854499],[-87.636887,41.85491],[-87.636738,41.854912],[-87.636738,41.855118],[-87.636896,41.855116],[-87.636899,41.855296],[-87.636433,41.855725],[-87.636204,41.855896],[-87.635371,41.856636],[-87.635363,41.856678],[-87.63517,41.856867],[-87.634902,41.857354],[-87.634843,41.857487],[-87.634903,41.857502],[-87.63489,41.857594],[-87.634929,41.857621],[-87.634899,41.857622],[-87.634871,41.857803],[-87.634278,41.858895],[-87.634109,41.858977],[-87.634132,41.860076],[-87.63272,41.860095],[-87.634409,41.856454],[-87.63473,41.85618]]]]}},{"type":"Feature","properties":{"label":null,"hover_name":null},"geometry":{"type":"Polygon","coordinates":[[[-87.579422,41.765976],[-87.579405,41.765387],[-87.57997,41.76538],[-87.579977,41.765661],[-87.58053,41.765655],[-87.580533,41.765957],[-87.580508,41.765983],[-87.579448,41.765994],[-87.579422,41.765976]]]}},{"type":"Feature","properties":{"label":null,"hover_name":null},"geometry":{"type":"Polygon","coordinates":[[[-87.739712,41.768834],[-87.740443,41.768765],[-87.740374,41.771087],[-87.73955,41.771119],[-87.737463,41.771142],[-87.737643,41.770341],[-87.737789,41.769935],[-87.737925,41.769718],[-87.738092,41.769516],[-87.73822,41.7694],[-87.738477,41.76922],[-87.738771,41.769071],[-87.739067,41.768957],[-87.739394,41.768878],[-87.739712,41.768834]]]}},{"type":"Feature","properties":{"label":null,"hover_name":null},"geometry":{"type":"Polygon","coordinates":[[[-87.744421,41.939322],[-87.744404,41.938926],[-87.744774,41.938922],[-87.744784,41.939314],[-87.744421,41.939322]],[[-87.744411,41.938953],[-87.744409,41.938953],[-87.744409,41.938953],[-87.744411,41.938953]]]}},{"type":"Feature","properties":{"label":null,"hover_name":null},"geometry":{"type":"Polygon","coordinates":[[[-87.597684,41.813905],[-87.598094,41.813892],[-87.598097,41.814583],[-87.597326,41.8146],[-87.597269,41.814583],[-87.596989,41.814209],[-87.596982,41.813354],[-87.597005,41.81334],[-87.598055,41.813328],[-87.59808,41.813355],[-87.59809,41.813695],[-87.597681,41.8137],[-87.597684,41.813905]]]}},{"type":"Feature","properties":{"label":null,"hover_name":null},"geometry":{"type":"Polygon","coordinates":[[[-87.680874,41.975919],[-87.680871,41.97576],[-87.680954,41.975759],[-87.680946,41.975545],[-87.680862,41.975546],[-87.680828,41.974467],[-87.680073,41.974482],[-87.680037,41.973319],[-87.679922,41.973322],[-87.679923,41.973267],[-87.679886,41.973226],[-87.679837,41.973217],[-87.679455,41.973224],[-87.679411,41.973212],[-87.679384,41.972464],[-87.67944,41.972443],[-87.684101,41.97238],[-87.684158,41.973675],[-87.683703,41.973684],[-87.683685,41.973362],[-87.682594,41.973378],[-87.682602,41.973713],[-87.682376,41.973716],[-87.682422,41.974841],[-87.682652,41.974841],[-87.682685,41.975927],[-87.680905,41.975953],[-87.680874,41.975919]]]}},{"type":"Feature","properties":{"label":null,"hover_name":null},"geometry":{"type":"Polygon","coordinates":[[[-87.660654,41.962564],[-87.660919,41.962561],[-87.660924,41.962988],[-87.66033,41.962996],[-87.660326,41.962653],[-87.660653,41.962648],[-87.660654,41.962564]]]}},{"type":"Feature","properties":{"label":null,"hover_name":null},"geometry":{"type":"Polygon","coordinates":[[[-87.656845,41.954521],[-87.657092,41.954519],[-87.657254,41.96126],[-87.657349,41.961693],[-87.657058,41.961698],[-87.657042,41.961658],[-87.656845,41.954521]]]}},{"type":"Feature","properties":{"label":null,"hover_name":null},"geometry":{"type":"Polygon","coordinates":[[[-87.609228,41.814902],[-87.609222,41.814861],[-87.609166,41.814862],[-87.60912,41.813227],[-87.60917,41.813227],[-87.609173,41.813187],[-87.611464,41.813156],[-87.611485,41.813179],[-87.611529,41.814845],[-87.611517,41.814862],[-87.611485,41.814873],[-87.609247,41.814911],[-87.609228,41.814902]]]}},{"type":"Feature","properties":{"label":null,"hover_name":null},"geometry":{"type":"Polygon","coordinates":[[[-87.65686,41.951146],[-87.657007,41.951144],[-87.657078,41.954407],[-87.656931,41.954409],[-87.656911,41.954307],[-87.656858,41.952673],[-87.656878,41.952469],[-87.656836,41.95116],[-87.65686,41.951146]]]}},{"type":"Feature","properties":{"label":null,"hover_name":null},"geometry":{"type":"Polygon","coordinates":[[[-87.581809,41.799748],[-87.581934,41.799708],[-87.582393,41.799702],[-87.582461,41.799741],[-87.583991,41.799725],[-87.584973,41.802175],[-87.584961,41.802396],[-87.58491,41.802441],[-87.584831,41.802464],[-87.584074,41.802463],[-87.583829,41.802475],[-87.583662,41.802505],[-87.583597,41.802546],[-87.583555,41.802598],[-87.58359,41.804332],[-87.583474,41.804414],[-87.583376,41.804524],[-87.583351,41.804645],[-87.583363,41.8048],[-87.58339,41.804884],[-87.583502,41.805022],[-87.584158,41.80551],[-87.583337,41.804999],[-87.583003,41.804752],[-87.582796,41.804567],[-87.58252,41.804269],[-87.582275,41.803955],[-87.582066,41.803607],[-87.581936,41.803337],[-87.581779,41.802867],[-87.581735,41.802621],[-87.581708,41.802291],[-87.581685,41.800876],[-87.581658,41.800477],[-87.581666,41.7999],[-87.581747,41.799792],[-87.581809,41.799748]]]}},{"type":"Feature","properties":{"label":null,"hover_name":null},"geometry":{"type":"Polygon","coordinates":[[[-87.716763,41.870306],[-87.716742,41.869538],[-87.717766,41.869526],[-87.717776,41.869831],[-87.717792,41.869882],[-87.717812,41.869912],[-87.717931,41.86999],[-87.717933,41.870044],[-87.71789,41.870047],[-87.71789,41.870079],[-87.717934,41.870098],[-87.717935,41.870153],[-87.71789,41.870129],[-87.7179,41.870246],[-87.717938,41.87027],[-87.717938,41.870291],[-87.716763,41.870306]]]}},{"type":"Feature","properties":{"label":null,"hover_name":null},"geometry":{"type":"Polygon","coordinates":[[[-87.68412,41.88401],[-87.684113,41.883102],[-87.684813,41.883084],[-87.684811,41.883511],[-87.685405,41.883496],[-87.68541,41.88379],[-87.685374,41.883791],[-87.685382,41.883963],[-87.68412,41.88401]]]}},{"type":"Feature","properties":{"label":null,"hover_name":null},"geometry":{"type":"Polygon","coordinates":[[[-87.655371,41.835251],[-87.655828,41.835249],[-87.655834,41.835419],[-87.655375,41.835426],[-87.655371,41.835251]]]}},{"type":"Feature","properties":{"label":null,"hover_name":null},"geometry":{"type":"MultiPolygon","coordinates":[[[[-87.530262,41.691903],[-87.530439,41.691913],[-87.53045,41.691983],[-87.530434,41.692898],[-87.530368,41.6933],[-87.53025,41.693769],[-87.530118,41.694129],[-87.530015,41.694348],[-87.529427,41.695402],[-87.529276,41.695399],[-87.529237,41.695368],[-87.529814,41.694345],[-87.530047,41.693812],[-87.530139,41.693511],[-87.530248,41.692872],[-87.530265,41.692575],[-87.530262,41.691903]]],[[[-87.529165,41.695486],[-87.529312,41.695489],[-87.529344,41.695538],[-87.528957,41.696244],[-87.528779,41.696713],[-87.528691,41.697036],[-87.528631,41.69734],[-87.528594,41.697671],[-87.528578,41.698971],[-87.528568,41.699004],[-87.528547,41.699014],[-87.528442,41.699022],[-87.5284,41.699017],[-87.528396,41.69898],[-87.528393,41.697927],[-87.528455,41.697232],[-87.528597,41.696673],[-87.528692,41.696411],[-87.528821,41.696117],[-87.529165,41.695486]]],[[[-87.528364,41.702624],[-87.528371,41.701767],[-87.528233,41.701766],[-87.528233,41.699492],[-87.528247,41.699113],[-87.528592,41.699124],[-87.528608,41.69916],[-87.528604,41.702598],[-87.528588,41.702623],[-87.528364,41.702624]]],[[[-87.528362,41.702809],[-87.528493,41.702807],[-87.528362,41.702809],[-87.528362,41.702774],[-87.52859,41.702774],[-87.528603,41.702806],[-87.528598,41.704499],[-87.528376,41.704499],[-87.528362,41.702809]]],[[[-87.528452,41.706319],[-87.528409,41.70628],[-87.528374,41.704587],[-87.528605,41.704587],[-87.528615,41.706308],[-87.528603,41.706329],[-87.528452,41.706319]]]]}},{"type":"Feature","properties":{"label":null,"hover_name":null},"geometry":{"type":"Polygon","coordinates":[[[-87.665667,41.841333],[-87.665686,41.842587],[-87.665717,41.844653],[-87.665657,41.844624],[-87.665647,41.844557],[-87.665557,41.844546],[-87.665543,41.844526],[-87.665573,41.84444],[-87.66557,41.844353],[-87.665549,41.844312],[-87.665564,41.844264],[-87.665551,41.844028],[-87.665566,41.843998],[-87.665564,41.84387],[-87.665536,41.843768],[-87.665557,41.8437],[-87.665533,41.843401],[-87.665577,41.843278],[-87.665566,41.84314],[-87.665202,41.843034],[-87.664609,41.842801],[-87.664824,41.842408],[-87.66507,41.842141],[-87.665311,41.841817],[-87.665362,41.84171],[-87.665386,41.841696],[-87.665397,41.841557],[-87.665311,41.84152],[-87.665262,41.841464],[-87.665667,41.841333]]]}},{"type":"Feature","properties":{"label":null,"hover_name":null},"geometry":{"type":"Polygon","coordinates":[[[-87.621235,41.864684],[-87.621222,41.864212],[-87.621252,41.864206],[-87.622308,41.864199],[-87.622346,41.864251],[-87.622322,41.86467],[-87.621235,41.864684]]]}},{"type":"Feature","properties":{"label":null,"hover_name":null},"geometry":{"type":"Polygon","coordinates":[[[-87.717975,41.90696],[-87.71786,41.906785],[-87.718023,41.906785],[-87.718335,41.907211],[-87.718241,41.907212],[-87.718578,41.907687],[-87.718001,41.907693],[-87.717975,41.90696]]]}},{"type":"Feature","properties":{"label":null,"hover_name":null},"geometry":{"type":"Polygon","coordinates":[[[-87.694686,41.935268],[-87.694682,41.935133],[-87.69521,41.93513],[-87.695212,41.935265],[-87.694686,41.935268]]]}},{"type":"Feature","properties":{"label":null,"hover_name":null},"geometry":{"type":"Polygon","coordinates":[[[-87.722455,41.871619],[-87.722435,41.871595],[-87.722433,41.871235],[-87.722634,41.87123],[-87.722617,41.870807],[-87.722793,41.870806],[-87.722893,41.870838],[-87.723016,41.870798],[-87.723474,41.870799],[-87.7235,41.870835],[-87.723507,41.871178],[-87.723025,41.871185],[-87.723039,41.871617],[-87.722915,41.871581],[-87.722881,41.871583],[-87.722813,41.871619],[-87.722455,41.871619]]]}},{"type":"Feature","properties":{"label":null,"hover_name":null},"geometry":{"type":"Polygon","coordinates":[[[-87.540415,41.733814],[-87.540355,41.731295],[-87.540792,41.731289],[-87.54079,41.73122],[-87.540361,41.731225],[-87.540387,41.731087],[-87.540462,41.730879],[-87.540782,41.730875],[-87.54078,41.730806],[-87.540497,41.730809],[-87.540585,41.73067],[-87.540771,41.730458],[-87.540844,41.730422],[-87.540926,41.730332],[-87.541433,41.729939],[-87.541453,41.730728],[-87.542175,41.730725],[-87.542189,41.731279],[-87.542821,41.731265],[-87.542823,41.73133],[-87.542271,41.731348],[-87.542274,41.731754],[-87.542834,41.731743],[-87.542838,41.73193],[-87.542804,41.731957],[-87.5428,41.73205],[-87.542841,41.732074],[-87.542862,41.732956],[-87.54223,41.732973],[-87.542248,41.733787],[-87.540415,41.733814]]]}},{"type":"Feature","properties":{"label":null,"hover_name":null},"geometry":{"type":"Polygon","coordinates":[[[-87.625862,41.862379],[-87.625821,41.862337],[-87.625811,41.861915],[-87.62652,41.861904],[-87.626532,41.862374],[-87.625862,41.862379]]]}},{"type":"Feature","properties":{"label":null,"hover_name":null},"geometry":{"type":"Polygon","coordinates":[[[-87.655419,41.750903],[-87.655412,41.750541],[-87.656902,41.750519],[-87.656936,41.750552],[-87.656938,41.750617],[-87.656918,41.750643],[-87.656931,41.750868],[-87.656864,41.750884],[-87.655419,41.750903]]]}},{"type":"Feature","properties":{"label":null,"hover_name":null},"geometry":{"type":"Polygon","coordinates":[[[-87.680317,41.87228],[-87.680296,41.87148],[-87.682026,41.871455],[-87.682036,41.871856],[-87.681897,41.871858],[-87.681897,41.871886],[-87.681406,41.871894],[-87.681415,41.872221],[-87.68123,41.872223],[-87.681206,41.872263],[-87.681122,41.872269],[-87.680317,41.87228]]]}},{"type":"Feature","properties":{"label":null,"hover_name":null},"geometry":{"type":"MultiPolygon","coordinates":[[[[-87.641958,41.893111],[-87.642184,41.892999],[-87.642826,41.893497],[-87.643135,41.893607],[-87.643335,41.893773],[-87.642993,41.893777],[-87.642994,41.893803],[-87.641563,41.893817],[-87.641525,41.893435],[-87.64129,41.893129],[-87.641958,41.893111]]],[[[-87.643139,41.893979],[-87.643379,41.893903],[-87.643387,41.893994],[-87.643699,41.894219],[-87.643766,41.894542],[-87.64298,41.894562],[-87.642959,41.893981],[-87.643139,41.893979]]]]}},{"type":"Feature","properties":{"label":null,"hover_name":null},"geometry":{"type":"MultiPolygon","coordinates":[[[[-87.666855,41.914332],[-87.667609,41.914325],[-87.667572,41.914424],[-87.667601,41.914784],[-87.667592,41.915048],[-87.667625,41.915664],[-87.66758,41.915665],[-87.667004,41.914775],[-87.667107,41.914741],[-87.666855,41.914332]]],[[[-87.667988,41.91433],[-87.668889,41.914307],[-87.6689,41.914701],[-87.668388,41.914711],[-87.668412,41.915576],[-87.668673,41.915805],[-87.668671,41.91601],[-87.668137,41.916019],[-87.668037,41.915962],[-87.667988,41.91433]]]]}},{"type":"Feature","properties":{"label":null,"hover_name":null},"geometry":{"type":"MultiPolygon","coordinates":[[[[-87.608898,41.823848],[-87.607079,41.823828],[-87.607017,41.823802],[-87.606975,41.822878],[-87.606996,41.822849],[-87.607071,41.822824],[-87.609228,41.822802],[-87.609244,41.823303],[-87.608896,41.823302],[-87.608898,41.823848]]],[[[-87.604484,41.823787],[-87.604557,41.82363],[-87.604676,41.823487],[-87.604813,41.823385],[-87.605008,41.823283],[-87.606284,41.822885],[-87.606651,41.822844],[-87.606722,41.822851],[-87.606747,41.822867],[-87.606792,41.823821],[-87.606782,41.823859],[-87.606743,41.823886],[-87.605707,41.824229],[-87.6055,41.824255],[-87.605291,41.824257],[-87.605083,41.824238],[-87.604458,41.824108],[-87.604431,41.824083],[-87.604428,41.824013],[-87.604484,41.823787]]]]}},{"type":"Feature","properties":{"label":null,"hover_name":null},"geometry":{"type":"Polygon","coordinates":[[[-87.798484,41.777205],[-87.798485,41.776975],[-87.799647,41.776907],[-87.799381,41.77721],[-87.798527,41.777239],[-87.798484,41.777205]]]}},{"type":"Feature","properties":{"label":null,"hover_name":null},"geometry":{"type":"Polygon","coordinates":[[[-87.673128,42.021583],[-87.673132,42.021401],[-87.673635,42.021405],[-87.673632,42.021586],[-87.673128,42.021583]]]}},{"type":"Feature","properties":{"label":null,"hover_name":null},"geometry":{"type":"Polygon","coordinates":[[[-87.71298,41.869926],[-87.712957,41.869363],[-87.713237,41.869393],[-87.713249,41.869474],[-87.71337,41.869479],[-87.713371,41.869393],[-87.713778,41.86941],[-87.713782,41.869024],[-87.712795,41.869033],[-87.712805,41.869333],[-87.712919,41.869329],[-87.712925,41.869362],[-87.712346,41.869369],[-87.712346,41.869402],[-87.712155,41.869392],[-87.712146,41.869011],[-87.712057,41.869006],[-87.712051,41.868963],[-87.715417,41.868925],[-87.715455,41.869862],[-87.71542,41.869897],[-87.71298,41.869926]]]}},{"type":"Feature","properties":{"label":null,"hover_name":null},"geometry":{"type":"Polygon","coordinates":[[[-87.666123,41.844507],[-87.66603,41.844511],[-87.666006,41.844244],[-87.66602,41.843589],[-87.666087,41.843538],[-87.666085,41.843601],[-87.666293,41.843595],[-87.666302,41.84428],[-87.667924,41.844208],[-87.669428,41.843745],[-87.671144,41.843132],[-87.671086,41.840852],[-87.671371,41.840681],[-87.671454,41.84066],[-87.671483,41.843174],[-87.671151,41.843286],[-87.670495,41.843541],[-87.669529,41.843877],[-87.667162,41.844631],[-87.666511,41.844671],[-87.666123,41.844677],[-87.666123,41.844507]]]}},{"type":"Feature","properties":{"label":null,"hover_name":null},"geometry":{"type":"Polygon","coordinates":[[[-87.655458,41.990019],[-87.655445,41.989593],[-87.656075,41.989585],[-87.656088,41.990014],[-87.656072,41.990052],[-87.655514,41.99006],[-87.655475,41.990045],[-87.655458,41.990019]]]}},{"type":"Feature","properties":{"label":null,"hover_name":null},"geometry":{"type":"Polygon","coordinates":[[[-87.674372,42.022807],[-87.67437,42.022614],[-87.674343,42.022614],[-87.674344,42.022534],[-87.674296,42.022494],[-87.674304,42.021864],[-87.674332,42.02185],[-87.674463,42.021848],[-87.67455,42.021888],[-87.675368,42.022559],[-87.67547,42.02259],[-87.675575,42.022595],[-87.675573,42.022989],[-87.674419,42.02298],[-87.674424,42.022915],[-87.674372,42.022807]]]}},{"type":"Feature","properties":{"label":null,"hover_name":null},"geometry":{"type":"Polygon","coordinates":[[[-87.712456,41.853901],[-87.712977,41.853897],[-87.712978,41.853963],[-87.712458,41.853969],[-87.712456,41.853901]]]}},{"type":"Feature","properties":{"label":null,"hover_name":null},"geometry":{"type":"Polygon","coordinates":[[[-87.674032,41.898319],[-87.674044,41.898452],[-87.673527,41.89846],[-87.673523,41.898327],[-87.674032,41.898319]]]}},{"type":"Feature","properties":{"label":null,"hover_name":null},"geometry":{"type":"Polygon","coordinates":[[[-87.666112,41.957126],[-87.666295,41.957123],[-87.666305,41.957501],[-87.666122,41.957503],[-87.666112,41.957126]]]}},{"type":"Feature","properties":{"label":null,"hover_name":null},"geometry":{"type":"Polygon","coordinates":[[[-87.673235,41.932435],[-87.67332,41.932433],[-87.673355,41.933775],[-87.672513,41.933795],[-87.672483,41.932833],[-87.673246,41.932819],[-87.673235,41.932435]]]}},{"type":"Feature","properties":{"label":null,"hover_name":null},"geometry":{"type":"Polygon","coordinates":[[[-87.529879,41.740585],[-87.529494,41.737587],[-87.529477,41.737627],[-87.528957,41.734185],[-87.529662,41.733887],[-87.531056,41.737898],[-87.530774,41.737923],[-87.530652,41.738019],[-87.530645,41.738138],[-87.530982,41.740568],[-87.529879,41.740585]]]}},{"type":"Feature","properties":{"label":null,"hover_name":null},"geometry":{"type":"Polygon","coordinates":[[[-87.605256,41.78215],[-87.605239,41.782196],[-87.604458,41.782207],[-87.604408,41.782183],[-87.604377,41.780979],[-87.605223,41.780971],[-87.605256,41.78215]]]}},{"type":"Feature","properties":{"label":null,"hover_name":null},"geometry":{"type":"MultiPolygon","coordinates":[[[[-87.709012,41.991209],[-87.708827,41.990529],[-87.709002,41.990525],[-87.709185,41.99117],[-87.709211,41.991194],[-87.709271,41.99141],[-87.709008,41.991251],[-87.709012,41.991209]]],[[[-87.710325,41.995842],[-87.709393,41.995856],[-87.70939,41.995802],[-87.709275,41.992278],[-87.709136,41.991682],[-87.70915,41.991651],[-87.709177,41.991642],[-87.709206,41.991643],[-87.709195,41.991655],[-87.709361,41.991756],[-87.70941,41.991888],[-87.709437,41.992157],[-87.709897,41.993989],[-87.710325,41.995842]]],[[[-87.710885,41.992671],[-87.710874,41.992742],[-87.710819,41.992788],[-87.710562,41.99282],[-87.710483,41.99285],[-87.710454,41.992885],[-87.710443,41.992978],[-87.710371,41.992988],[-87.710588,41.99402],[-87.710765,41.995048],[-87.711357,41.994976],[-87.711665,41.996543],[-87.711563,41.996755],[-87.711503,41.99693],[-87.711481,41.997063],[-87.711306,41.997225],[-87.711378,41.997223],[-87.71138,41.99725],[-87.711256,41.99726],[-87.711216,41.99726],[-87.71117,41.997212],[-87.711176,41.997183],[-87.711287,41.997168],[-87.711282,41.997068],[-87.711169,41.997067],[-87.711166,41.996658],[-87.711099,41.996169],[-87.710856,41.996056],[-87.710714,41.996068],[-87.710596,41.995244],[-87.71032,41.993922],[-87.710315,41.993803],[-87.710259,41.993507],[-87.710203,41.993381],[-87.710125,41.993018],[-87.710094,41.992981],[-87.710038,41.992761],[-87.709756,41.992065],[-87.70986,41.992085],[-87.709848,41.99202],[-87.710885,41.992671]]]]}},{"type":"Feature","properties":{"label":null,"hover_name":null},"geometry":{"type":"Polygon","coordinates":[[[-87.628478,41.783065],[-87.628419,41.780222],[-87.628428,41.780105],[-87.630045,41.780907],[-87.63003,41.780906],[-87.630051,41.781581],[-87.628787,41.781603],[-87.628838,41.783059],[-87.628478,41.783065]]]}},{"type":"Feature","properties":{"label":null,"hover_name":null},"geometry":{"type":"Polygon","coordinates":[[[-87.736208,41.777977],[-87.736201,41.777757],[-87.7356,41.77776],[-87.735597,41.777639],[-87.735448,41.777638],[-87.735448,41.777573],[-87.734996,41.777577],[-87.734971,41.776773],[-87.734992,41.776742],[-87.73688,41.776712],[-87.736921,41.776729],[-87.737234,41.776721],[-87.737269,41.777967],[-87.736208,41.777977]]]}},{"type":"Feature","properties":{"label":null,"hover_name":null},"geometry":{"type":"Polygon","coordinates":[[[-87.681923,41.91262],[-87.681723,41.912494],[-87.681325,41.912236],[-87.682327,41.912221],[-87.682335,41.912583],[-87.68232,41.912604],[-87.681923,41.91262]]]}},{"type":"Feature","properties":{"label":null,"hover_name":null},"geometry":{"type":"Polygon","coordinates":[[[-87.686421,41.836328],[-87.687248,41.836313],[-87.687262,41.836801],[-87.685374,41.837409],[-87.685355,41.83662],[-87.685846,41.836614],[-87.685843,41.836475],[-87.686423,41.836464],[-87.686421,41.836328]]]}},{"type":"Feature","properties":{"label":null,"hover_name":null},"geometry":{"type":"Polygon","coordinates":[[[-87.649952,41.844295],[-87.646551,41.844418],[-87.646489,41.84172],[-87.649215,41.841698],[-87.649752,41.841434],[-87.651611,41.843608],[-87.65152,41.843689],[-87.651331,41.843783],[-87.651368,41.84383],[-87.650089,41.844451],[-87.649952,41.844295]]]}},{"type":"Feature","properties":{"label":null,"hover_name":null},"geometry":{"type":"Polygon","coordinates":[[[-87.629244,41.873087],[-87.629572,41.873082],[-87.629534,41.87317],[-87.629539,41.87335],[-87.629605,41.873509],[-87.629585,41.873554],[-87.629587,41.873624],[-87.629272,41.873628],[-87.629244,41.873087]]]}},{"type":"Feature","properties":{"label":null,"hover_name":null},"geometry":{"type":"Polygon","coordinates":[[[-87.599724,41.820021],[-87.600596,41.819731],[-87.600787,41.82006],[-87.59994,41.820343],[-87.599884,41.820387],[-87.599864,41.820429],[-87.599863,41.820471],[-87.599979,41.820832],[-87.600017,41.821276],[-87.600088,41.821477],[-87.600041,41.821491],[-87.598379,41.819316],[-87.598413,41.8193],[-87.598557,41.819434],[-87.599035,41.819665],[-87.599313,41.819833],[-87.599551,41.820005],[-87.599612,41.820028],[-87.599724,41.820021]]]}},{"type":"Feature","properties":{"label":null,"hover_name":null},"geometry":{"type":"MultiPolygon","coordinates":[[[[-87.719293,41.986623],[-87.718826,41.986617],[-87.71872,41.983029],[-87.718777,41.983009],[-87.720613,41.982987],[-87.720615,41.983052],[-87.720596,41.983052],[-87.720615,41.983052],[-87.720648,41.984103],[-87.722126,41.984098],[-87.722129,41.984653],[-87.719744,41.984672],[-87.719755,41.98531],[-87.719574,41.985309],[-87.719572,41.985471],[-87.719227,41.985469],[-87.719293,41.986623]]],[[[-87.721764,41.989558],[-87.7218,41.98945],[-87.721972,41.989298],[-87.721962,41.989217],[-87.72186,41.98894],[-87.721835,41.988728],[-87.72196,41.988621],[-87.721989,41.988528],[-87.721992,41.988331],[-87.721939,41.988226],[-87.721831,41.988177],[-87.721807,41.988047],[-87.72194,41.988049],[-87.722103,41.988025],[-87.722189,41.988042],[-87.722285,41.988107],[-87.722382,41.988132],[-87.722458,41.988116],[-87.722524,41.987979],[-87.722471,41.987907],[-87.722461,41.987834],[-87.722515,41.987778],[-87.722634,41.987811],[-87.722709,41.987851],[-87.722785,41.98786],[-87.722871,41.987812],[-87.722938,41.987675],[-87.723067,41.98766],[-87.723337,41.987736],[-87.723912,41.987479],[-87.723975,41.987576],[-87.72558,41.98694],[-87.725689,41.98686],[-87.725818,41.986734],[-87.725899,41.986593],[-87.72599,41.986509],[-87.726344,41.986455],[-87.726402,41.986402],[-87.726473,41.986293],[-87.726467,41.986018],[-87.726509,41.985976],[-87.726566,41.985959],[-87.727336,41.985955],[-87.727344,41.986062],[-87.727075,41.986064],[-87.727081,41.986423],[-87.727737,41.98642],[-87.727747,41.986377],[-87.727837,41.98636],[-87.72783,41.98611],[-87.72767,41.986109],[-87.727675,41.986064],[-87.727453,41.986055],[-87.727454,41.985955],[-87.72835,41.98595],[-87.728424,41.985981],[-87.728442,41.986013],[-87.728534,41.989561],[-87.728145,41.989758],[-87.728147,41.989589],[-87.727877,41.989587],[-87.727885,41.990031],[-87.727494,41.990066],[-87.721366,41.990144],[-87.7214,41.990046],[-87.721605,41.98965],[-87.721716,41.98961],[-87.721764,41.989558]]]]}},{"type":"Feature","properties":{"label":null,"hover_name":null},"geometry":{"type":"MultiPolygon","coordinates":[[[[-87.712957,41.863577],[-87.714555,41.863545],[-87.714571,41.864048],[-87.713008,41.864061],[-87.71297,41.864027],[-87.712957,41.863577]]],[[[-87.711332,41.864086],[-87.711322,41.863592],[-87.712843,41.863575],[-87.712854,41.864042],[-87.712826,41.864068],[-87.711332,41.864086]]]]}},{"type":"Feature","properties":{"label":null,"hover_name":null},"geometry":{"type":"Polygon","coordinates":[[[-87.648517,41.915963],[-87.649004,41.915955],[-87.649003,41.91602],[-87.648973,41.916054],[-87.648973,41.916092],[-87.648519,41.916099],[-87.648517,41.915963]]]}},{"type":"Feature","properties":{"label":null,"hover_name":null},"geometry":{"type":"Polygon","coordinates":[[[-87.662176,41.907131],[-87.66259,41.907122],[-87.662634,41.907145],[-87.662656,41.907624],[-87.662625,41.907623],[-87.662176,41.907159],[-87.662176,41.907131]]]}},{"type":"Feature","properties":{"label":null,"hover_name":null},"geometry":{"type":"Polygon","coordinates":[[[-87.643135,41.879813],[-87.643118,41.879341],[-87.643944,41.87933],[-87.643968,41.879896],[-87.64317,41.879907],[-87.643167,41.879838],[-87.643113,41.879839],[-87.643135,41.879813]]]}},{"type":"Feature","properties":{"label":null,"hover_name":null},"geometry":{"type":"Polygon","coordinates":[[[-87.709179,42.01179],[-87.709161,42.011773],[-87.709182,42.011482],[-87.70928,42.010541],[-87.709412,42.005424],[-87.709442,42.004926],[-87.709471,41.998025],[-87.710051,41.998013],[-87.71004,41.99747],[-87.710425,41.997463],[-87.71045,41.998036],[-87.710462,42.000182],[-87.710324,42.004177],[-87.710178,42.011791],[-87.709179,42.01179]],[[-87.70919,42.011683],[-87.709316,42.01054],[-87.70919,42.011668],[-87.70919,42.011683]]]}},{"type":"Feature","properties":{"label":null,"hover_name":null},"geometry":{"type":"MultiPolygon","coordinates":[[[[-87.70723,41.921364],[-87.707212,41.920771],[-87.707295,41.920797],[-87.707423,41.920893],[-87.707477,41.920981],[-87.707496,41.921123],[-87.707413,41.921257],[-87.70723,41.921364]]],[[[-87.702038,41.920813],[-87.702075,41.920813],[-87.702097,41.92083],[-87.70211,41.921418],[-87.702067,41.921422],[-87.701916,41.921357],[-87.701848,41.921305],[-87.701797,41.921245],[-87.701769,41.921142],[-87.701788,41.921022],[-87.70183,41.920955],[-87.701924,41.920865],[-87.702038,41.920813]]],[[[-87.702281,41.920772],[-87.706977,41.920736],[-87.707,41.921388],[-87.702295,41.921429],[-87.702281,41.920772]]]]}},{"type":"Feature","properties":{"label":null,"hover_name":null},"geometry":{"type":"Polygon","coordinates":[[[-87.628276,41.849147],[-87.628248,41.847508],[-87.628701,41.847516],[-87.628869,41.847556],[-87.629729,41.84796],[-87.629763,41.849114],[-87.629376,41.849119],[-87.629377,41.849163],[-87.628316,41.849175],[-87.628276,41.849147]]]}},{"type":"Feature","properties":{"label":null,"hover_name":null},"geometry":{"type":"Polygon","coordinates":[[[-87.627771,41.877802],[-87.62777,41.876971],[-87.627809,41.876959],[-87.628636,41.876962],[-87.628653,41.877212],[-87.62823,41.87722],[-87.628245,41.877797],[-87.627771,41.877802]]]}},{"type":"Feature","properties":{"label":null,"hover_name":null},"geometry":{"type":"Polygon","coordinates":[[[-87.649725,41.880366],[-87.64969,41.879237],[-87.650689,41.879218],[-87.650714,41.879251],[-87.650749,41.880344],[-87.650736,41.880367],[-87.650703,41.88038],[-87.64978,41.880394],[-87.649725,41.880366]]]}},{"type":"Feature","properties":{"label":null,"hover_name":null},"geometry":{"type":"Polygon","coordinates":[[[-87.673725,41.946781],[-87.673484,41.946424],[-87.673368,41.946296],[-87.67325,41.946126],[-87.673425,41.946056],[-87.673707,41.946061],[-87.673725,41.946781]]]}},{"type":"Feature","properties":{"label":null,"hover_name":null},"geometry":{"type":"Polygon","coordinates":[[[-87.617245,41.88651],[-87.617247,41.886061],[-87.6163,41.886057],[-87.616292,41.885653],[-87.616339,41.885589],[-87.616417,41.885572],[-87.618966,41.885539],[-87.619054,41.885572],[-87.61907,41.885612],[-87.619091,41.88642],[-87.619038,41.886477],[-87.618964,41.886493],[-87.617245,41.88651]]]}},{"type":"Feature","properties":{"label":null,"hover_name":null},"geometry":{"type":"Polygon","coordinates":[[[-87.618899,41.857712],[-87.61939,41.857587],[-87.61948,41.857789],[-87.619571,41.857892],[-87.61957,41.85803],[-87.619091,41.858034],[-87.618899,41.857712]]]}},{"type":"Feature","properties":{"label":null,"hover_name":null},"geometry":{"type":"MultiPolygon","coordinates":[[[[-87.633413,41.661358],[-87.632984,41.660474],[-87.63242,41.65954],[-87.632094,41.658939],[-87.63139,41.657997],[-87.631545,41.657925],[-87.631699,41.657919],[-87.631937,41.658339],[-87.632091,41.658566],[-87.632229,41.658851],[-87.632753,41.659811],[-87.63275,41.659734],[-87.633139,41.66052],[-87.633131,41.660587],[-87.63312,41.660567],[-87.634468,41.663207],[-87.634081,41.663218],[-87.634064,41.663184],[-87.634174,41.663152],[-87.634234,41.663088],[-87.63424,41.663024],[-87.634214,41.66293],[-87.633413,41.661358]]],[[[-87.637256,41.668718],[-87.636867,41.668714],[-87.636843,41.66868],[-87.63437,41.663809],[-87.634166,41.66339],[-87.634149,41.663351],[-87.634163,41.663343],[-87.634511,41.663342],[-87.634564,41.663376],[-87.636387,41.666955],[-87.636454,41.666997],[-87.636463,41.667048],[-87.63641,41.667048],[-87.636756,41.667733],[-87.636697,41.667783],[-87.636699,41.667947],[-87.636728,41.667952],[-87.636771,41.667919],[-87.636779,41.668118],[-87.636818,41.668163],[-87.636872,41.668176],[-87.636925,41.668161],[-87.636954,41.668125],[-87.637256,41.668718]],[[-87.635113,41.665258],[-87.634658,41.664356],[-87.635022,41.665078],[-87.635113,41.665258]],[[-87.635045,41.664349],[-87.6355,41.665249],[-87.635409,41.665069],[-87.635045,41.664349]]],[[[-87.637785,41.670542],[-87.637757,41.670487],[-87.636904,41.668802],[-87.637287,41.6688],[-87.637382,41.668819],[-87.637367,41.668941],[-87.637796,41.66979],[-87.637688,41.669814],[-87.637735,41.669933],[-87.637857,41.66991],[-87.637923,41.670042],[-87.637989,41.670043],[-87.638002,41.670197],[-87.638152,41.670501],[-87.638133,41.670539],[-87.637785,41.670542]]],[[[-87.638694,41.672352],[-87.638211,41.671386],[-87.638145,41.671386],[-87.638141,41.671247],[-87.637848,41.670667],[-87.637867,41.670619],[-87.638273,41.670619],[-87.638885,41.671837],[-87.638831,41.671837],[-87.639079,41.672345],[-87.638694,41.672352]]],[[[-87.638743,41.672436],[-87.639204,41.672427],[-87.63927,41.672443],[-87.639314,41.67314],[-87.63932,41.673663],[-87.639245,41.673664],[-87.638764,41.672711],[-87.638763,41.672478],[-87.638743,41.672436]]],[[[-87.640525,41.675947],[-87.639702,41.674335],[-87.639445,41.674338],[-87.63946,41.674261],[-87.640057,41.674262],[-87.640892,41.675914],[-87.640888,41.67594],[-87.640795,41.675953],[-87.640525,41.675947]]],[[[-87.641446,41.677764],[-87.640594,41.676098],[-87.640784,41.676474],[-87.640717,41.676476],[-87.640701,41.676384],[-87.640562,41.676098],[-87.640577,41.676069],[-87.640968,41.676071],[-87.640983,41.676094],[-87.641779,41.677682],[-87.641783,41.677729],[-87.641759,41.677757],[-87.641446,41.677764]]],[[[-87.642118,41.679083],[-87.642098,41.678282],[-87.64276,41.679581],[-87.642371,41.679586],[-87.642118,41.679083]]],[[[-87.645099,41.684988],[-87.642436,41.679715],[-87.642825,41.67971],[-87.645487,41.684981],[-87.645099,41.684988]]],[[[-87.647056,41.688088],[-87.646984,41.687944],[-87.647047,41.687944],[-87.647056,41.688088]]],[[[-87.647056,41.688088],[-87.6479,41.689728],[-87.647937,41.68983],[-87.648,41.689933],[-87.648083,41.689977],[-87.648084,41.689989],[-87.648017,41.68999],[-87.648257,41.690465],[-87.648335,41.690553],[-87.648365,41.690554],[-87.648501,41.690825],[-87.648537,41.690895],[-87.648503,41.690908],[-87.648497,41.690939],[-87.648714,41.69137],[-87.648669,41.69128],[-87.648688,41.69128],[-87.648774,41.69146],[-87.64876,41.69146],[-87.649144,41.692221],[-87.648755,41.692225],[-87.645162,41.685113],[-87.645551,41.685108],[-87.647056,41.688088]]],[[[-87.649663,41.693248],[-87.650667,41.69525],[-87.650673,41.695263],[-87.650883,41.695672],[-87.650067,41.694048],[-87.650096,41.694049],[-87.652174,41.698211],[-87.652247,41.698212],[-87.652244,41.698324],[-87.65228,41.6984],[-87.652404,41.69862],[-87.652478,41.698657],[-87.652399,41.698659],[-87.652811,41.699481],[-87.652431,41.699494],[-87.648816,41.692346],[-87.649203,41.692337],[-87.649586,41.693096],[-87.649646,41.693096],[-87.649657,41.693195],[-87.649693,41.693218],[-87.649679,41.693268],[-87.649663,41.693248]]],[[[-87.652889,41.699625],[-87.652623,41.699626],[-87.6525,41.69963],[-87.65248,41.699582],[-87.652877,41.699578],[-87.652889,41.699625]]],[[[-87.6525,41.69963],[-87.652889,41.699625],[-87.653188,41.700216],[-87.653089,41.700358],[-87.653496,41.701099],[-87.653596,41.701041],[-87.654651,41.703106],[-87.654259,41.703114],[-87.653635,41.701874],[-87.653645,41.701791],[-87.653472,41.701478],[-87.653439,41.701262],[-87.653013,41.700415],[-87.652946,41.700498],[-87.6525,41.69963]]]]}},{"type":"Feature","properties":{"label":null,"hover_name":null},"geometry":{"type":"Polygon","coordinates":[[[-87.688582,41.92886],[-87.688254,41.92864],[-87.688188,41.928662],[-87.688055,41.928588],[-87.688313,41.928523],[-87.688714,41.928458],[-87.689221,41.928425],[-87.689556,41.928453],[-87.689822,41.928525],[-87.690131,41.928578],[-87.690342,41.928596],[-87.690348,41.928774],[-87.690297,41.928743],[-87.690094,41.928809],[-87.68891,41.928762],[-87.688582,41.92886]]]}},{"type":"Feature","properties":{"label":null,"hover_name":null},"geometry":{"type":"Polygon","coordinates":[[[-87.620794,41.856721],[-87.621599,41.856712],[-87.621598,41.856539],[-87.622163,41.85653],[-87.622173,41.856986],[-87.621836,41.85699],[-87.621835,41.85696],[-87.621767,41.85696],[-87.621767,41.856997],[-87.6217,41.856998],[-87.621702,41.857139],[-87.621762,41.857139],[-87.621762,41.857158],[-87.622177,41.857154],[-87.622191,41.85782],[-87.622169,41.857848],[-87.621625,41.857858],[-87.621623,41.85782],[-87.621536,41.857822],[-87.621533,41.857617],[-87.620812,41.857629],[-87.620794,41.856721]],[[-87.621624,41.85782],[-87.621624,41.85782],[-87.621624,41.85782],[-87.621624,41.85782]]]}},{"type":"Feature","properties":{"label":null,"hover_name":null},"geometry":{"type":"Polygon","coordinates":[[[-87.642989,41.888969],[-87.642983,41.888536],[-87.644182,41.888524],[-87.644195,41.88895],[-87.642989,41.888969]]]}},{"type":"Feature","properties":{"label":null,"hover_name":null},"geometry":{"type":"Polygon","coordinates":[[[-87.749405,41.938715],[-87.749379,41.938581],[-87.749433,41.938596],[-87.74943,41.938459],[-87.749372,41.938434],[-87.749369,41.938367],[-87.749835,41.938355],[-87.749849,41.93873],[-87.749453,41.938734],[-87.749405,41.938715]]]}},{"type":"Feature","properties":{"label":null,"hover_name":null},"geometry":{"type":"Polygon","coordinates":[[[-87.70143,41.842652],[-87.701379,41.840873],[-87.700153,41.840889],[-87.700083,41.838426],[-87.702079,41.837647],[-87.702071,41.837373],[-87.702254,41.837369],[-87.702309,41.839189],[-87.70301,41.839177],[-87.703022,41.839188],[-87.703079,41.840858],[-87.703069,41.840916],[-87.702495,41.840923],[-87.702495,41.841011],[-87.70247,41.841012],[-87.702502,41.842048],[-87.701961,41.842645],[-87.70143,41.842652]]]}},{"type":"Feature","properties":{"label":null,"hover_name":null},"geometry":{"type":"Polygon","coordinates":[[[-87.654904,41.917215],[-87.654882,41.916426],[-87.655314,41.916419],[-87.655331,41.917209],[-87.654904,41.917215]]]}},{"type":"Feature","properties":{"label":null,"hover_name":null},"geometry":{"type":"Polygon","coordinates":[[[-87.704596,41.914132],[-87.704594,41.91405],[-87.703898,41.914056],[-87.703895,41.91394],[-87.70459,41.913934],[-87.704588,41.913867],[-87.705102,41.913863],[-87.705118,41.913906],[-87.705121,41.914128],[-87.704596,41.914132]]]}},{"type":"Feature","properties":{"label":null,"hover_name":null},"geometry":{"type":"MultiPolygon","coordinates":[[[[-87.737207,41.992],[-87.737248,41.992127],[-87.737498,41.992917],[-87.737435,41.992916],[-87.737431,41.992709],[-87.737213,41.992079],[-87.737099,41.992009],[-87.737207,41.992]]],[[[-87.738256,41.995303],[-87.736897,41.990976],[-87.736712,41.990175],[-87.736678,41.989992],[-87.736823,41.98999],[-87.736818,41.989956],[-87.736672,41.989958],[-87.736586,41.989394],[-87.736513,41.988615],[-87.736491,41.987727],[-87.736508,41.987238],[-87.736644,41.987174],[-87.736654,41.987053],[-87.736516,41.987111],[-87.736535,41.986884],[-87.736647,41.986008],[-87.736808,41.98518],[-87.736838,41.985184],[-87.737054,41.984381],[-87.737288,41.983689],[-87.737638,41.982802],[-87.738012,41.982799],[-87.737701,41.983521],[-87.737519,41.984001],[-87.737506,41.984036],[-87.737559,41.984094],[-87.737486,41.984095],[-87.73736,41.984491],[-87.737367,41.984576],[-87.737335,41.984577],[-87.737228,41.984967],[-87.737254,41.984991],[-87.737178,41.985216],[-87.73714,41.985422],[-87.737121,41.985422],[-87.73704,41.985832],[-87.736974,41.986242],[-87.736896,41.98695],[-87.736718,41.987025],[-87.736713,41.987141],[-87.736796,41.987102],[-87.736778,41.987982],[-87.736812,41.988745],[-87.736852,41.989187],[-87.736961,41.989955],[-87.736885,41.989956],[-87.73689,41.989989],[-87.737048,41.989987],[-87.73723,41.990811],[-87.737438,41.991537],[-87.737593,41.992024],[-87.737695,41.992347],[-87.737632,41.992148],[-87.737593,41.992024],[-87.737668,41.992027],[-87.737664,41.992064],[-87.73777,41.992389],[-87.737824,41.992454],[-87.737847,41.992527],[-87.737736,41.992475],[-87.738096,41.993607],[-87.738156,41.993607],[-87.738201,41.993788],[-87.738153,41.993788],[-87.738489,41.994846],[-87.738551,41.994846],[-87.738571,41.994882],[-87.738502,41.994885],[-87.739224,41.997166],[-87.738843,41.997166],[-87.738624,41.996463],[-87.738585,41.99639],[-87.738256,41.995303]],[[-87.737551,41.98391],[-87.737607,41.983754],[-87.737595,41.983786],[-87.737551,41.98391]]]]}},{"type":"Feature","properties":{"label":null,"hover_name":null},"geometry":{"type":"Polygon","coordinates":[[[-87.688842,41.928067],[-87.688073,41.927642],[-87.688018,41.927467],[-87.687861,41.927282],[-87.688316,41.927278],[-87.688326,41.927577],[-87.68849,41.927726],[-87.688849,41.927723],[-87.68891,41.92774],[-87.688919,41.928007],[-87.688936,41.92806],[-87.688842,41.928067]]]}},{"type":"Feature","properties":{"label":null,"hover_name":null},"geometry":{"type":"Polygon","coordinates":[[[-87.708481,42.015464],[-87.708551,42.012308],[-87.708971,42.012299],[-87.708949,42.013332],[-87.708701,42.014425],[-87.708669,42.015424],[-87.708652,42.015451],[-87.708619,42.01546],[-87.708481,42.015464]]]}},{"type":"Feature","properties":{"label":null,"hover_name":null},"geometry":{"type":"Polygon","coordinates":[[[-87.681288,41.699977],[-87.681306,41.700527],[-87.680834,41.700536],[-87.680817,41.699985],[-87.681288,41.699977]]]}},{"type":"Feature","properties":{"label":null,"hover_name":null},"geometry":{"type":"Polygon","coordinates":[[[-87.654127,41.993703],[-87.655428,41.993684],[-87.655433,41.99389],[-87.654128,41.993908],[-87.654127,41.993703]]]}},{"type":"Feature","properties":{"label":null,"hover_name":null},"geometry":{"type":"Polygon","coordinates":[[[-87.63985,41.897346],[-87.639336,41.897353],[-87.639333,41.897265],[-87.638776,41.897274],[-87.638753,41.89669],[-87.638771,41.896653],[-87.63882,41.896635],[-87.639805,41.896626],[-87.639823,41.896651],[-87.63985,41.897346]]]}},{"type":"Feature","properties":{"label":null,"hover_name":null},"geometry":{"type":"Polygon","coordinates":[[[-87.624824,41.859107],[-87.625525,41.859095],[-87.625546,41.859836],[-87.624841,41.859848],[-87.624824,41.859107]]]}},{"type":"Feature","properties":{"label":null,"hover_name":null},"geometry":{"type":"Polygon","coordinates":[[[-87.579301,41.719861],[-87.579344,41.719514],[-87.579442,41.719471],[-87.580032,41.719458],[-87.580504,41.719248],[-87.580055,41.71874],[-87.578619,41.719472],[-87.568412,41.708134],[-87.568413,41.708101],[-87.568687,41.708096],[-87.568702,41.708129],[-87.568688,41.708096],[-87.56877,41.708094],[-87.568763,41.708099],[-87.56876,41.708104],[-87.568759,41.708108],[-87.568759,41.708128],[-87.568732,41.708129],[-87.568921,41.708126],[-87.56876,41.708128],[-87.568771,41.708094],[-87.573597,41.708027],[-87.584691,41.720437],[-87.584702,41.72074],[-87.584432,41.720439],[-87.584311,41.7205],[-87.583656,41.719768],[-87.581063,41.719767],[-87.581075,41.720272],[-87.57925,41.720302],[-87.579262,41.720784],[-87.579144,41.720786],[-87.579125,41.720035],[-87.579073,41.719976],[-87.579301,41.719861]]]}},{"type":"Feature","properties":{"label":null,"hover_name":null},"geometry":{"type":"Polygon","coordinates":[[[-87.559483,41.652165],[-87.560018,41.651861],[-87.560209,41.651861],[-87.560303,41.651952],[-87.564524,41.651964],[-87.564722,41.651979],[-87.564921,41.652014],[-87.56516,41.652079],[-87.565444,41.652185],[-87.566334,41.653051],[-87.566569,41.652925],[-87.567584,41.653943],[-87.568009,41.653735],[-87.571295,41.657044],[-87.571855,41.657862],[-87.571901,41.657987],[-87.571923,41.658127],[-87.571938,41.658513],[-87.569076,41.658521],[-87.569076,41.658996],[-87.569653,41.658999],[-87.569653,41.65905],[-87.568909,41.659048],[-87.568909,41.658281],[-87.571656,41.658279],[-87.571649,41.657989],[-87.57155,41.657875],[-87.564393,41.657894],[-87.563571,41.65803],[-87.561203,41.658098],[-87.560409,41.658061],[-87.559889,41.657981],[-87.55947,41.657679],[-87.55947,41.657774],[-87.559397,41.65772],[-87.559379,41.657679],[-87.559392,41.652164],[-87.559483,41.652165]]]}},{"type":"Feature","properties":{"label":null,"hover_name":null},"geometry":{"type":"Polygon","coordinates":[[[-87.564499,41.695506],[-87.564415,41.688215],[-87.564326,41.684607],[-87.576341,41.684515],[-87.576389,41.688043],[-87.573913,41.68806],[-87.573914,41.688151],[-87.573992,41.68815],[-87.573986,41.688247],[-87.576391,41.688224],[-87.576464,41.693725],[-87.576438,41.694695],[-87.576387,41.694832],[-87.576391,41.695171],[-87.576176,41.695426],[-87.575685,41.695429],[-87.575407,41.695539],[-87.575054,41.695645],[-87.574717,41.695686],[-87.572794,41.695794],[-87.570313,41.695831],[-87.569013,41.695811],[-87.567588,41.695857],[-87.566241,41.695847],[-87.565891,41.695798],[-87.565575,41.695703],[-87.565184,41.695497],[-87.564499,41.695506]],[[-87.570343,41.69537],[-87.570322,41.69374],[-87.569355,41.693746],[-87.569377,41.695374],[-87.570343,41.69537]]]}},{"type":"Feature","properties":{"label":null,"hover_name":null},"geometry":{"type":"Polygon","coordinates":[[[-87.540392,41.751857],[-87.530996,41.748081],[-87.530494,41.744933],[-87.530183,41.742709],[-87.530002,41.741672],[-87.529994,41.741304],[-87.530696,41.741096],[-87.530955,41.741093],[-87.531302,41.742962],[-87.532142,41.747175],[-87.534298,41.747588],[-87.534587,41.747566],[-87.534962,41.748158],[-87.536973,41.748548],[-87.538069,41.748531],[-87.540138,41.748542],[-87.540322,41.748567],[-87.540352,41.748821],[-87.540434,41.749108],[-87.540588,41.749422],[-87.540777,41.749685],[-87.540956,41.749875],[-87.541177,41.750063],[-87.54153,41.750292],[-87.541786,41.750418],[-87.542069,41.750528],[-87.544257,41.751114],[-87.54431,41.751172],[-87.544315,41.751398],[-87.544382,41.751624],[-87.544459,41.751771],[-87.544584,41.751937],[-87.540843,41.751987],[-87.540496,41.751871],[-87.540392,41.751857]]]}},{"type":"Feature","properties":{"label":null,"hover_name":null},"geometry":{"type":"Polygon","coordinates":[[[-87.682746,41.914281],[-87.683015,41.914048],[-87.68338,41.914287],[-87.683112,41.914517],[-87.682746,41.914281]]]}},{"type":"Feature","properties":{"label":null,"hover_name":null},"geometry":{"type":"Polygon","coordinates":[[[-87.687346,41.98493],[-87.689354,41.984889],[-87.689492,41.988993],[-87.689493,41.989907],[-87.689154,41.989912],[-87.688705,41.989953],[-87.688638,41.989903],[-87.688397,41.989861],[-87.688155,41.9899],[-87.687819,41.989928],[-87.687672,41.989897],[-87.687432,41.989736],[-87.687312,41.989635],[-87.687273,41.989494],[-87.687263,41.989174],[-87.687346,41.988984],[-87.687427,41.988855],[-87.687509,41.988765],[-87.687577,41.988615],[-87.687592,41.988465],[-87.68749,41.987994],[-87.687599,41.987844],[-87.687654,41.987704],[-87.687642,41.987564],[-87.687535,41.987484],[-87.687428,41.987433],[-87.687346,41.98493]]]}},{"type":"Feature","properties":{"label":null,"hover_name":null},"geometry":{"type":"Polygon","coordinates":[[[-87.661513,41.880322],[-87.661853,41.880315],[-87.661885,41.880337],[-87.661902,41.880865],[-87.66153,41.880872],[-87.661513,41.880322]]]}},{"type":"Feature","properties":{"label":null,"hover_name":null},"geometry":{"type":"Polygon","coordinates":[[[-87.660057,41.941684],[-87.660533,41.941677],[-87.660543,41.942071],[-87.659794,41.942083],[-87.660057,41.941684]]]}},{"type":"Feature","properties":{"label":null,"hover_name":null},"geometry":{"type":"Polygon","coordinates":[[[-87.661736,41.843835],[-87.663516,41.842857],[-87.66356,41.842883],[-87.663871,41.842712],[-87.664008,41.84273],[-87.663404,41.84413],[-87.662498,41.844588],[-87.661736,41.843835]]]}},{"type":"Feature","properties":{"label":null,"hover_name":null},"geometry":{"type":"Polygon","coordinates":[[[-87.606092,41.686075],[-87.60654,41.685682],[-87.606432,41.685841],[-87.606458,41.687307],[-87.606438,41.687333],[-87.605329,41.687354],[-87.605467,41.68696],[-87.605698,41.686548],[-87.605948,41.686227],[-87.606092,41.686075]]]}},{"type":"Feature","properties":{"label":null,"hover_name":null},"geometry":{"type":"Polygon","coordinates":[[[-87.691075,41.878771],[-87.690253,41.878785],[-87.690226,41.878499],[-87.690114,41.878108],[-87.690076,41.877903],[-87.690077,41.877608],[-87.690097,41.877582],[-87.691044,41.877572],[-87.691075,41.878771]]]}},{"type":"Feature","properties":{"label":null,"hover_name":null},"geometry":{"type":"Polygon","coordinates":[[[-87.568341,41.651878],[-87.567782,41.651267],[-87.566515,41.649959],[-87.565863,41.649321],[-87.565244,41.64867],[-87.564761,41.648222],[-87.56473,41.648221],[-87.56473,41.648195],[-87.564049,41.647537],[-87.563998,41.647563],[-87.563885,41.647485],[-87.563263,41.64678],[-87.562827,41.646144],[-87.562372,41.645815],[-87.562374,41.644664],[-87.572517,41.644681],[-87.572513,41.646503],[-87.573722,41.646505],[-87.573712,41.651877],[-87.568341,41.651878]]]}},{"type":"Feature","properties":{"label":null,"hover_name":null},"geometry":{"type":"Polygon","coordinates":[[[-87.658292,41.922459],[-87.657207,41.922481],[-87.657184,41.921766],[-87.657201,41.921743],[-87.657227,41.921733],[-87.658256,41.921721],[-87.658292,41.922459]]]}},{"type":"Feature","properties":{"label":null,"hover_name":null},"geometry":{"type":"Polygon","coordinates":[[[-87.680306,41.685052],[-87.68028,41.684415],[-87.680019,41.684414],[-87.679977,41.683224],[-87.68076,41.68321],[-87.68081,41.685036],[-87.680306,41.685052]]]}},{"type":"Feature","properties":{"label":null,"hover_name":null},"geometry":{"type":"Polygon","coordinates":[[[-87.674354,41.883247],[-87.675361,41.883233],[-87.675382,41.884078],[-87.674358,41.884092],[-87.674326,41.884054],[-87.674311,41.883274],[-87.674354,41.883247]]]}},{"type":"Feature","properties":{"label":null,"hover_name":null},"geometry":{"type":"Polygon","coordinates":[[[-87.797094,41.956109],[-87.797273,41.956564],[-87.796785,41.957337],[-87.795661,41.957734],[-87.795646,41.957171],[-87.794841,41.957183],[-87.794825,41.956468],[-87.793272,41.956516],[-87.793267,41.956332],[-87.795389,41.956259],[-87.795894,41.956114],[-87.796435,41.955874],[-87.796442,41.956119],[-87.797094,41.956109]]]}},{"type":"Feature","properties":{"label":null,"hover_name":null},"geometry":{"type":"Polygon","coordinates":[[[-87.677181,41.680983],[-87.677231,41.680653],[-87.677356,41.680335],[-87.677522,41.680072],[-87.677709,41.67987],[-87.677916,41.679717],[-87.678271,41.679527],[-87.678425,41.679473],[-87.678684,41.679408],[-87.678831,41.679378],[-87.678908,41.67939],[-87.679,41.681828],[-87.678965,41.681881],[-87.678272,41.681931],[-87.677698,41.681998],[-87.677601,41.681989],[-87.677524,41.681962],[-87.677387,41.681876],[-87.677344,41.681828],[-87.677305,41.681737],[-87.677188,41.681284],[-87.677181,41.680983]]]}},{"type":"Feature","properties":{"label":null,"hover_name":null},"geometry":{"type":"Polygon","coordinates":[[[-87.547474,41.751933],[-87.54818,41.752259],[-87.548361,41.752427],[-87.547793,41.752767],[-87.54891,41.753809],[-87.548944,41.753866],[-87.5488,41.753951],[-87.548717,41.753955],[-87.548673,41.753974],[-87.548642,41.754026],[-87.548663,41.754075],[-87.548731,41.754106],[-87.548797,41.754097],[-87.548835,41.754071],[-87.548862,41.754005],[-87.54902,41.753912],[-87.550878,41.755643],[-87.550754,41.755727],[-87.55069,41.755733],[-87.550631,41.755764],[-87.550612,41.755824],[-87.550647,41.755872],[-87.550708,41.755888],[-87.550775,41.755871],[-87.550825,41.755792],[-87.55125,41.75555],[-87.551593,41.755871],[-87.551307,41.756043],[-87.552815,41.757456],[-87.55273,41.757507],[-87.552618,41.757525],[-87.552564,41.75761],[-87.552378,41.757718],[-87.552313,41.757722],[-87.552273,41.75774],[-87.552248,41.757782],[-87.552261,41.757835],[-87.552287,41.757856],[-87.552388,41.75785],[-87.552426,41.757771],[-87.552624,41.757662],[-87.552725,41.757655],[-87.552764,41.757616],[-87.552768,41.757579],[-87.552885,41.757508],[-87.554761,41.759251],[-87.554385,41.759473],[-87.554311,41.75948],[-87.554269,41.759499],[-87.554242,41.759543],[-87.554265,41.7596],[-87.554336,41.759627],[-87.554398,41.759615],[-87.554431,41.759588],[-87.554442,41.759543],[-87.554802,41.759319],[-87.556358,41.760896],[-87.555261,41.761439],[-87.555381,41.761562],[-87.553837,41.762368],[-87.553734,41.762399],[-87.553672,41.762378],[-87.553655,41.762337],[-87.553101,41.762042],[-87.552105,41.761673],[-87.551473,41.7614],[-87.549366,41.760541],[-87.546961,41.760572],[-87.546497,41.760615],[-87.546499,41.760675],[-87.545899,41.760665],[-87.544433,41.760689],[-87.544306,41.760651],[-87.54367,41.76007],[-87.543284,41.75969],[-87.544331,41.759116],[-87.544759,41.758927],[-87.547671,41.757163],[-87.547824,41.756725],[-87.547951,41.756655],[-87.546223,41.755002],[-87.545831,41.754833],[-87.545632,41.754656],[-87.545594,41.754592],[-87.545654,41.754555],[-87.545455,41.754367],[-87.545382,41.754407],[-87.545035,41.754087],[-87.544797,41.754013],[-87.544383,41.753915],[-87.544069,41.753982],[-87.543834,41.753263],[-87.543747,41.753105],[-87.543685,41.752938],[-87.543566,41.752771],[-87.543498,41.752584],[-87.543261,41.752202],[-87.543068,41.752063],[-87.542753,41.752061],[-87.542393,41.752072],[-87.542348,41.752085],[-87.541889,41.752075],[-87.541772,41.752088],[-87.541683,41.752074],[-87.54161,41.752094],[-87.541331,41.752098],[-87.54126,41.752064],[-87.541206,41.752064],[-87.541124,41.752131],[-87.540874,41.752001],[-87.540903,41.752001],[-87.540849,41.75199],[-87.544582,41.75194],[-87.544382,41.751624],[-87.544315,41.751398],[-87.54431,41.751172],[-87.544257,41.751114],[-87.544753,41.751194],[-87.545457,41.751375],[-87.545842,41.751502],[-87.546289,41.751591],[-87.546722,41.751717],[-87.547186,41.75183],[-87.547474,41.751933]]]}},{"type":"Feature","properties":{"label":null,"hover_name":null},"geometry":{"type":"MultiPolygon","coordinates":[[[[-87.648348,41.964153],[-87.648364,41.964199],[-87.648389,41.964291],[-87.648348,41.964153]]],[[[-87.648365,41.964199],[-87.648298,41.964017],[-87.648257,41.963928],[-87.647896,41.963325],[-87.647396,41.962667],[-87.64705,41.962268],[-87.646993,41.962164],[-87.646954,41.962039],[-87.646964,41.961997],[-87.647003,41.961956],[-87.649416,41.961917],[-87.649427,41.962308],[-87.649617,41.962304],[-87.649618,41.962343],[-87.649846,41.962339],[-87.649914,41.964689],[-87.648581,41.964711],[-87.648495,41.964723],[-87.648389,41.964291],[-87.648365,41.964199]]]]}},{"type":"Feature","properties":{"label":null,"hover_name":null},"geometry":{"type":"Polygon","coordinates":[[[-87.72277,41.912159],[-87.723836,41.912148],[-87.723837,41.912163],[-87.723903,41.91217],[-87.723921,41.912717],[-87.722787,41.912726],[-87.72277,41.912159]]]}},{"type":"Feature","properties":{"label":null,"hover_name":null},"geometry":{"type":"MultiPolygon","coordinates":[[[[-87.633438,41.790223],[-87.633439,41.790263],[-87.632956,41.790273],[-87.632955,41.790232],[-87.633438,41.790223]]],[[[-87.633473,41.789344],[-87.635176,41.789313],[-87.635215,41.790786],[-87.633017,41.790826],[-87.632991,41.790816],[-87.632975,41.790324],[-87.633008,41.7903],[-87.633498,41.79029],[-87.633473,41.789344]]]]}},{"type":"Feature","properties":{"label":null,"hover_name":null},"geometry":{"type":"Polygon","coordinates":[[[-87.563479,41.719037],[-87.563408,41.718974],[-87.563323,41.718936],[-87.563317,41.718544],[-87.562944,41.718551],[-87.56293,41.717654],[-87.563305,41.717649],[-87.5633,41.717256],[-87.563379,41.717216],[-87.563446,41.717152],[-87.564033,41.717404],[-87.564038,41.717802],[-87.564588,41.717795],[-87.564596,41.718366],[-87.564046,41.718373],[-87.564053,41.718764],[-87.563479,41.719037]]]}},{"type":"Feature","properties":{"label":null,"hover_name":null},"geometry":{"type":"MultiPolygon","coordinates":[[[[-87.63253,41.706959],[-87.632485,41.705317],[-87.632867,41.705313],[-87.632912,41.706982],[-87.632562,41.706985],[-87.63253,41.706959]]],[[[-87.631941,41.706993],[-87.631931,41.706579],[-87.631872,41.70658],[-87.631849,41.705712],[-87.632387,41.705705],[-87.632425,41.706963],[-87.632395,41.706987],[-87.631941,41.706993]]]]}},{"type":"Feature","properties":{"label":null,"hover_name":null},"geometry":{"type":"Polygon","coordinates":[[[-87.672772,41.896847],[-87.672761,41.896475],[-87.674515,41.896438],[-87.674558,41.896453],[-87.674568,41.896793],[-87.674552,41.896812],[-87.672772,41.896847]]]}},{"type":"Feature","properties":{"label":null,"hover_name":null},"geometry":{"type":"Polygon","coordinates":[[[-87.669194,41.787572],[-87.666921,41.787604],[-87.666898,41.787443],[-87.666892,41.786793],[-87.666901,41.786784],[-87.669156,41.786756],[-87.669193,41.786808],[-87.669209,41.787393],[-87.669194,41.787572]]]}},{"type":"Feature","properties":{"label":null,"hover_name":null},"geometry":{"type":"Polygon","coordinates":[[[-87.59197,41.805977],[-87.591947,41.804294],[-87.592004,41.804282],[-87.592005,41.804299],[-87.593743,41.80428],[-87.593763,41.805988],[-87.592015,41.806007],[-87.59197,41.805977]]]}},{"type":"Feature","properties":{"label":null,"hover_name":null},"geometry":{"type":"Polygon","coordinates":[[[-87.750502,41.777398],[-87.75049,41.777051],[-87.7495,41.77707],[-87.749488,41.776744],[-87.749842,41.776461],[-87.752083,41.776418],[-87.75207,41.776054],[-87.752437,41.776047],[-87.752448,41.776411],[-87.752596,41.776409],[-87.752615,41.776956],[-87.751902,41.776969],[-87.751905,41.777024],[-87.751026,41.777041],[-87.751037,41.777389],[-87.750502,41.777398]]]}},{"type":"Feature","properties":{"label":null,"hover_name":null},"geometry":{"type":"Polygon","coordinates":[[[-87.668171,41.74295],[-87.668119,41.741266],[-87.668138,41.741237],[-87.670384,41.741196],[-87.670415,41.741208],[-87.670437,41.741233],[-87.670475,41.7429],[-87.670463,41.742925],[-87.670433,41.742939],[-87.668205,41.742965],[-87.668171,41.74295]]]}},{"type":"Feature","properties":{"label":null,"hover_name":null},"geometry":{"type":"Polygon","coordinates":[[[-87.661456,42.013188],[-87.661077,42.012846],[-87.662148,42.012834],[-87.662187,42.012921],[-87.662267,42.012944],[-87.662387,42.01291],[-87.663344,42.012896],[-87.66337,42.012913],[-87.663655,42.013416],[-87.662957,42.013429],[-87.662969,42.013451],[-87.66147,42.013477],[-87.661437,42.013412],[-87.661473,42.013355],[-87.661456,42.013188]]]}},{"type":"Feature","properties":{"label":null,"hover_name":null},"geometry":{"type":"Polygon","coordinates":[[[-87.6893,41.893849],[-87.689272,41.893476],[-87.689339,41.893444],[-87.68933,41.893155],[-87.689317,41.893137],[-87.689273,41.893155],[-87.689258,41.893148],[-87.689246,41.892882],[-87.689328,41.892826],[-87.689309,41.892397],[-87.689252,41.892422],[-87.689234,41.892407],[-87.689268,41.891883],[-87.68926,41.891505],[-87.689315,41.89149],[-87.691613,41.892401],[-87.691661,41.8938],[-87.691644,41.893833],[-87.691587,41.893854],[-87.691363,41.893866],[-87.69134,41.893858],[-87.691358,41.893811],[-87.691008,41.893814],[-87.690978,41.893872],[-87.690865,41.893868],[-87.690888,41.893814],[-87.690536,41.893822],[-87.690498,41.893876],[-87.69039,41.893874],[-87.690404,41.893825],[-87.69007,41.893829],[-87.690018,41.893886],[-87.689916,41.893882],[-87.689939,41.89383],[-87.689613,41.89383],[-87.689541,41.893886],[-87.689516,41.893888],[-87.689339,41.893879],[-87.6893,41.893849]]]}},{"type":"Feature","properties":{"label":null,"hover_name":null},"geometry":{"type":"Polygon","coordinates":[[[-87.73185,41.794916],[-87.731805,41.79322],[-87.731844,41.793198],[-87.732874,41.793199],[-87.732909,41.79323],[-87.732956,41.794896],[-87.732924,41.794911],[-87.731869,41.794928],[-87.73185,41.794916]]]}},{"type":"Feature","properties":{"label":null,"hover_name":null},"geometry":{"type":"Polygon","coordinates":[[[-87.620467,41.825756],[-87.620567,41.825656],[-87.621009,41.825654],[-87.62103,41.826518],[-87.620522,41.826525],[-87.620505,41.825815],[-87.620467,41.825756]]]}},{"type":"Feature","properties":{"label":null,"hover_name":null},"geometry":{"type":"Polygon","coordinates":[[[-87.737289,41.89877],[-87.737278,41.89839],[-87.738408,41.89837],[-87.738439,41.898382],[-87.738448,41.898742],[-87.738427,41.898767],[-87.737311,41.898784],[-87.737289,41.89877]]]}},{"type":"Feature","properties":{"label":null,"hover_name":null},"geometry":{"type":"Polygon","coordinates":[[[-87.676252,41.852607],[-87.676241,41.852245],[-87.67707,41.852232],[-87.677082,41.852595],[-87.676252,41.852607]]]}},{"type":"Feature","properties":{"label":null,"hover_name":null},"geometry":{"type":"Polygon","coordinates":[[[-87.654315,41.840034],[-87.652624,41.838067],[-87.652651,41.838018],[-87.653094,41.838009],[-87.653301,41.83825],[-87.653432,41.838358],[-87.653774,41.838742],[-87.653771,41.838792],[-87.653808,41.838844],[-87.653864,41.838878],[-87.6547,41.839848],[-87.654315,41.840034]]]}},{"type":"Feature","properties":{"label":null,"hover_name":null},"geometry":{"type":"MultiPolygon","coordinates":[[[[-87.647782,41.827658],[-87.649154,41.827639],[-87.64918,41.828592],[-87.647805,41.828603],[-87.647782,41.827658]]],[[[-87.647057,41.828165],[-87.647576,41.828162],[-87.647602,41.828201],[-87.647606,41.828552],[-87.647559,41.828599],[-87.647072,41.82861],[-87.647057,41.828165]]]]}},{"type":"Feature","properties":{"label":null,"hover_name":null},"geometry":{"type":"Polygon","coordinates":[[[-87.657766,41.864214],[-87.657735,41.864222],[-87.657735,41.864273],[-87.657769,41.864271],[-87.657788,41.864324],[-87.657845,41.864363],[-87.658774,41.864361],[-87.658782,41.865153],[-87.658755,41.865174],[-87.658463,41.865174],[-87.658452,41.865142],[-87.658356,41.865145],[-87.658344,41.865178],[-87.658046,41.86518],[-87.657997,41.865153],[-87.657374,41.86516],[-87.657321,41.865162],[-87.657218,41.865199],[-87.656717,41.865194],[-87.656699,41.865175],[-87.656696,41.86504],[-87.65672,41.864998],[-87.656717,41.864781],[-87.65669,41.864746],[-87.656655,41.863526],[-87.656671,41.86349],[-87.657696,41.863467],[-87.657734,41.863478],[-87.657751,41.863499],[-87.657766,41.864214]]]}},{"type":"Feature","properties":{"label":null,"hover_name":null},"geometry":{"type":"MultiPolygon","coordinates":[[[[-87.642219,41.818892],[-87.642211,41.818856],[-87.642177,41.818841],[-87.642176,41.818819],[-87.642209,41.818803],[-87.642196,41.818507],[-87.642099,41.818508],[-87.642097,41.818488],[-87.642108,41.818476],[-87.642193,41.818474],[-87.642229,41.818412],[-87.642193,41.818357],[-87.642184,41.817678],[-87.643904,41.817658],[-87.643938,41.818892],[-87.64226,41.81891],[-87.642219,41.818892]]],[[[-87.642272,41.81891],[-87.64229,41.81891],[-87.64226,41.81891],[-87.642272,41.81891]]]]}},{"type":"Feature","properties":{"label":null,"hover_name":null},"geometry":{"type":"Polygon","coordinates":[[[-87.740937,41.876831],[-87.740459,41.876841],[-87.740429,41.876035],[-87.741808,41.876014],[-87.741821,41.876394],[-87.741399,41.876399],[-87.741399,41.876443],[-87.741455,41.876442],[-87.741469,41.876838],[-87.740975,41.876846],[-87.740937,41.876831]]]}},{"type":"Feature","properties":{"label":null,"hover_name":null},"geometry":{"type":"Polygon","coordinates":[[[-87.670377,41.906803],[-87.670648,41.906565],[-87.671348,41.907012],[-87.671074,41.907252],[-87.670377,41.906803]]]}},{"type":"Feature","properties":{"label":null,"hover_name":null},"geometry":{"type":"Polygon","coordinates":[[[-87.677473,41.797541],[-87.677459,41.79705],[-87.677907,41.797047],[-87.677907,41.797071],[-87.678132,41.79707],[-87.678131,41.797046],[-87.678579,41.797043],[-87.678593,41.797527],[-87.677473,41.797541]]]}},{"type":"Feature","properties":{"label":null,"hover_name":null},"geometry":{"type":"Polygon","coordinates":[[[-87.696301,41.96865],[-87.696334,41.968635],[-87.697005,41.968626],[-87.697038,41.969607],[-87.696364,41.969608],[-87.69634,41.969597],[-87.696301,41.96865]]]}},{"type":"Feature","properties":{"label":null,"hover_name":null},"geometry":{"type":"Polygon","coordinates":[[[-87.695045,41.925343],[-87.695044,41.925296],[-87.695086,41.925311],[-87.695075,41.92507],[-87.695036,41.925056],[-87.695033,41.92495],[-87.695072,41.92493],[-87.696849,41.924939],[-87.696862,41.925338],[-87.69507,41.925355],[-87.695045,41.925343]]]}},{"type":"Feature","properties":{"label":null,"hover_name":null},"geometry":{"type":"Polygon","coordinates":[[[-87.618122,41.804875],[-87.618536,41.804868],[-87.618541,41.805666],[-87.618141,41.805667],[-87.618122,41.804875]]]}},{"type":"Feature","properties":{"label":null,"hover_name":null},"geometry":{"type":"Polygon","coordinates":[[[-87.704559,41.875037],[-87.704728,41.875034],[-87.704755,41.875835],[-87.701711,41.875862],[-87.70171,41.875851],[-87.702634,41.875402],[-87.703611,41.87538],[-87.704559,41.875037]]]}},{"type":"Feature","properties":{"label":null,"hover_name":null},"geometry":{"type":"Polygon","coordinates":[[[-87.677843,41.832117],[-87.677833,41.8315],[-87.678912,41.830843],[-87.678939,41.832113],[-87.678916,41.832125],[-87.677874,41.832134],[-87.677843,41.832117]]]}},{"type":"Feature","properties":{"label":null,"hover_name":null},"geometry":{"type":"Polygon","coordinates":[[[-87.639346,41.897598],[-87.63986,41.897591],[-87.639911,41.89884],[-87.639897,41.898855],[-87.639404,41.898861],[-87.639346,41.897598]]]}},{"type":"Feature","properties":{"label":null,"hover_name":null},"geometry":{"type":"Polygon","coordinates":[[[-87.778709,41.994233],[-87.777945,41.993882],[-87.777897,41.993822],[-87.777921,41.992951],[-87.777952,41.992918],[-87.779003,41.992519],[-87.779041,41.992546],[-87.77904,41.993936],[-87.778795,41.994231],[-87.778769,41.994241],[-87.778709,41.994233]]]}},{"type":"Feature","properties":{"label":null,"hover_name":null},"geometry":{"type":"Polygon","coordinates":[[[-87.73002,41.907072],[-87.729552,41.906894],[-87.729516,41.906857],[-87.729499,41.906305],[-87.730666,41.906286],[-87.73068,41.906856],[-87.73019,41.906865],[-87.730192,41.906889],[-87.73017,41.90689],[-87.730121,41.906874],[-87.730069,41.906878],[-87.730015,41.906911],[-87.729999,41.906948],[-87.730052,41.907059],[-87.73002,41.907072]]]}},{"type":"Feature","properties":{"label":null,"hover_name":null},"geometry":{"type":"Polygon","coordinates":[[[-87.706608,41.894691],[-87.707694,41.89468],[-87.70771,41.895452],[-87.707686,41.895464],[-87.706657,41.895471],[-87.706608,41.894691]]]}},{"type":"Feature","properties":{"label":null,"hover_name":null},"geometry":{"type":"Polygon","coordinates":[[[-87.749277,41.91097],[-87.749669,41.910964],[-87.749684,41.91137],[-87.749328,41.911374],[-87.749296,41.911358],[-87.749282,41.911334],[-87.749277,41.91097]]]}},{"type":"Feature","properties":{"label":null,"hover_name":null},"geometry":{"type":"Polygon","coordinates":[[[-87.614782,41.679524],[-87.614504,41.679286],[-87.614173,41.678963],[-87.614004,41.678774],[-87.61402,41.67871],[-87.614189,41.678707],[-87.61426,41.678614],[-87.615997,41.678588],[-87.616024,41.679519],[-87.616202,41.679517],[-87.616212,41.679848],[-87.616014,41.67985],[-87.616009,41.680295],[-87.615947,41.680301],[-87.615241,41.67986],[-87.614782,41.679524]]]}},{"type":"Feature","properties":{"label":null,"hover_name":null},"geometry":{"type":"Polygon","coordinates":[[[-87.733905,41.935999],[-87.732692,41.933673],[-87.732661,41.933673],[-87.732633,41.93362],[-87.73266,41.933609],[-87.73371,41.933594],[-87.733752,41.933601],[-87.733765,41.933619],[-87.733825,41.935355],[-87.733895,41.935437],[-87.733896,41.935471],[-87.733883,41.935471],[-87.733905,41.935999]]]}},{"type":"Feature","properties":{"label":null,"hover_name":null},"geometry":{"type":"Polygon","coordinates":[[[-87.670137,42.020536],[-87.670152,42.019418],[-87.671799,42.019428],[-87.671844,42.019447],[-87.671848,42.019985],[-87.671067,42.019981],[-87.671048,42.020419],[-87.670951,42.020545],[-87.670137,42.020536]]]}},{"type":"Feature","properties":{"label":null,"hover_name":null},"geometry":{"type":"Polygon","coordinates":[[[-87.640474,41.799816],[-87.640449,41.798079],[-87.641553,41.798068],[-87.641596,41.799776],[-87.641525,41.799797],[-87.640474,41.799816]]]}},{"type":"Feature","properties":{"label":null,"hover_name":null},"geometry":{"type":"Polygon","coordinates":[[[-87.690986,41.912052],[-87.690955,41.910875],[-87.691478,41.91087],[-87.691505,41.911861],[-87.691276,41.911864],[-87.69128,41.912057],[-87.691002,41.912062],[-87.690986,41.912052]]]}},{"type":"Feature","properties":{"label":null,"hover_name":null},"geometry":{"type":"Polygon","coordinates":[[[-87.664333,41.735658],[-87.66432,41.735301],[-87.664334,41.735293],[-87.665424,41.735286],[-87.665434,41.735642],[-87.665419,41.735659],[-87.664374,41.735675],[-87.664333,41.735658]]]}},{"type":"Feature","properties":{"label":null,"hover_name":null},"geometry":{"type":"Polygon","coordinates":[[[-87.664886,41.87298],[-87.664886,41.872953],[-87.664971,41.87296],[-87.665017,41.872943],[-87.66506,41.872901],[-87.665069,41.872854],[-87.665045,41.872808],[-87.664969,41.872771],[-87.664861,41.872787],[-87.664852,41.872472],[-87.66476,41.872473],[-87.66476,41.872458],[-87.664852,41.872456],[-87.664838,41.871948],[-87.664863,41.871948],[-87.664858,41.871712],[-87.665745,41.871699],[-87.66576,41.87223],[-87.66574,41.87223],[-87.665743,41.872285],[-87.665761,41.872284],[-87.665781,41.872966],[-87.664886,41.87298]]]}},{"type":"Feature","properties":{"label":null,"hover_name":null},"geometry":{"type":"Polygon","coordinates":[[[-87.628721,41.761764],[-87.62871,41.761376],[-87.628727,41.761362],[-87.628874,41.761359],[-87.628857,41.760494],[-87.628875,41.76048],[-87.630151,41.760443],[-87.629539,41.761732],[-87.629493,41.761751],[-87.628721,41.761764]]]}},{"type":"Feature","properties":{"label":null,"hover_name":null},"geometry":{"type":"Polygon","coordinates":[[[-87.61534,41.765064],[-87.615343,41.76396],[-87.615378,41.763934],[-87.616755,41.763907],[-87.616784,41.765035],[-87.61534,41.765064]]]}},{"type":"Feature","properties":{"label":null,"hover_name":null},"geometry":{"type":"Polygon","coordinates":[[[-87.751494,41.878474],[-87.751469,41.878423],[-87.751411,41.878424],[-87.751384,41.8777],[-87.751444,41.8777],[-87.751456,41.877664],[-87.75336,41.877634],[-87.753395,41.877656],[-87.753422,41.878364],[-87.753403,41.878431],[-87.753379,41.878448],[-87.751494,41.878474]]]}},{"type":"Feature","properties":{"label":null,"hover_name":null},"geometry":{"type":"Polygon","coordinates":[[[-87.654217,41.790492],[-87.654161,41.788774],[-87.654193,41.788763],[-87.654634,41.788758],[-87.654656,41.78878],[-87.654695,41.79045],[-87.654653,41.790486],[-87.654217,41.790492]]]}},{"type":"Feature","properties":{"label":null,"hover_name":null},"geometry":{"type":"MultiPolygon","coordinates":[[[[-87.686551,41.70265],[-87.686494,41.700907],[-87.687445,41.700896],[-87.687464,41.700911],[-87.687521,41.702588],[-87.687497,41.702641],[-87.686551,41.70265]]],[[[-87.685846,41.702637],[-87.685794,41.70093],[-87.68581,41.700916],[-87.686253,41.70091],[-87.686309,41.702654],[-87.685869,41.702659],[-87.685846,41.702637]]]]}},{"type":"Feature","properties":{"label":null,"hover_name":null},"geometry":{"type":"Polygon","coordinates":[[[-87.667389,41.759787],[-87.668479,41.759776],[-87.668511,41.761159],[-87.668475,41.761177],[-87.667435,41.761183],[-87.667389,41.759787]]]}},{"type":"Feature","properties":{"label":null,"hover_name":null},"geometry":{"type":"Polygon","coordinates":[[[-87.789248,41.798921],[-87.788688,41.798927],[-87.78869,41.798973],[-87.788166,41.79898],[-87.788126,41.797846],[-87.788143,41.797822],[-87.788172,41.797811],[-87.789195,41.797799],[-87.789223,41.797809],[-87.78927,41.798905],[-87.789248,41.798921]]]}},{"type":"Feature","properties":{"label":null,"hover_name":null},"geometry":{"type":"Polygon","coordinates":[[[-87.681258,41.80198],[-87.681256,41.801886],[-87.681227,41.801888],[-87.681211,41.801214],[-87.681704,41.801213],[-87.681732,41.801249],[-87.681749,41.801999],[-87.681712,41.802019],[-87.681273,41.802024],[-87.681243,41.802007],[-87.681243,41.80198],[-87.681258,41.80198]]]}},{"type":"Feature","properties":{"label":null,"hover_name":null},"geometry":{"type":"Polygon","coordinates":[[[-87.722966,41.940279],[-87.723493,41.940273],[-87.723511,41.940913],[-87.723479,41.94093],[-87.722989,41.940934],[-87.722966,41.940279]]]}},{"type":"Feature","properties":{"label":null,"hover_name":null},"geometry":{"type":"Polygon","coordinates":[[[-87.679305,42.009473],[-87.679287,42.008936],[-87.680085,42.008926],[-87.680113,42.009459],[-87.679305,42.009473]]]}},{"type":"Feature","properties":{"label":null,"hover_name":null},"geometry":{"type":"Polygon","coordinates":[[[-87.537776,41.720132],[-87.537773,41.719576],[-87.537812,41.71956],[-87.538272,41.719556],[-87.538278,41.720125],[-87.537776,41.720132]]]}},{"type":"Feature","properties":{"label":null,"hover_name":null},"geometry":{"type":"Polygon","coordinates":[[[-87.702347,41.698769],[-87.702325,41.697954],[-87.703419,41.697938],[-87.703459,41.698729],[-87.703441,41.698775],[-87.703407,41.698789],[-87.703142,41.698807],[-87.702406,41.698815],[-87.702366,41.6988],[-87.702347,41.698769]]]}},{"type":"Feature","properties":{"label":null,"hover_name":null},"geometry":{"type":"MultiPolygon","coordinates":[[[[-87.668614,41.998957],[-87.668589,41.998356],[-87.668929,41.998332],[-87.668952,41.998332],[-87.668952,41.998343],[-87.66912,41.998341],[-87.669131,41.998939],[-87.669106,41.998952],[-87.668614,41.998957]]],[[[-87.669856,41.999826],[-87.669831,41.999073],[-87.669719,41.99899],[-87.669252,41.998981],[-87.669237,41.998563],[-87.669736,41.998558],[-87.66974,41.998893],[-87.67037,41.998902],[-87.670367,41.998964],[-87.670437,41.998959],[-87.670454,41.999094],[-87.670498,41.999169],[-87.670487,41.999238],[-87.670415,41.999256],[-87.670362,41.999382],[-87.670358,41.999857],[-87.67033,41.999876],[-87.669874,41.99988],[-87.669856,41.999826]],[[-87.670295,41.999067],[-87.670297,41.999067],[-87.670295,41.999067],[-87.670295,41.999067]]]]}},{"type":"Feature","properties":{"label":null,"hover_name":null},"geometry":{"type":"Polygon","coordinates":[[[-87.666217,41.832819],[-87.667053,41.832808],[-87.667062,41.833196],[-87.66624,41.833207],[-87.666226,41.833194],[-87.666217,41.832819]]]}},{"type":"Feature","properties":{"label":null,"hover_name":null},"geometry":{"type":"Polygon","coordinates":[[[-87.657632,41.80415],[-87.658781,41.804133],[-87.658786,41.804341],[-87.658557,41.804345],[-87.658598,41.804591],[-87.657646,41.804603],[-87.657632,41.80415]]]}},{"type":"Feature","properties":{"label":null,"hover_name":null},"geometry":{"type":"Polygon","coordinates":[[[-87.734761,41.885872],[-87.734825,41.885259],[-87.735558,41.885255],[-87.735576,41.885911],[-87.734761,41.885872]]]}},{"type":"Feature","properties":{"label":null,"hover_name":null},"geometry":{"type":"Polygon","coordinates":[[[-87.598794,41.757636],[-87.599157,41.757632],[-87.599193,41.757647],[-87.599212,41.757982],[-87.598799,41.757986],[-87.598794,41.757636]]]}},{"type":"Feature","properties":{"label":null,"hover_name":null},"geometry":{"type":"Polygon","coordinates":[[[-87.677893,41.879919],[-87.677878,41.879567],[-87.678437,41.879558],[-87.678436,41.879633],[-87.678926,41.879623],[-87.678904,41.878761],[-87.680837,41.878724],[-87.68085,41.879297],[-87.679161,41.879326],[-87.679177,41.879922],[-87.677932,41.879942],[-87.677893,41.879919]]]}},{"type":"Feature","properties":{"label":null,"hover_name":null},"geometry":{"type":"Polygon","coordinates":[[[-87.711285,41.847699],[-87.711272,41.847289],[-87.71179,41.847285],[-87.711804,41.847695],[-87.711285,41.847699]]]}},{"type":"Feature","properties":{"label":null,"hover_name":null},"geometry":{"type":"Polygon","coordinates":[[[-87.555235,41.718985],[-87.555218,41.717362],[-87.555259,41.717334],[-87.556435,41.717335],[-87.556461,41.717365],[-87.556482,41.718974],[-87.556419,41.719008],[-87.556124,41.719011],[-87.555283,41.719017],[-87.555235,41.718985]]]}},{"type":"Feature","properties":{"label":null,"hover_name":null},"geometry":{"type":"MultiPolygon","coordinates":[[[[-87.649515,41.80196],[-87.649495,41.801598],[-87.650125,41.801597],[-87.650153,41.801945],[-87.649515,41.80196]]],[[[-87.647846,41.801639],[-87.647886,41.801618],[-87.64847,41.801607],[-87.64848,41.801974],[-87.647842,41.801979],[-87.647846,41.801639]]]]}},{"type":"Feature","properties":{"label":null,"hover_name":null},"geometry":{"type":"Polygon","coordinates":[[[-87.638559,41.726926],[-87.638538,41.726091],[-87.639066,41.726085],[-87.639088,41.726949],[-87.639069,41.726967],[-87.638607,41.726974],[-87.638559,41.726926]]]}},{"type":"Feature","properties":{"label":null,"hover_name":null},"geometry":{"type":"Polygon","coordinates":[[[-87.691609,41.846038],[-87.691599,41.845663],[-87.692762,41.845653],[-87.692774,41.846013],[-87.692758,41.846021],[-87.691609,41.846038]]]}},{"type":"Feature","properties":{"label":null,"hover_name":null},"geometry":{"type":"Polygon","coordinates":[[[-87.654074,41.832278],[-87.654063,41.831632],[-87.654951,41.831619],[-87.654961,41.831992],[-87.655225,41.831989],[-87.655233,41.832263],[-87.654074,41.832278]]]}},{"type":"Feature","properties":{"label":null,"hover_name":null},"geometry":{"type":"Polygon","coordinates":[[[-87.705966,41.944188],[-87.706488,41.944185],[-87.706485,41.944487],[-87.70624,41.944691],[-87.706189,41.944701],[-87.705966,41.944554],[-87.705966,41.944188]]]}},{"type":"Feature","properties":{"label":null,"hover_name":null},"geometry":{"type":"Polygon","coordinates":[[[-87.542624,41.699087],[-87.54263,41.697402],[-87.542659,41.697375],[-87.542744,41.697356],[-87.543647,41.697359],[-87.54365,41.697373],[-87.543709,41.697388],[-87.543746,41.697434],[-87.543743,41.697892],[-87.543723,41.697982],[-87.543718,41.699081],[-87.543681,41.699115],[-87.543528,41.699115],[-87.543481,41.699076],[-87.542747,41.699079],[-87.542798,41.699115],[-87.542659,41.699116],[-87.542624,41.699087]]]}},{"type":"Feature","properties":{"label":null,"hover_name":null},"geometry":{"type":"Polygon","coordinates":[[[-87.583607,41.761517],[-87.584498,41.761507],[-87.584921,41.761741],[-87.584938,41.762367],[-87.583639,41.762372],[-87.583607,41.761517]]]}},{"type":"Feature","properties":{"label":null,"hover_name":null},"geometry":{"type":"Polygon","coordinates":[[[-87.665917,41.92874],[-87.665883,41.927727],[-87.667611,41.9277],[-87.66763,41.928253],[-87.66812,41.928248],[-87.668135,41.92871],[-87.668114,41.928733],[-87.665955,41.928766],[-87.665917,41.92874]]]}},{"type":"Feature","properties":{"label":null,"hover_name":null},"geometry":{"type":"Polygon","coordinates":[[[-87.67459,42.002089],[-87.674579,42.001708],[-87.675025,42.001697],[-87.675054,42.001706],[-87.675067,42.001727],[-87.675068,42.002079],[-87.67459,42.002089]]]}},{"type":"Feature","properties":{"label":null,"hover_name":null},"geometry":{"type":"Polygon","coordinates":[[[-87.66908,41.977033],[-87.669504,41.977028],[-87.669509,41.977232],[-87.669087,41.977237],[-87.66908,41.977033]]]}},{"type":"Feature","properties":{"label":null,"hover_name":null},"geometry":{"type":"Polygon","coordinates":[[[-87.536607,41.702817],[-87.537076,41.702821],[-87.537074,41.702968],[-87.536572,41.702966],[-87.536572,41.702839],[-87.536607,41.702817]]]}},{"type":"Feature","properties":{"label":null,"hover_name":null},"geometry":{"type":"Polygon","coordinates":[[[-87.643956,41.792222],[-87.644455,41.792214],[-87.64446,41.792418],[-87.644018,41.792426],[-87.643967,41.792415],[-87.643956,41.792222]]]}},{"type":"Feature","properties":{"label":null,"hover_name":null},"geometry":{"type":"Polygon","coordinates":[[[-87.536877,41.651786],[-87.536882,41.651423],[-87.537399,41.651424],[-87.537396,41.651772],[-87.537372,41.651804],[-87.5369,41.65181],[-87.536877,41.651786]]]}},{"type":"Feature","properties":{"label":null,"hover_name":null},"geometry":{"type":"Polygon","coordinates":[[[-87.593155,41.792158],[-87.593152,41.792116],[-87.592469,41.792125],[-87.592455,41.791545],[-87.593222,41.791538],[-87.593235,41.792115],[-87.593155,41.792158]]]}},{"type":"Feature","properties":{"label":null,"hover_name":null},"geometry":{"type":"Polygon","coordinates":[[[-87.656253,41.958555],[-87.656167,41.958533],[-87.656093,41.958469],[-87.656092,41.958377],[-87.656111,41.95834],[-87.656155,41.958315],[-87.656253,41.95828],[-87.656776,41.958272],[-87.65683,41.958253],[-87.656836,41.95856],[-87.656253,41.958555]]]}},{"type":"Feature","properties":{"label":null,"hover_name":null},"geometry":{"type":"Polygon","coordinates":[[[-87.660865,41.974649],[-87.661012,41.974646],[-87.661027,41.975107],[-87.660879,41.975109],[-87.660865,41.974649]]]}},{"type":"Feature","properties":{"label":null,"hover_name":null},"geometry":{"type":"Polygon","coordinates":[[[-87.650357,41.781528],[-87.650835,41.781524],[-87.650851,41.781537],[-87.650857,41.781759],[-87.650334,41.781766],[-87.650329,41.781544],[-87.650357,41.781528]]]}},{"type":"Feature","properties":{"label":null,"hover_name":null},"geometry":{"type":"Polygon","coordinates":[[[-87.715695,41.894496],[-87.715689,41.89429],[-87.716218,41.894285],[-87.716224,41.89449],[-87.715695,41.894496]]]}},{"type":"Feature","properties":{"label":null,"hover_name":null},"geometry":{"type":"Polygon","coordinates":[[[-87.709076,41.859748],[-87.709081,41.859955],[-87.708559,41.85996],[-87.708553,41.859755],[-87.709076,41.859748]]]}},{"type":"Feature","properties":{"label":null,"hover_name":null},"geometry":{"type":"Polygon","coordinates":[[[-87.688606,41.994051],[-87.6886,41.993835],[-87.689121,41.993826],[-87.689121,41.99406],[-87.688644,41.994069],[-87.688606,41.994051]]]}},{"type":"Feature","properties":{"label":null,"hover_name":null},"geometry":{"type":"Polygon","coordinates":[[[-87.651897,41.913128],[-87.652173,41.912916],[-87.652703,41.9133],[-87.65243,41.91351],[-87.651897,41.913128]]]}},{"type":"Feature","properties":{"label":null,"hover_name":null},"geometry":{"type":"Polygon","coordinates":[[[-87.762023,41.902124],[-87.76201,41.901747],[-87.76234,41.901743],[-87.762353,41.90212],[-87.762023,41.902124]]]}},{"type":"Feature","properties":{"label":null,"hover_name":null},"geometry":{"type":"Polygon","coordinates":[[[-87.678497,41.939648],[-87.679398,41.939636],[-87.679409,41.939991],[-87.67846,41.940002],[-87.678451,41.93968],[-87.678497,41.939648]]]}},{"type":"Feature","properties":{"label":null,"hover_name":null},"geometry":{"type":"Polygon","coordinates":[[[-87.70848,41.876171],[-87.708481,41.87588],[-87.709086,41.87587],[-87.709092,41.876173],[-87.708496,41.876181],[-87.70848,41.876171]]]}},{"type":"Feature","properties":{"label":null,"hover_name":null},"geometry":{"type":"Polygon","coordinates":[[[-87.71494,41.900997],[-87.715192,41.900992],[-87.715227,41.901003],[-87.71523,41.901113],[-87.715185,41.901242],[-87.714999,41.901532],[-87.71496,41.901544],[-87.71469,41.901438],[-87.714941,41.901084],[-87.71494,41.900997]]]}},{"type":"Feature","properties":{"label":null,"hover_name":null},"geometry":{"type":"Polygon","coordinates":[[[-87.724502,41.902624],[-87.72449,41.902253],[-87.724999,41.902254],[-87.725012,41.902586],[-87.724993,41.902608],[-87.724502,41.902624]]]}},{"type":"Feature","properties":{"label":null,"hover_name":null},"geometry":{"type":"Polygon","coordinates":[[[-87.672403,41.959224],[-87.673091,41.959213],[-87.673095,41.959351],[-87.672407,41.959361],[-87.672403,41.959224]]]}},{"type":"Feature","properties":{"label":null,"hover_name":null},"geometry":{"type":"Polygon","coordinates":[[[-87.710192,41.852171],[-87.710625,41.852158],[-87.710631,41.852364],[-87.710198,41.852371],[-87.710192,41.852171]]]}},{"type":"Feature","properties":{"label":null,"hover_name":null},"geometry":{"type":"Polygon","coordinates":[[[-87.749716,41.888691],[-87.750419,41.888691],[-87.750441,41.889059],[-87.74973,41.889072],[-87.749716,41.888691]]]}},{"type":"Feature","properties":{"label":null,"hover_name":null},"geometry":{"type":"Polygon","coordinates":[[[-87.619984,41.791555],[-87.62067,41.791543],[-87.62068,41.792004],[-87.619995,41.792016],[-87.619984,41.791555]]]}},{"type":"Feature","properties":{"label":null,"hover_name":null},"geometry":{"type":"Polygon","coordinates":[[[-87.620629,41.815813],[-87.621284,41.815804],[-87.621289,41.815984],[-87.620634,41.815993],[-87.620629,41.815813]]]}},{"type":"Feature","properties":{"label":null,"hover_name":null},"geometry":{"type":"Polygon","coordinates":[[[-87.641438,41.85956],[-87.641419,41.85901],[-87.641789,41.859004],[-87.641788,41.858977],[-87.641842,41.858975],[-87.64187,41.858996],[-87.641923,41.858994],[-87.641976,41.858967],[-87.641997,41.858936],[-87.641973,41.858878],[-87.64197,41.858791],[-87.642443,41.858786],[-87.642437,41.858656],[-87.642846,41.858653],[-87.642867,41.859372],[-87.64238,41.859379],[-87.642382,41.859394],[-87.642044,41.859399],[-87.642047,41.859476],[-87.642006,41.859475],[-87.641945,41.859438],[-87.641895,41.85944],[-87.641855,41.859463],[-87.641831,41.859519],[-87.641859,41.859571],[-87.64146,41.859574],[-87.641438,41.85956]]]}},{"type":"Feature","properties":{"label":null,"hover_name":null},"geometry":{"type":"Polygon","coordinates":[[[-87.729445,41.864788],[-87.729958,41.86478],[-87.72996,41.864849],[-87.729448,41.864856],[-87.729445,41.864788]]]}},{"type":"Feature","properties":{"label":null,"hover_name":null},"geometry":{"type":"Polygon","coordinates":[[[-87.654719,41.939263],[-87.65523,41.939255],[-87.655237,41.939392],[-87.654724,41.939398],[-87.654719,41.939263]]]}},{"type":"Feature","properties":{"label":null,"hover_name":null},"geometry":{"type":"Polygon","coordinates":[[[-87.727022,41.911431],[-87.727549,41.911424],[-87.727552,41.911623],[-87.727515,41.911649],[-87.727038,41.911654],[-87.727024,41.911631],[-87.727022,41.911431]]]}},{"type":"Feature","properties":{"label":null,"hover_name":null},"geometry":{"type":"Polygon","coordinates":[[[-87.605452,41.690443],[-87.605431,41.68927],[-87.605441,41.689246],[-87.605846,41.689244],[-87.605863,41.689256],[-87.60589,41.690438],[-87.605452,41.690443]]]}},{"type":"Feature","properties":{"label":null,"hover_name":null},"geometry":{"type":"Polygon","coordinates":[[[-87.751509,41.967895],[-87.751489,41.967552],[-87.752568,41.967539],[-87.752578,41.967875],[-87.752547,41.9679],[-87.751553,41.967911],[-87.751509,41.967895]]]}},{"type":"Feature","properties":{"label":null,"hover_name":null},"geometry":{"type":"Polygon","coordinates":[[[-87.711605,41.857245],[-87.712079,41.857234],[-87.712085,41.857477],[-87.711564,41.857483],[-87.711568,41.857275],[-87.711605,41.857245]]]}},{"type":"Feature","properties":{"label":null,"hover_name":null},"geometry":{"type":"Polygon","coordinates":[[[-87.642728,41.838516],[-87.642719,41.838188],[-87.642733,41.838166],[-87.642762,41.838154],[-87.643216,41.838149],[-87.643224,41.838511],[-87.642728,41.838516]]]}},{"type":"Feature","properties":{"label":null,"hover_name":null},"geometry":{"type":"Polygon","coordinates":[[[-87.567033,41.712468],[-87.567533,41.712461],[-87.567533,41.712433],[-87.568149,41.712429],[-87.568157,41.713003],[-87.567115,41.713019],[-87.567041,41.713007],[-87.567033,41.712468]]]}},{"type":"Feature","properties":{"label":null,"hover_name":null},"geometry":{"type":"Polygon","coordinates":[[[-87.687413,42.008197],[-87.687595,42.00819],[-87.687608,42.008669],[-87.687425,42.008677],[-87.687413,42.008197]]]}},{"type":"Feature","properties":{"label":null,"hover_name":null},"geometry":{"type":"Polygon","coordinates":[[[-87.670215,41.95009],[-87.67021,41.949919],[-87.670737,41.949911],[-87.670742,41.950082],[-87.670215,41.95009]]]}},{"type":"Feature","properties":{"label":null,"hover_name":null},"geometry":{"type":"Polygon","coordinates":[[[-87.571731,41.720654],[-87.571659,41.720656],[-87.571656,41.720606],[-87.57162,41.718909],[-87.572163,41.718902],[-87.572172,41.719303],[-87.572835,41.719293],[-87.572857,41.720229],[-87.571722,41.720245],[-87.571731,41.720654]]]}},{"type":"Feature","properties":{"label":null,"hover_name":null},"geometry":{"type":"Polygon","coordinates":[[[-87.715979,41.863687],[-87.715973,41.86349],[-87.716485,41.863483],[-87.716488,41.863681],[-87.715979,41.863687]]]}},{"type":"Feature","properties":{"label":null,"hover_name":null},"geometry":{"type":"Polygon","coordinates":[[[-87.652317,41.870542],[-87.652313,41.87041],[-87.652723,41.870402],[-87.652727,41.870534],[-87.652317,41.870542]]]}},{"type":"Feature","properties":{"label":null,"hover_name":null},"geometry":{"type":"Polygon","coordinates":[[[-87.689023,41.773657],[-87.689005,41.773628],[-87.688998,41.773333],[-87.689539,41.773327],[-87.689547,41.773622],[-87.689533,41.773644],[-87.689023,41.773657]]]}},{"type":"Feature","properties":{"label":null,"hover_name":null},"geometry":{"type":"Polygon","coordinates":[[[-87.717951,41.914036],[-87.718479,41.91403],[-87.718489,41.914374],[-87.717962,41.914379],[-87.717951,41.914036]]]}},{"type":"Feature","properties":{"label":null,"hover_name":null},"geometry":{"type":"MultiPolygon","coordinates":[[[[-87.646946,41.681295],[-87.647013,41.681293],[-87.647014,41.681294],[-87.646946,41.681295]]],[[[-87.648058,41.681278],[-87.648096,41.682551],[-87.64699,41.682565],[-87.646946,41.681296],[-87.648058,41.681278]]]]}},{"type":"Feature","properties":{"label":null,"hover_name":null},"geometry":{"type":"Polygon","coordinates":[[[-87.70182,41.937235],[-87.702109,41.936951],[-87.702255,41.937034],[-87.701966,41.937318],[-87.70182,41.937235]]]}},{"type":"Feature","properties":{"label":null,"hover_name":null},"geometry":{"type":"Polygon","coordinates":[[[-87.651582,41.934975],[-87.652015,41.934966],[-87.652028,41.935359],[-87.651627,41.935366],[-87.651595,41.935356],[-87.651569,41.93499],[-87.651582,41.934975]]]}},{"type":"Feature","properties":{"label":null,"hover_name":null},"geometry":{"type":"Polygon","coordinates":[[[-87.680943,41.776523],[-87.680424,41.77653],[-87.680412,41.776127],[-87.680933,41.77612],[-87.680943,41.776523]]]}},{"type":"Feature","properties":{"label":null,"hover_name":null},"geometry":{"type":"Polygon","coordinates":[[[-87.724185,41.892218],[-87.724174,41.891765],[-87.724684,41.891763],[-87.724701,41.891791],[-87.724714,41.892212],[-87.724185,41.892218]]]}},{"type":"Feature","properties":{"label":null,"hover_name":null},"geometry":{"type":"Polygon","coordinates":[[[-87.744072,41.891442],[-87.744623,41.891434],[-87.744637,41.891818],[-87.744086,41.891827],[-87.744072,41.891442]]]}},{"type":"Feature","properties":{"label":null,"hover_name":null},"geometry":{"type":"Polygon","coordinates":[[[-87.728538,41.983936],[-87.729041,41.98393],[-87.729045,41.984068],[-87.728541,41.984073],[-87.728538,41.983936]]]}},{"type":"Feature","properties":{"label":null,"hover_name":null},"geometry":{"type":"Polygon","coordinates":[[[-87.659027,41.927793],[-87.659034,41.928006],[-87.659093,41.928006],[-87.6591,41.928205],[-87.658643,41.928204],[-87.658628,41.928184],[-87.658618,41.927814],[-87.658655,41.927798],[-87.659027,41.927793]]]}},{"type":"Feature","properties":{"label":null,"hover_name":null},"geometry":{"type":"Polygon","coordinates":[[[-87.647067,41.943613],[-87.647055,41.943203],[-87.647238,41.9432],[-87.64725,41.94361],[-87.647067,41.943613]]]}},{"type":"Feature","properties":{"label":null,"hover_name":null},"geometry":{"type":"Polygon","coordinates":[[[-87.703499,41.946179],[-87.702975,41.946174],[-87.702951,41.945411],[-87.703476,41.945409],[-87.703499,41.946179]]]}},{"type":"Feature","properties":{"label":null,"hover_name":null},"geometry":{"type":"Polygon","coordinates":[[[-87.669337,41.925871],[-87.669285,41.925839],[-87.669269,41.925853],[-87.668804,41.925859],[-87.668796,41.92564],[-87.669122,41.925635],[-87.669208,41.925697],[-87.669229,41.92568],[-87.669411,41.925813],[-87.669337,41.925871]]]}},{"type":"Feature","properties":{"label":null,"hover_name":null},"geometry":{"type":"Polygon","coordinates":[[[-87.713595,41.887946],[-87.713188,41.887959],[-87.713172,41.887481],[-87.713556,41.887478],[-87.71358,41.887491],[-87.713595,41.887946]]]}},{"type":"Feature","properties":{"label":null,"hover_name":null},"geometry":{"type":"Polygon","coordinates":[[[-87.679544,41.894868],[-87.679532,41.894525],[-87.679931,41.894515],[-87.679942,41.894893],[-87.679576,41.894898],[-87.679544,41.894868]]]}},{"type":"Feature","properties":{"label":null,"hover_name":null},"geometry":{"type":"Polygon","coordinates":[[[-87.808877,41.977836],[-87.808875,41.977581],[-87.809077,41.977525],[-87.809393,41.977719],[-87.808877,41.977836]]]}},{"type":"Feature","properties":{"label":null,"hover_name":null},"geometry":{"type":"Polygon","coordinates":[[[-87.600451,41.777889],[-87.600975,41.777883],[-87.600988,41.778432],[-87.600463,41.778437],[-87.600451,41.777889]]]}},{"type":"Feature","properties":{"label":null,"hover_name":null},"geometry":{"type":"Polygon","coordinates":[[[-87.640934,41.842624],[-87.64093,41.842443],[-87.641429,41.842436],[-87.641435,41.842597],[-87.641416,41.842616],[-87.640934,41.842624]]]}},{"type":"Feature","properties":{"label":null,"hover_name":null},"geometry":{"type":"Polygon","coordinates":[[[-87.641279,41.829473],[-87.641275,41.829047],[-87.641759,41.829037],[-87.641776,41.829467],[-87.641279,41.829473]]]}},{"type":"Feature","properties":{"label":null,"hover_name":null},"geometry":{"type":"Polygon","coordinates":[[[-87.728313,41.884576],[-87.728291,41.884536],[-87.728261,41.883418],[-87.728277,41.8834],[-87.728711,41.88339],[-87.728717,41.883547],[-87.72879,41.883546],[-87.728802,41.883956],[-87.728618,41.883958],[-87.728637,41.884589],[-87.728349,41.884591],[-87.728313,41.884576]]]}},{"type":"Feature","properties":{"label":null,"hover_name":null},"geometry":{"type":"Polygon","coordinates":[[[-87.686402,41.898187],[-87.686394,41.897859],[-87.686766,41.897853],[-87.686774,41.89818],[-87.686402,41.898187]]]}},{"type":"Feature","properties":{"label":null,"hover_name":null},"geometry":{"type":"Polygon","coordinates":[[[-87.647947,41.928693],[-87.648211,41.928689],[-87.648223,41.929044],[-87.647959,41.929047],[-87.647947,41.928693]]]}},{"type":"Feature","properties":{"label":null,"hover_name":null},"geometry":{"type":"Polygon","coordinates":[[[-87.598154,41.757561],[-87.598198,41.757471],[-87.598245,41.757423],[-87.598818,41.756987],[-87.598998,41.756907],[-87.59916,41.756892],[-87.599188,41.756907],[-87.599204,41.757284],[-87.599192,41.757566],[-87.598171,41.75758],[-87.598154,41.757561]]]}},{"type":"Feature","properties":{"label":null,"hover_name":null},"geometry":{"type":"Polygon","coordinates":[[[-87.626778,41.899063],[-87.626474,41.898461],[-87.62651,41.898411],[-87.626788,41.898403],[-87.626822,41.898418],[-87.626849,41.899047],[-87.626819,41.899074],[-87.626778,41.899063]]]}},{"type":"Feature","properties":{"label":null,"hover_name":null},"geometry":{"type":"Polygon","coordinates":[[[-87.609054,41.691835],[-87.608878,41.691802],[-87.608457,41.691801],[-87.608452,41.69107],[-87.608455,41.691048],[-87.608481,41.691033],[-87.609133,41.691031],[-87.609155,41.691751],[-87.609171,41.691812],[-87.609202,41.691843],[-87.609159,41.691875],[-87.609054,41.691835]]]}},{"type":"Feature","properties":{"label":null,"hover_name":null},"geometry":{"type":"MultiPolygon","coordinates":[[[[-87.636807,41.751974],[-87.636795,41.751631],[-87.63682,41.751487],[-87.636892,41.7514],[-87.637068,41.75131],[-87.637327,41.751255],[-87.638051,41.751264],[-87.638391,41.751232],[-87.638679,41.751185],[-87.638744,41.751217],[-87.638769,41.751428],[-87.638735,41.751522],[-87.638686,41.751561],[-87.637781,41.751571],[-87.637579,41.751594],[-87.637341,41.751678],[-87.636834,41.751969],[-87.636807,41.751974]]],[[[-87.635618,41.752048],[-87.635645,41.751977],[-87.635726,41.751885],[-87.635852,41.751801],[-87.635958,41.751754],[-87.636122,41.751715],[-87.636433,41.751679],[-87.636653,41.751624],[-87.636704,41.751647],[-87.636709,41.751992],[-87.636684,41.752013],[-87.636506,41.752054],[-87.636286,41.752138],[-87.636087,41.752278],[-87.635999,41.752383],[-87.635915,41.752533],[-87.63574,41.752976],[-87.635718,41.752999],[-87.635677,41.753008],[-87.635646,41.752999],[-87.63563,41.752971],[-87.635607,41.7524],[-87.635618,41.752048]]],[[[-87.634453,41.753931],[-87.634427,41.753004],[-87.634447,41.75291],[-87.634548,41.752826],[-87.634844,41.752737],[-87.635057,41.752633],[-87.635396,41.752422],[-87.635485,41.752408],[-87.635512,41.752427],[-87.635522,41.752464],[-87.635537,41.752927],[-87.635513,41.753116],[-87.635467,41.753215],[-87.635417,41.753268],[-87.635358,41.7533],[-87.635088,41.753374],[-87.634868,41.753477],[-87.634751,41.753591],[-87.634648,41.753801],[-87.634594,41.753869],[-87.634488,41.75394],[-87.634453,41.753931]]]]}},{"type":"Feature","properties":{"label":null,"hover_name":null},"geometry":{"type":"Polygon","coordinates":[[[-87.760476,41.888842],[-87.760433,41.887801],[-87.760459,41.887771],[-87.763209,41.887732],[-87.763235,41.887748],[-87.763276,41.888818],[-87.763255,41.888842],[-87.760524,41.888866],[-87.760476,41.888842]]]}},{"type":"Feature","properties":{"label":null,"hover_name":null},"geometry":{"type":"MultiPolygon","coordinates":[[[[-87.769803,41.887797],[-87.767794,41.887739],[-87.767756,41.887706],[-87.767752,41.887589],[-87.769927,41.887561],[-87.769848,41.887769],[-87.769803,41.887797]]],[[[-87.77195,41.887866],[-87.770004,41.887803],[-87.769989,41.887784],[-87.769994,41.887724],[-87.770096,41.887558],[-87.771944,41.887533],[-87.77198,41.887625],[-87.771989,41.887839],[-87.77195,41.887866]]],[[[-87.774707,41.887948],[-87.772173,41.887866],[-87.772129,41.887841],[-87.772098,41.887786],[-87.772111,41.887531],[-87.77481,41.887497],[-87.774818,41.887875],[-87.774742,41.887939],[-87.774707,41.887948]]]]}},{"type":"Feature","properties":{"label":null,"hover_name":null},"geometry":{"type":"Polygon","coordinates":[[[-87.670766,41.703839],[-87.669511,41.70376],[-87.669608,41.702974],[-87.669656,41.702958],[-87.670707,41.702943],[-87.670771,41.702955],[-87.670796,41.702991],[-87.670766,41.703839]]]}},{"type":"Feature","properties":{"label":null,"hover_name":null},"geometry":{"type":"Polygon","coordinates":[[[-87.639085,41.923459],[-87.639203,41.923653],[-87.639193,41.923703],[-87.639127,41.923732],[-87.638903,41.923736],[-87.638948,41.923566],[-87.638988,41.923525],[-87.638992,41.92346],[-87.639085,41.923459]]]}},{"type":"Feature","properties":{"label":null,"hover_name":null},"geometry":{"type":"Polygon","coordinates":[[[-87.663994,41.892409],[-87.663994,41.892209],[-87.665462,41.892194],[-87.665476,41.892203],[-87.665483,41.892383],[-87.665462,41.892402],[-87.664027,41.892425],[-87.663994,41.892409]]]}},{"type":"Feature","properties":{"label":null,"hover_name":null},"geometry":{"type":"Polygon","coordinates":[[[-87.599253,41.817322],[-87.599019,41.816989],[-87.599035,41.81696],[-87.599335,41.816958],[-87.599354,41.816974],[-87.599358,41.817312],[-87.599316,41.817342],[-87.599253,41.817322]]]}},{"type":"Feature","properties":{"label":null,"hover_name":null},"geometry":{"type":"Polygon","coordinates":[[[-87.802729,41.988006],[-87.802777,41.988009],[-87.80283,41.988053],[-87.802827,41.988083],[-87.802493,41.988322],[-87.802729,41.988006]]]}},{"type":"Feature","properties":{"label":null,"hover_name":null},"geometry":{"type":"MultiPolygon","coordinates":[[[[-87.602509,41.729339],[-87.6024,41.729325],[-87.602799,41.727579],[-87.602874,41.727578],[-87.60287,41.727595],[-87.6032,41.727589],[-87.603214,41.727608],[-87.602815,41.729322],[-87.602786,41.729339],[-87.602509,41.729339]]],[[[-87.602085,41.730704],[-87.602371,41.729451],[-87.602527,41.729427],[-87.602762,41.729426],[-87.602784,41.729455],[-87.602502,41.730699],[-87.602085,41.730704]]],[[[-87.600729,41.736644],[-87.601667,41.732538],[-87.602071,41.732588],[-87.601157,41.736577],[-87.601135,41.736622],[-87.601101,41.736636],[-87.600729,41.736644]]]]}},{"type":"Feature","properties":{"label":null,"hover_name":null},"geometry":{"type":"Polygon","coordinates":[[[-87.751316,41.955251],[-87.752145,41.95524],[-87.752189,41.955277],[-87.752304,41.955648],[-87.752331,41.955885],[-87.752333,41.956158],[-87.75232,41.956227],[-87.752253,41.95627],[-87.752188,41.956259],[-87.752165,41.956236],[-87.751857,41.955809],[-87.751561,41.955495],[-87.751293,41.955261],[-87.751316,41.955251]]]}},{"type":"Feature","properties":{"label":null,"hover_name":null},"geometry":{"type":"Polygon","coordinates":[[[-87.76675,42.000506],[-87.765784,42.000066],[-87.765762,42.000017],[-87.766185,41.999455],[-87.766232,41.999412],[-87.76634,41.999412],[-87.766927,42.000542],[-87.766876,42.000596],[-87.76675,42.000506]]]}},{"type":"Feature","properties":{"label":null,"hover_name":null},"geometry":{"type":"Polygon","coordinates":[[[-87.612507,41.829929],[-87.612519,41.830439],[-87.611403,41.830452],[-87.611385,41.830466],[-87.611397,41.831118],[-87.610728,41.831107],[-87.61066,41.831085],[-87.610544,41.83089],[-87.61,41.829832],[-87.61055,41.829673],[-87.610147,41.828896],[-87.609597,41.829055],[-87.608942,41.827784],[-87.608955,41.827758],[-87.609599,41.827568],[-87.609791,41.82744],[-87.609907,41.827385],[-87.61005,41.827342],[-87.610201,41.827322],[-87.610354,41.827327],[-87.610503,41.827356],[-87.610847,41.827499],[-87.611514,41.827594],[-87.611528,41.827623],[-87.611451,41.827905],[-87.610961,41.829671],[-87.610942,41.829669],[-87.610961,41.829673],[-87.610938,41.829765],[-87.610947,41.829816],[-87.610991,41.829876],[-87.611043,41.829909],[-87.611199,41.829947],[-87.612507,41.829929]]]}},{"type":"Feature","properties":{"label":null,"hover_name":null},"geometry":{"type":"Polygon","coordinates":[[[-87.633122,41.913124],[-87.633148,41.913139],[-87.633156,41.913383],[-87.633139,41.913393],[-87.633109,41.913374],[-87.633008,41.913207],[-87.633021,41.913183],[-87.633122,41.913124]]]}},{"type":"Feature","properties":{"label":null,"hover_name":null},"geometry":{"type":"Polygon","coordinates":[[[-87.628209,41.901621],[-87.628251,41.901649],[-87.628256,41.902182],[-87.628005,41.901669],[-87.628033,41.901626],[-87.628209,41.901621]]]}},{"type":"Feature","properties":{"label":null,"hover_name":null},"geometry":{"type":"MultiPolygon","coordinates":[[[[-87.633342,41.710655],[-87.633245,41.707103],[-87.633479,41.707102],[-87.633524,41.707142],[-87.633616,41.71062],[-87.633583,41.710648],[-87.633342,41.710655]]],[[[-87.633437,41.714372],[-87.633345,41.710785],[-87.633347,41.710747],[-87.633576,41.710746],[-87.633623,41.710777],[-87.63364,41.711191],[-87.633723,41.714372],[-87.633437,41.714372]]],[[[-87.633573,41.715168],[-87.633758,41.715169],[-87.633826,41.71788],[-87.633789,41.7179],[-87.633636,41.717904],[-87.633573,41.715168]]],[[[-87.633642,41.71801],[-87.63379,41.718007],[-87.633829,41.718043],[-87.633906,41.721441],[-87.63388,41.721484],[-87.633724,41.721487],[-87.633642,41.71801]]]]}},{"type":"Feature","properties":{"label":null,"hover_name":null},"geometry":{"type":"Polygon","coordinates":[[[-87.585251,41.762363],[-87.585251,41.762329],[-87.58525,41.761926],[-87.585709,41.762182],[-87.58571,41.762338],[-87.585686,41.762357],[-87.585251,41.762363]]]}},{"type":"Feature","properties":{"label":null,"hover_name":null},"geometry":{"type":"MultiPolygon","coordinates":[[[[-87.759707,41.887787],[-87.760279,41.88778],[-87.760321,41.887803],[-87.760327,41.887869],[-87.759707,41.887874],[-87.759707,41.887787]]],[[[-87.758559,41.887802],[-87.759652,41.887792],[-87.759656,41.887875],[-87.758547,41.887888],[-87.758545,41.88781],[-87.758559,41.887802]]],[[[-87.757894,41.88781],[-87.758491,41.887805],[-87.758494,41.887889],[-87.757842,41.887896],[-87.75784,41.887835],[-87.757894,41.88781]]],[[[-87.757128,41.88782],[-87.75769,41.887814],[-87.757729,41.887834],[-87.757735,41.887902],[-87.757124,41.887907],[-87.757128,41.88782]]],[[[-87.75607,41.887831],[-87.757061,41.887821],[-87.757064,41.887907],[-87.756072,41.887915],[-87.75607,41.887831]]],[[[-87.755436,41.887849],[-87.75599,41.887835],[-87.756014,41.887866],[-87.756012,41.887912],[-87.755423,41.887919],[-87.755419,41.887865],[-87.755436,41.887849]]]]}},{"type":"Feature","properties":{"label":null,"hover_name":null},"geometry":{"type":"MultiPolygon","coordinates":[[[[-87.639604,41.763162],[-87.639569,41.761677],[-87.639952,41.761677],[-87.639991,41.763156],[-87.639604,41.763162]]],[[[-87.639659,41.765219],[-87.639613,41.763499],[-87.639973,41.763494],[-87.64,41.763517],[-87.640038,41.765194],[-87.640013,41.765213],[-87.639659,41.765219]]]]}},{"type":"Feature","properties":{"label":null,"hover_name":null},"geometry":{"type":"Polygon","coordinates":[[[-87.669475,41.98344],[-87.669471,41.983275],[-87.66929,41.983277],[-87.669284,41.98305],[-87.669673,41.983045],[-87.669681,41.983417],[-87.669657,41.983434],[-87.669475,41.98344]]]}},{"type":"Feature","properties":{"label":null,"hover_name":null},"geometry":{"type":"Polygon","coordinates":[[[-87.805528,41.993255],[-87.804037,41.992417],[-87.804036,41.992375],[-87.804068,41.992363],[-87.805565,41.992381],[-87.805587,41.992412],[-87.80557,41.993227],[-87.805528,41.993255]]]}},{"type":"Feature","properties":{"label":null,"hover_name":null},"geometry":{"type":"Polygon","coordinates":[[[-87.613731,41.892713],[-87.613769,41.892874],[-87.613807,41.892972],[-87.613859,41.893045],[-87.612179,41.893036],[-87.612285,41.892855],[-87.611562,41.892628],[-87.61165,41.892541],[-87.611703,41.892434],[-87.611703,41.892145],[-87.61179,41.89208],[-87.611884,41.892045],[-87.613554,41.892016],[-87.613625,41.892057],[-87.613693,41.892156],[-87.613731,41.892713]]]}},{"type":"Feature","properties":{"label":null,"hover_name":null},"geometry":{"type":"MultiPolygon","coordinates":[[[[-87.639799,41.770688],[-87.639756,41.768973],[-87.640117,41.768968],[-87.640156,41.769001],[-87.6402,41.770646],[-87.640187,41.77067],[-87.640154,41.770684],[-87.639823,41.770693],[-87.639799,41.770688]]],[[[-87.639847,41.772499],[-87.639804,41.770787],[-87.640168,41.770779],[-87.640211,41.770798],[-87.640216,41.770861],[-87.640242,41.772474],[-87.640207,41.772498],[-87.639869,41.772505],[-87.639847,41.772499]]]]}},{"type":"Feature","properties":{"label":null,"hover_name":null},"geometry":{"type":"Polygon","coordinates":[[[-87.805577,41.989985],[-87.804104,41.989976],[-87.804061,41.989966],[-87.804056,41.989943],[-87.80457,41.989564],[-87.804832,41.98932],[-87.805155,41.988958],[-87.805595,41.988329],[-87.805616,41.988331],[-87.805632,41.988392],[-87.805609,41.989967],[-87.805577,41.989985]]]}},{"type":"Feature","properties":{"label":null,"hover_name":null},"geometry":{"type":"Polygon","coordinates":[[[-87.609237,41.691931],[-87.609159,41.691875],[-87.609202,41.691843],[-87.609248,41.691869],[-87.609306,41.691876],[-87.609924,41.691873],[-87.609956,41.691892],[-87.609963,41.691918],[-87.609793,41.692646],[-87.60974,41.692696],[-87.609615,41.69268],[-87.609537,41.692645],[-87.609445,41.692588],[-87.609338,41.69248],[-87.609274,41.692328],[-87.609308,41.692105],[-87.609297,41.692032],[-87.609237,41.691931]]]}},{"type":"Feature","properties":{"label":null,"hover_name":null},"geometry":{"type":"MultiPolygon","coordinates":[[[[-87.799558,41.991625],[-87.799015,41.991317],[-87.798984,41.991323],[-87.798949,41.991301],[-87.798942,41.991267],[-87.799002,41.991248],[-87.799203,41.99125],[-87.799376,41.991282],[-87.79949,41.991329],[-87.79957,41.991415],[-87.799624,41.991508],[-87.799672,41.99166],[-87.799614,41.991677],[-87.799559,41.991644],[-87.799558,41.991625]]],[[[-87.798096,41.991707],[-87.798366,41.991455],[-87.798725,41.991658],[-87.798696,41.991684],[-87.798871,41.991785],[-87.798857,41.991799],[-87.798914,41.991834],[-87.79893,41.991822],[-87.799093,41.991921],[-87.799135,41.99189],[-87.799416,41.992049],[-87.799055,41.992242],[-87.799001,41.992244],[-87.798096,41.991707]]]]}},{"type":"Feature","properties":{"label":null,"hover_name":null},"geometry":{"type":"Polygon","coordinates":[[[-87.597345,41.79879],[-87.596691,41.798797],[-87.596686,41.79852],[-87.59734,41.798515],[-87.597345,41.79879]]]}},{"type":"Feature","properties":{"label":null,"hover_name":null},"geometry":{"type":"Polygon","coordinates":[[[-87.621942,41.896837],[-87.622487,41.896828],[-87.622514,41.89756],[-87.621928,41.897569],[-87.621906,41.897558],[-87.621887,41.896885],[-87.621899,41.896857],[-87.621942,41.896837]]]}},{"type":"Feature","properties":{"label":null,"hover_name":null},"geometry":{"type":"Polygon","coordinates":[[[-87.629947,41.899746],[-87.62994,41.899721],[-87.629905,41.899699],[-87.629904,41.899671],[-87.629943,41.899646],[-87.629929,41.898813],[-87.629957,41.898801],[-87.631115,41.898793],[-87.631125,41.898781],[-87.631176,41.89878],[-87.631209,41.898796],[-87.631247,41.899693],[-87.631224,41.899748],[-87.631072,41.899761],[-87.631055,41.899746],[-87.629981,41.899761],[-87.629947,41.899746]]]}},{"type":"Feature","properties":{"label":null,"hover_name":null},"geometry":{"type":"Polygon","coordinates":[[[-87.656533,42.002701],[-87.656393,42.002116],[-87.657925,42.002094],[-87.657941,42.002552],[-87.657315,42.002562],[-87.657319,42.002642],[-87.65739,42.002641],[-87.65741,42.003123],[-87.656682,42.003133],[-87.656533,42.002701]]]}},{"type":"Feature","properties":{"label":null,"hover_name":null},"geometry":{"type":"Polygon","coordinates":[[[-87.656883,42.004753],[-87.656745,42.004309],[-87.656719,42.004307],[-87.656714,42.004215],[-87.657501,42.004219],[-87.657505,42.004579],[-87.65772,42.004581],[-87.657722,42.004624],[-87.657737,42.004623],[-87.657722,42.004625],[-87.657725,42.004742],[-87.656883,42.004753]]]}},{"type":"Feature","properties":{"label":null,"hover_name":null},"geometry":{"type":"Polygon","coordinates":[[[-87.663335,42.018159],[-87.662453,42.016721],[-87.662974,42.016706],[-87.663144,42.016937],[-87.663213,42.017086],[-87.663189,42.017093],[-87.663189,42.017114],[-87.663221,42.017114],[-87.663223,42.017297],[-87.663131,42.017299],[-87.663147,42.017727],[-87.663189,42.017726],[-87.663273,42.017775],[-87.663289,42.017908],[-87.663369,42.018056],[-87.663335,42.018159]]]}},{"type":"Feature","properties":{"label":null,"hover_name":null},"geometry":{"type":"Polygon","coordinates":[[[-87.654696,41.994708],[-87.654696,41.994668],[-87.65484,41.994665],[-87.654903,41.994683],[-87.654944,41.994681],[-87.654996,41.994653],[-87.655414,41.994648],[-87.655441,41.994661],[-87.655458,41.994765],[-87.65549,41.995933],[-87.65434,41.995926],[-87.654207,41.994985],[-87.654192,41.994714],[-87.654696,41.994708]]]}},{"type":"Feature","properties":{"label":null,"hover_name":null},"geometry":{"type":"Polygon","coordinates":[[[-87.664062,42.019241],[-87.664046,42.019205],[-87.663881,42.019213],[-87.663874,42.019117],[-87.663679,42.01881],[-87.663532,42.018638],[-87.663461,42.018584],[-87.663453,42.018558],[-87.664285,42.01854],[-87.664483,42.019211],[-87.664447,42.019233],[-87.664062,42.019241]]]}},{"type":"Feature","properties":{"label":null,"hover_name":null},"geometry":{"type":"Polygon","coordinates":[[[-87.662256,42.015632],[-87.663128,42.015613],[-87.663135,42.016025],[-87.662756,42.016035],[-87.662764,42.016187],[-87.662165,42.016214],[-87.662103,42.016121],[-87.662218,42.016077],[-87.662269,42.015972],[-87.66227,42.015848],[-87.662224,42.015725],[-87.662256,42.015632]]]}},{"type":"Feature","properties":{"label":null,"hover_name":null},"geometry":{"type":"Polygon","coordinates":[[[-87.73227,41.964007],[-87.731683,41.964011],[-87.731673,41.963594],[-87.731966,41.963796],[-87.73227,41.964007]]]}},{"type":"Feature","properties":{"label":null,"hover_name":null},"geometry":{"type":"Polygon","coordinates":[[[-87.664857,42.022192],[-87.665499,42.022049],[-87.665722,42.022601],[-87.665475,42.022732],[-87.66539,42.022809],[-87.665315,42.022905],[-87.665089,42.022903],[-87.665092,42.022877],[-87.665131,42.022843],[-87.665131,42.02279],[-87.664956,42.02244],[-87.664936,42.022345],[-87.664857,42.022192]]]}},{"type":"Feature","properties":{"label":null,"hover_name":null},"geometry":{"type":"Polygon","coordinates":[[[-87.657003,42.004081],[-87.656946,42.003777],[-87.657385,42.003765],[-87.657418,42.003789],[-87.65748,42.003787],[-87.657526,42.003765],[-87.657648,42.003763],[-87.657651,42.004203],[-87.657501,42.004219],[-87.656989,42.004216],[-87.657003,42.004081]]]}},{"type":"Feature","properties":{"label":null,"hover_name":null},"geometry":{"type":"Polygon","coordinates":[[[-87.657016,42.005854],[-87.657016,42.005619],[-87.657956,42.00561],[-87.657988,42.005648],[-87.658056,42.005661],[-87.658151,42.005628],[-87.6585,42.005625],[-87.658499,42.006294],[-87.655962,42.006322],[-87.655837,42.006335],[-87.655844,42.006307],[-87.656956,42.006278],[-87.657016,42.005854]]]}},{"type":"Feature","properties":{"label":null,"hover_name":null},"geometry":{"type":"Polygon","coordinates":[[[-87.663856,42.020715],[-87.664933,42.020698],[-87.66534,42.021672],[-87.664665,42.021823],[-87.664606,42.021742],[-87.664599,42.021703],[-87.664182,42.021241],[-87.664004,42.021322],[-87.663856,42.020715]]]}},{"type":"Feature","properties":{"label":null,"hover_name":null},"geometry":{"type":"Polygon","coordinates":[[[-87.653668,41.989892],[-87.653766,41.98985],[-87.653908,41.98988],[-87.65398,41.989816],[-87.653988,41.989693],[-87.653944,41.989548],[-87.653505,41.988993],[-87.654331,41.988976],[-87.654306,41.989487],[-87.655284,41.989472],[-87.6553,41.990046],[-87.655282,41.990078],[-87.655237,41.990079],[-87.655242,41.9902],[-87.653793,41.990231],[-87.653748,41.990052],[-87.653668,41.989892]]]}},{"type":"Feature","properties":{"label":null,"hover_name":null},"geometry":{"type":"MultiPolygon","coordinates":[[[[-87.639711,41.750792],[-87.639723,41.751075],[-87.639742,41.751076],[-87.639779,41.75245],[-87.639616,41.752462],[-87.639583,41.751305],[-87.639595,41.750796],[-87.639711,41.750792]]],[[[-87.63976,41.752587],[-87.639778,41.752599],[-87.639782,41.752685],[-87.639873,41.756026],[-87.639856,41.756081],[-87.639721,41.756085],[-87.63962,41.752591],[-87.63976,41.752587]]]]}},{"type":"Feature","properties":{"label":null,"hover_name":null},"geometry":{"type":"MultiPolygon","coordinates":[[[[-87.589055,41.787828],[-87.589096,41.787658],[-87.58911,41.787658],[-87.589094,41.787658],[-87.589436,41.786165],[-87.590276,41.786158],[-87.5903,41.786188],[-87.590398,41.786187],[-87.590409,41.786149],[-87.595031,41.786115],[-87.595849,41.786097],[-87.596416,41.786056],[-87.596411,41.786059],[-87.596408,41.786063],[-87.596406,41.786067],[-87.596723,41.786035],[-87.597237,41.786022],[-87.601044,41.785984],[-87.601091,41.785971],[-87.601121,41.785986],[-87.60111,41.785974],[-87.601091,41.785971],[-87.601287,41.785969],[-87.601274,41.785975],[-87.60127,41.785979],[-87.601269,41.785983],[-87.601268,41.785984],[-87.601268,41.785985],[-87.60583,41.785927],[-87.605913,41.785937],[-87.605945,41.786004],[-87.605948,41.786505],[-87.605941,41.786493],[-87.60593,41.786484],[-87.605948,41.786505],[-87.605957,41.786596],[-87.605967,41.787023],[-87.605948,41.787077],[-87.605958,41.787067],[-87.605964,41.787213],[-87.605957,41.787204],[-87.605947,41.787197],[-87.605964,41.787213],[-87.605976,41.787596],[-87.605952,41.787648],[-87.605881,41.787666],[-87.601374,41.787712],[-87.601304,41.787702],[-87.601318,41.787708],[-87.596462,41.787765],[-87.596443,41.787753],[-87.596451,41.78776],[-87.596462,41.787765],[-87.596295,41.787755],[-87.596214,41.787767],[-87.591622,41.787821],[-87.591616,41.787811],[-87.590254,41.787828],[-87.590238,41.787775],[-87.590097,41.787777],[-87.590096,41.787811],[-87.590017,41.787823],[-87.589055,41.787828]],[[-87.591616,41.787811],[-87.591606,41.787809],[-87.591608,41.78781],[-87.59161,41.78781],[-87.591611,41.787811],[-87.591616,41.787811]],[[-87.591437,41.787802],[-87.591423,41.787812],[-87.591431,41.787808],[-87.591437,41.787802]],[[-87.591395,41.786154],[-87.591389,41.786152],[-87.591349,41.78615],[-87.591395,41.786154]],[[-87.591563,41.786149],[-87.591555,41.786149],[-87.591549,41.786152],[-87.591563,41.786149]],[[-87.596214,41.786078],[-87.596262,41.786095],[-87.596248,41.786082],[-87.596214,41.786078]]],[[[-87.586733,41.786444],[-87.586738,41.786332],[-87.586694,41.786322],[-87.586679,41.786268],[-87.586698,41.786217],[-87.586787,41.786194],[-87.588691,41.786172],[-87.588778,41.786189],[-87.588768,41.786235],[-87.588677,41.786236],[-87.588652,41.786339],[-87.588744,41.786338],[-87.588442,41.787664],[-87.588351,41.787664],[-87.588322,41.787778],[-87.588416,41.787778],[-87.588403,41.787832],[-87.586743,41.787854],[-87.586731,41.787754],[-87.586734,41.787726],[-87.586765,41.787725],[-87.586762,41.787601],[-87.586727,41.787595],[-87.586715,41.787548],[-87.586692,41.786504],[-87.586701,41.786459],[-87.586733,41.786444]]]]}},{"type":"Feature","properties":{"label":null,"hover_name":null},"geometry":{"type":"Polygon","coordinates":[[[-87.65554,41.928161],[-87.655584,41.928925],[-87.653877,41.92896],[-87.653836,41.928949],[-87.653802,41.928923],[-87.653778,41.928162],[-87.653821,41.92815],[-87.655527,41.92812],[-87.65554,41.928161],[-87.655504,41.928161],[-87.65554,41.928161]]]}},{"type":"Feature","properties":{"label":null,"hover_name":null},"geometry":{"type":"Polygon","coordinates":[[[-87.609321,41.818518],[-87.609293,41.818489],[-87.609287,41.818156],[-87.60983,41.818146],[-87.609832,41.818225],[-87.610396,41.818214],[-87.610402,41.818482],[-87.610384,41.818502],[-87.609321,41.818518]]]}},{"type":"Feature","properties":{"label":null,"hover_name":null},"geometry":{"type":"Polygon","coordinates":[[[-87.599036,41.80156],[-87.599723,41.801555],[-87.599735,41.801964],[-87.599045,41.801971],[-87.599036,41.80156]]]}},{"type":"Feature","properties":{"label":null,"hover_name":null},"geometry":{"type":"Polygon","coordinates":[[[-87.58874,41.767488],[-87.589396,41.767482],[-87.589401,41.767793],[-87.588749,41.767802],[-87.58874,41.767488]]]}},{"type":"Feature","properties":{"label":null,"hover_name":null},"geometry":{"type":"Polygon","coordinates":[[[-87.645598,41.939953],[-87.64559,41.939597],[-87.645774,41.939595],[-87.645782,41.939949],[-87.645598,41.939953]]]}},{"type":"Feature","properties":{"label":null,"hover_name":null},"geometry":{"type":"Polygon","coordinates":[[[-87.663824,41.922294],[-87.663302,41.9223],[-87.663292,41.921957],[-87.66387,41.92195],[-87.663874,41.922],[-87.663821,41.922035],[-87.663814,41.922057],[-87.663824,41.922294]]]}},{"type":"Feature","properties":{"label":null,"hover_name":null},"geometry":{"type":"Polygon","coordinates":[[[-87.718802,41.811161],[-87.719243,41.811154],[-87.719262,41.811681],[-87.718822,41.811687],[-87.718802,41.811161]]]}},{"type":"Feature","properties":{"label":null,"hover_name":null},"geometry":{"type":"Polygon","coordinates":[[[-87.65782,41.978544],[-87.657827,41.978819],[-87.657209,41.978829],[-87.657201,41.978554],[-87.65782,41.978544]]]}},{"type":"Feature","properties":{"label":null,"hover_name":null},"geometry":{"type":"Polygon","coordinates":[[[-87.776187,41.918898],[-87.776703,41.918891],[-87.776722,41.919219],[-87.776199,41.919227],[-87.776187,41.918898]]]}},{"type":"Feature","properties":{"label":null,"hover_name":null},"geometry":{"type":"Polygon","coordinates":[[[-87.674994,41.953323],[-87.675132,41.953322],[-87.675141,41.953692],[-87.675004,41.953694],[-87.674994,41.953323]]]}},{"type":"Feature","properties":{"label":null,"hover_name":null},"geometry":{"type":"Polygon","coordinates":[[[-87.709659,41.918705],[-87.710231,41.918699],[-87.710236,41.91883],[-87.709664,41.918837],[-87.709659,41.918705]]]}},{"type":"Feature","properties":{"label":null,"hover_name":null},"geometry":{"type":"Polygon","coordinates":[[[-87.666895,41.836237],[-87.666896,41.83625],[-87.666499,41.836478],[-87.666456,41.836433],[-87.666463,41.836411],[-87.666178,41.836144],[-87.66613,41.83614],[-87.666081,41.836105],[-87.666053,41.836014],[-87.667291,41.835994],[-87.666895,41.836237]]]}},{"type":"Feature","properties":{"label":null,"hover_name":null},"geometry":{"type":"Polygon","coordinates":[[[-87.604278,41.824596],[-87.603878,41.824734],[-87.603724,41.824485],[-87.604123,41.824346],[-87.604278,41.824596]]]}},{"type":"Feature","properties":{"label":null,"hover_name":null},"geometry":{"type":"Polygon","coordinates":[[[-87.714241,41.735417],[-87.714226,41.735129],[-87.714267,41.735096],[-87.714674,41.73509],[-87.714684,41.735409],[-87.714241,41.735417]]]}},{"type":"Feature","properties":{"label":null,"hover_name":null},"geometry":{"type":"Polygon","coordinates":[[[-87.565369,41.722186],[-87.565842,41.72218],[-87.565849,41.722455],[-87.565834,41.722486],[-87.565773,41.722514],[-87.565377,41.722515],[-87.565369,41.722186]]]}},{"type":"Feature","properties":{"label":null,"hover_name":null},"geometry":{"type":"Polygon","coordinates":[[[-87.661121,41.844052],[-87.660795,41.843721],[-87.661167,41.843543],[-87.66143,41.843835],[-87.66143,41.843854],[-87.661412,41.84389],[-87.661121,41.844052]]]}},{"type":"Feature","properties":{"label":null,"hover_name":null},"geometry":{"type":"MultiPolygon","coordinates":[[[[-87.559361,41.673686],[-87.559362,41.673419],[-87.559819,41.673416],[-87.55982,41.67321],[-87.559362,41.673214],[-87.55937,41.671334],[-87.559466,41.670153],[-87.563957,41.670119],[-87.56395,41.673651],[-87.561026,41.673673],[-87.561026,41.673613],[-87.560569,41.673616],[-87.560569,41.673676],[-87.559361,41.673686]]],[[[-87.560002,41.684549],[-87.559982,41.68292],[-87.559473,41.682924],[-87.559455,41.681439],[-87.559912,41.681436],[-87.559911,41.681367],[-87.559454,41.681371],[-87.559406,41.677489],[-87.55943,41.677307],[-87.559388,41.673927],[-87.560329,41.673934],[-87.560328,41.673859],[-87.563951,41.673832],[-87.563971,41.675462],[-87.564094,41.675642],[-87.564117,41.677453],[-87.56303,41.677461],[-87.56305,41.679093],[-87.563507,41.679089],[-87.563499,41.678403],[-87.564008,41.678399],[-87.564018,41.679266],[-87.563561,41.67927],[-87.563562,41.679407],[-87.56402,41.679404],[-87.564085,41.684699],[-87.559521,41.684734],[-87.559493,41.684553],[-87.560002,41.684549]],[[-87.563114,41.684319],[-87.563115,41.684388],[-87.563573,41.684385],[-87.563572,41.684316],[-87.563114,41.684319]],[[-87.562868,41.68391],[-87.562867,41.683841],[-87.562409,41.683845],[-87.56241,41.683913],[-87.562868,41.68391]],[[-87.561147,41.683648],[-87.561147,41.68358],[-87.560689,41.683583],[-87.56069,41.683652],[-87.561147,41.683648]],[[-87.56286,41.683292],[-87.562859,41.683224],[-87.562402,41.683227],[-87.562402,41.683296],[-87.56286,41.683292]],[[-87.562342,41.682515],[-87.56234,41.682378],[-87.561882,41.682381],[-87.561884,41.682519],[-87.562342,41.682515]],[[-87.561641,41.682383],[-87.56164,41.682315],[-87.561182,41.682318],[-87.561183,41.682387],[-87.561641,41.682383]],[[-87.561639,41.682246],[-87.561632,41.681697],[-87.561175,41.681701],[-87.561181,41.68225],[-87.561639,41.682246]],[[-87.56163,41.681491],[-87.561626,41.681217],[-87.561169,41.68122],[-87.561172,41.681495],[-87.56163,41.681491]],[[-87.563076,41.681206],[-87.563077,41.681275],[-87.563534,41.681271],[-87.563534,41.681202],[-87.563076,41.681206]],[[-87.56162,41.68071],[-87.561619,41.680642],[-87.561162,41.680645],[-87.561163,41.680714],[-87.56162,41.68071]],[[-87.563525,41.68049],[-87.563519,41.680025],[-87.563061,41.680028],[-87.563067,41.680494],[-87.563525,41.68049]],[[-87.561548,41.67483],[-87.561547,41.674747],[-87.561093,41.674751],[-87.561094,41.674833],[-87.561548,41.67483]]]]}},{"type":"Feature","properties":{"label":null,"hover_name":null},"geometry":{"type":"Polygon","coordinates":[[[-87.667929,41.914332],[-87.667926,41.914226],[-87.668884,41.91421],[-87.668884,41.914191],[-87.669146,41.91418],[-87.670102,41.914162],[-87.670111,41.914198],[-87.670342,41.914176],[-87.676436,41.914078],[-87.677412,41.914054],[-87.677662,41.913981],[-87.677665,41.914148],[-87.678294,41.914239],[-87.678495,41.914256],[-87.679886,41.91423],[-87.680127,41.9142],[-87.680127,41.914164],[-87.680503,41.914156],[-87.680502,41.914144],[-87.681775,41.914048],[-87.682309,41.914021],[-87.68231,41.914032],[-87.682551,41.913997],[-87.682544,41.913786],[-87.682827,41.913968],[-87.683234,41.913943],[-87.687181,41.913871],[-87.68718,41.913881],[-87.687283,41.91388],[-87.694471,41.913812],[-87.695583,41.913815],[-87.69632,41.913791],[-87.696959,41.913786],[-87.69696,41.913798],[-87.697211,41.913825],[-87.697211,41.913795],[-87.697579,41.913792],[-87.697581,41.913838],[-87.698232,41.913839],[-87.69824,41.913743],[-87.698692,41.91374],[-87.69869,41.913672],[-87.699067,41.913669],[-87.699073,41.913832],[-87.707026,41.913754],[-87.707049,41.913753],[-87.707047,41.913692],[-87.708675,41.913684],[-87.716133,41.91359],[-87.716645,41.913581],[-87.716767,41.913571],[-87.716778,41.913548],[-87.717761,41.913536],[-87.71799,41.913554],[-87.717994,41.913596],[-87.71841,41.913596],[-87.718467,41.913589],[-87.718468,41.913576],[-87.718536,41.913576],[-87.718983,41.913586],[-87.718984,41.913611],[-87.719227,41.913619],[-87.719224,41.913527],[-87.719668,41.913541],[-87.719961,41.91352],[-87.720208,41.913481],[-87.720295,41.913495],[-87.720406,41.913565],[-87.720453,41.913654],[-87.720455,41.913743],[-87.720295,41.913745],[-87.719988,41.913838],[-87.719892,41.91375],[-87.719231,41.913756],[-87.719227,41.913695],[-87.718992,41.913695],[-87.718988,41.913749],[-87.718011,41.913761],[-87.717993,41.913671],[-87.717765,41.913666],[-87.717768,41.913764],[-87.716785,41.913776],[-87.716781,41.913654],[-87.716538,41.913655],[-87.716543,41.913767],[-87.715163,41.913788],[-87.715153,41.913673],[-87.714921,41.913676],[-87.714926,41.913791],[-87.712103,41.913834],[-87.711932,41.913993],[-87.711937,41.914157],[-87.711693,41.914089],[-87.711688,41.913979],[-87.711535,41.913982],[-87.71122,41.913955],[-87.710764,41.913857],[-87.710309,41.913861],[-87.710294,41.913768],[-87.710063,41.913751],[-87.710066,41.913862],[-87.708689,41.913879],[-87.708677,41.913754],[-87.708424,41.913758],[-87.708426,41.913836],[-87.70761,41.913842],[-87.707515,41.913888],[-87.707053,41.913891],[-87.707051,41.913825],[-87.706684,41.913829],[-87.706684,41.913846],[-87.70529,41.91386],[-87.705289,41.913843],[-87.705047,41.913845],[-87.705047,41.913863],[-87.704485,41.913868],[-87.704487,41.913935],[-87.703958,41.913939],[-87.703952,41.913856],[-87.701579,41.913887],[-87.698001,41.913912],[-87.698006,41.913969],[-87.69729,41.913976],[-87.697217,41.913953],[-87.69722,41.913889],[-87.696963,41.91387],[-87.687182,41.913953],[-87.683297,41.914022],[-87.682942,41.914043],[-87.682988,41.914072],[-87.682746,41.914281],[-87.682555,41.914157],[-87.682554,41.914091],[-87.680757,41.914245],[-87.680553,41.914265],[-87.680555,41.914278],[-87.680129,41.914283],[-87.679887,41.914302],[-87.678041,41.914336],[-87.678042,41.914354],[-87.677669,41.91436],[-87.677669,41.914244],[-87.677029,41.914173],[-87.676308,41.914149],[-87.670799,41.914245],[-87.670113,41.914268],[-87.670114,41.914311],[-87.669633,41.914322],[-87.66926,41.914327],[-87.669132,41.914313],[-87.669133,41.914301],[-87.667929,41.914332]]]}},{"type":"Feature","properties":{"label":null,"hover_name":null},"geometry":{"type":"Polygon","coordinates":[[[-87.667085,41.727385],[-87.666425,41.726078],[-87.666423,41.726001],[-87.666444,41.725966],[-87.66652,41.725914],[-87.666569,41.725902],[-87.666718,41.72588],[-87.667121,41.726668],[-87.667085,41.727385]]]}},{"type":"Feature","properties":{"label":null,"hover_name":null},"geometry":{"type":"Polygon","coordinates":[[[-87.552954,41.711522],[-87.552447,41.711523],[-87.552444,41.711318],[-87.552951,41.711316],[-87.552954,41.711522]]]}},{"type":"Feature","properties":{"label":null,"hover_name":null},"geometry":{"type":"Polygon","coordinates":[[[-87.699018,41.78309],[-87.699015,41.783007],[-87.699472,41.783],[-87.699475,41.783083],[-87.699018,41.78309]]]}},{"type":"Feature","properties":{"label":null,"hover_name":null},"geometry":{"type":"Polygon","coordinates":[[[-87.686972,41.762521],[-87.686977,41.762451],[-87.687438,41.762445],[-87.68744,41.762512],[-87.686972,41.762521]]]}},{"type":"Feature","properties":{"label":null,"hover_name":null},"geometry":{"type":"Polygon","coordinates":[[[-87.607164,41.722491],[-87.607023,41.722493],[-87.607013,41.72215],[-87.607155,41.722147],[-87.607164,41.722491]]]}},{"type":"Feature","properties":{"label":null,"hover_name":null},"geometry":{"type":"Polygon","coordinates":[[[-87.62689,41.67841],[-87.626423,41.678415],[-87.626413,41.67808],[-87.62688,41.678067],[-87.62689,41.67841]]]}},{"type":"Feature","properties":{"label":null,"hover_name":null},"geometry":{"type":"Polygon","coordinates":[[[-87.60453,41.704451],[-87.604072,41.704458],[-87.604066,41.704239],[-87.604524,41.704232],[-87.60453,41.704451]]]}},{"type":"Feature","properties":{"label":null,"hover_name":null},"geometry":{"type":"Polygon","coordinates":[[[-87.631508,41.658713],[-87.631193,41.659177],[-87.63061,41.659407],[-87.629973,41.659889],[-87.629739,41.660096],[-87.629861,41.660183],[-87.631398,41.660192],[-87.631726,41.660871],[-87.629184,41.6609],[-87.628634,41.6615],[-87.627295,41.660604],[-87.629195,41.659185],[-87.631136,41.658191],[-87.631508,41.658713]]]}},{"type":"Feature","properties":{"label":null,"hover_name":null},"geometry":{"type":"Polygon","coordinates":[[[-87.646114,41.836379],[-87.645657,41.836385],[-87.645656,41.836315],[-87.646113,41.836314],[-87.646114,41.836379]]]}},{"type":"Feature","properties":{"label":null,"hover_name":null},"geometry":{"type":"Polygon","coordinates":[[[-87.629117,41.693334],[-87.628759,41.693338],[-87.62875,41.693004],[-87.629108,41.693],[-87.629117,41.693334]]]}},{"type":"Feature","properties":{"label":null,"hover_name":null},"geometry":{"type":"Polygon","coordinates":[[[-87.622342,41.822644],[-87.621675,41.822652],[-87.62167,41.822447],[-87.622337,41.822438],[-87.622342,41.822644]]]}},{"type":"Feature","properties":{"label":null,"hover_name":null},"geometry":{"type":"Polygon","coordinates":[[[-87.613026,41.818792],[-87.613027,41.818542],[-87.613631,41.818531],[-87.613679,41.818544],[-87.61364,41.818782],[-87.613026,41.818792]]]}},{"type":"Feature","properties":{"label":null,"hover_name":null},"geometry":{"type":"Polygon","coordinates":[[[-87.689149,41.806451],[-87.684564,41.806522],[-87.684519,41.804828],[-87.685252,41.804815],[-87.685254,41.80487],[-87.689222,41.804797],[-87.689225,41.804896],[-87.689376,41.804894],[-87.689392,41.805478],[-87.689238,41.805437],[-87.689165,41.805452],[-87.689125,41.805487],[-87.689149,41.806451]]]}},{"type":"Feature","properties":{"label":null,"hover_name":null},"geometry":{"type":"MultiPolygon","coordinates":[[[[-87.562462,41.66837],[-87.562603,41.668324],[-87.562652,41.668377],[-87.562514,41.668557],[-87.562515,41.668628],[-87.562434,41.668709],[-87.56234,41.668773],[-87.562234,41.668792],[-87.562244,41.66873],[-87.562462,41.66837]]],[[[-87.561903,41.668386],[-87.562045,41.668358],[-87.561918,41.66852],[-87.56184,41.668753],[-87.561418,41.668981],[-87.560952,41.669415],[-87.560799,41.669497],[-87.560515,41.669563],[-87.560381,41.669405],[-87.560604,41.669268],[-87.561098,41.669021],[-87.561309,41.668893],[-87.561507,41.668721],[-87.561695,41.668648],[-87.561824,41.668539],[-87.561903,41.668386]]],[[[-87.559393,41.669743],[-87.559491,41.669742],[-87.55949,41.669617],[-87.559992,41.66957],[-87.560053,41.669641],[-87.560234,41.669745],[-87.560402,41.669814],[-87.560936,41.669736],[-87.561337,41.669624],[-87.561501,41.669524],[-87.561769,41.669262],[-87.561853,41.669305],[-87.561726,41.669476],[-87.561752,41.669547],[-87.561871,41.669573],[-87.562025,41.669526],[-87.562363,41.669254],[-87.562541,41.669216],[-87.562719,41.669205],[-87.562803,41.669169],[-87.562872,41.669123],[-87.56301,41.668934],[-87.563047,41.668853],[-87.563031,41.6688],[-87.563099,41.668692],[-87.563097,41.668576],[-87.563012,41.668524],[-87.562802,41.668696],[-87.562718,41.668652],[-87.562763,41.668554],[-87.563098,41.668103],[-87.56342,41.667618],[-87.563533,41.667393],[-87.563872,41.667109],[-87.563862,41.667727],[-87.563968,41.667726],[-87.563511,41.667729],[-87.56351,41.668072],[-87.563967,41.668069],[-87.563964,41.669205],[-87.563858,41.669206],[-87.563855,41.669892],[-87.563962,41.669891],[-87.563961,41.66996],[-87.563855,41.66996],[-87.563855,41.67012],[-87.559403,41.670154],[-87.559393,41.669743]]]]}},{"type":"Feature","properties":{"label":null,"hover_name":null},"geometry":{"type":"Polygon","coordinates":[[[-87.645256,41.910235],[-87.643526,41.910262],[-87.6435,41.909267],[-87.645226,41.90924],[-87.645256,41.910235]]]}},{"type":"Feature","properties":{"label":null,"hover_name":null},"geometry":{"type":"Polygon","coordinates":[[[-87.671277,41.985824],[-87.670541,41.98584],[-87.670525,41.985196],[-87.671099,41.985191],[-87.671106,41.98553],[-87.671267,41.985527],[-87.671277,41.985824]]]}},{"type":"Feature","properties":{"label":null,"hover_name":null},"geometry":{"type":"Polygon","coordinates":[[[-87.569802,41.67357],[-87.569556,41.672709],[-87.570367,41.672642],[-87.570364,41.671735],[-87.572461,41.671722],[-87.573452,41.668834],[-87.573463,41.667658],[-87.572952,41.666829],[-87.575189,41.663882],[-87.57513,41.673571],[-87.571806,41.6736],[-87.569802,41.67357]]]}},{"type":"Feature","properties":{"label":null,"hover_name":null},"geometry":{"type":"Polygon","coordinates":[[[-87.804854,41.954241],[-87.803624,41.954245],[-87.802461,41.954459],[-87.80177,41.954485],[-87.801132,41.953417],[-87.80087,41.95314],[-87.800445,41.953199],[-87.799136,41.953659],[-87.798592,41.953477],[-87.797753,41.953664],[-87.797169,41.953878],[-87.796615,41.954038],[-87.79655,41.953801],[-87.796511,41.953518],[-87.797365,41.953517],[-87.797373,41.952835],[-87.804796,41.952846],[-87.804854,41.954241]]]}},{"type":"Feature","properties":{"label":null,"hover_name":null},"geometry":{"type":"Polygon","coordinates":[[[-87.725991,41.881367],[-87.725978,41.880889],[-87.726348,41.880883],[-87.726352,41.881359],[-87.725991,41.881367]]]}}]}