{"type":"FeatureCollection","features":[{"type":"Feature","properties":{"ward":"01","label_lon":-87.671026,"label_lat":41.910453,"labels":{"names":[-87.670906,41.910498],"tenure":[-87.670906,41.910498],"absence":[-87.670906,41.910498]}},"geometry":{"type":"Polygon","coordinates":[[[-87.687772,41.928585],[-87.687416,41.917795],[-87.687221,41.910321],[-87.682181,41.910395],[-87.678134,41.910474],[-87.677586,41.910473],[-87.676454,41.910503],[-87.665192,41.910665],[-87.664752,41.909992],[-87.664283,41.909408],[-87.664003,41.909119],[-87.66245,41.90772],[-87.662083,41.907338],[-87.66178,41.906955],[-87.66154,41.906564],[-87.661402,41.906282],[-87.661291,41.905995],[-87.661206,41.905624],[-87.661136,41.904969],[-87.661151,41.904685],[-87.661292,41.903439],[-87.664288,41.90338],[-87.666485,41.903358],[-87.66253,41.900823],[-87.662466,41.898436],[-87.664909,41.898393],[-87.664897,41.897991],[-87.664947,41.897865],[-87.66495,41.89769],[-87.664905,41.896111],[-87.665658,41.896098],[-87.665578,41.893369],[-87.657444,41.893498],[-87.65743,41.89292],[-87.658292,41.891943],[-87.659891,41.890031],[-87.659932,41.889961],[-87.660878,41.88995],[-87.660835,41.889057],[-87.660676,41.888861],[-87.660845,41.888904],[-87.661941,41.888887],[-87.662143,41.888946],[-87.662211,41.889005],[-87.662233,41.889943],[-87.663645,41.88994],[-87.665483,41.889905],[-87.665516,41.890999],[-87.672022,41.890903],[-87.672282,41.899633],[-87.684486,41.899422],[-87.68451,41.900331],[-87.68696,41.900293],[-87.687123,41.906667],[-87.692039,41.906621],[-87.692115,41.910124],[-87.692105,41.910446],[-87.692203,41.91395],[-87.697094,41.913907],[-87.697097,41.914004],[-87.697613,41.914003],[-87.697716,41.917485],[-87.706967,41.917402],[-87.707075,41.920663],[-87.707284,41.920697],[-87.707457,41.92079],[-87.70757,41.920927],[-87.707606,41.921057],[-87.707536,41.921245],[-87.707367,41.921406],[-87.70727,41.921446],[-87.707113,41.921452],[-87.707142,41.922323],[-87.706792,41.922342],[-87.702233,41.922385],[-87.702302,41.9241],[-87.702347,41.925968],[-87.705752,41.928059],[-87.705545,41.928273],[-87.705249,41.928402],[-87.704875,41.928403],[-87.704981,41.932041],[-87.693964,41.932124],[-87.692738,41.931393],[-87.691603,41.930749],[-87.690955,41.930332],[-87.690632,41.930193],[-87.687772,41.928585]]]}},{"type":"Feature","properties":{"ward":"02","label_lon":-87.632992,"label_lat":41.908229,"labels":{"names":[-87.632986,41.908128],"tenure":[-87.632986,41.908128],"absence":[-87.632986,41.908128]}},"geometry":{"type":"Polygon","coordinates":[[[-87.625848,41.903988],[-87.623723,41.904049],[-87.623607,41.903947],[-87.623169,41.903724],[-87.622874,41.903476],[-87.622591,41.903188],[-87.622296,41.902848],[-87.62193,41.902369],[-87.621858,41.902197],[-87.621868,41.902046],[-87.621397,41.901904],[-87.62057,41.90175],[-87.619876,41.901546],[-87.619638,41.901417],[-87.619414,41.901265],[-87.619163,41.90102],[-87.619035,41.900857],[-87.617201,41.898064],[-87.616362,41.896882],[-87.614907,41.894671],[-87.613686,41.893129],[-87.614066,41.892962],[-87.613985,41.892753],[-87.613962,41.892583],[-87.613894,41.89111],[-87.614395,41.891111],[-87.621503,41.89098],[-87.62163,41.890956],[-87.622649,41.890938],[-87.622758,41.894969],[-87.628153,41.894876],[-87.628175,41.895679],[-87.626826,41.895699],[-87.62685,41.896695],[-87.624243,41.896734],[-87.624095,41.89785],[-87.624142,41.899726],[-87.624193,41.90045],[-87.624177,41.900599],[-87.624118,41.90082],[-87.62419,41.900875],[-87.624228,41.900946],[-87.624208,41.901339],[-87.624234,41.901615],[-87.624313,41.90177],[-87.624449,41.902178],[-87.624507,41.902438],[-87.628321,41.902373],[-87.62835,41.902323],[-87.628356,41.90218],[-87.62829,41.899937],[-87.629865,41.899912],[-87.629815,41.897989],[-87.63055,41.897978],[-87.630517,41.896646],[-87.634203,41.896596],[-87.634233,41.897419],[-87.6372,41.897382],[-87.637185,41.89698],[-87.638037,41.89698],[-87.638131,41.897041],[-87.638691,41.897034],[-87.638769,41.898923],[-87.637262,41.898944],[-87.637232,41.898163],[-87.634262,41.898204],[-87.634382,41.901325],[-87.63293,41.901334],[-87.632983,41.903112],[-87.631424,41.903135],[-87.631445,41.903901],[-87.637016,41.903811],[-87.637097,41.904905],[-87.63712,41.905686],[-87.638421,41.905662],[-87.638484,41.907601],[-87.637185,41.907622],[-87.63718,41.908057],[-87.637278,41.90981],[-87.637309,41.909946],[-87.637424,41.910192],[-87.637491,41.910269],[-87.637602,41.910342],[-87.637624,41.911129],[-87.636662,41.911142],[-87.636684,41.91175],[-87.638055,41.911723],[-87.638039,41.911179],[-87.638594,41.911172],[-87.638534,41.909242],[-87.640956,41.90921],[-87.640837,41.905128],[-87.640857,41.905063],[-87.641108,41.904873],[-87.642114,41.905596],[-87.642061,41.90576],[-87.642167,41.909193],[-87.643378,41.909177],[-87.643413,41.910427],[-87.64408,41.910427],[-87.644253,41.910232],[-87.645453,41.910232],[-87.645347,41.910738],[-87.645356,41.910963],[-87.645845,41.910956],[-87.645863,41.911422],[-87.647072,41.911404],[-87.647076,41.910937],[-87.64625,41.91095],[-87.646153,41.910232],[-87.6469,41.910136],[-87.647022,41.910142],[-87.647255,41.910028],[-87.64775,41.909644],[-87.648251,41.910003],[-87.648211,41.908577],[-87.651039,41.908534],[-87.651106,41.910874],[-87.65408,41.910824],[-87.655479,41.912499],[-87.654893,41.912766],[-87.654388,41.913052],[-87.657781,41.916165],[-87.659102,41.917118],[-87.660137,41.917095],[-87.660217,41.917211],[-87.660331,41.917314],[-87.663037,41.919292],[-87.663133,41.919407],[-87.663142,41.91945],[-87.663164,41.920584],[-87.663185,41.920741],[-87.668112,41.924278],[-87.668146,41.925152],[-87.657249,41.925312],[-87.657187,41.923495],[-87.658394,41.923477],[-87.658335,41.921661],[-87.657126,41.92168],[-87.657067,41.919867],[-87.658279,41.919847],[-87.658203,41.917343],[-87.658214,41.91728],[-87.65828,41.917194],[-87.653396,41.913695],[-87.653212,41.913735],[-87.653205,41.91356],[-87.649501,41.9109],[-87.648272,41.91092],[-87.648361,41.913827],[-87.644449,41.913886],[-87.644356,41.910987],[-87.643615,41.911005],[-87.643064,41.911043],[-87.639806,41.911097],[-87.639861,41.912875],[-87.639775,41.912865],[-87.638778,41.912876],[-87.638382,41.912823],[-87.633115,41.912911],[-87.633069,41.91298],[-87.632913,41.91307],[-87.632815,41.913108],[-87.631861,41.911553],[-87.631712,41.911292],[-87.631682,41.911181],[-87.631382,41.911198],[-87.631006,41.911189],[-87.628886,41.911223],[-87.628787,41.908004],[-87.628773,41.906599],[-87.62871,41.904854],[-87.625841,41.904902],[-87.625848,41.903988]]]}},{"type":"Feature","properties":{"ward":"03","label_lon":-87.624934,"label_lat":41.829961,"labels":{"names":[-87.624947,41.824106],"tenure":[-87.624947,41.822579],"absence":[-87.624947,41.822579]}},"geometry":{"type":"Polygon","coordinates":[[[-87.620396,41.867179],[-87.619313,41.863952],[-87.618845,41.862644],[-87.618527,41.862077],[-87.618242,41.861299],[-87.617537,41.859632],[-87.616746,41.857979],[-87.617768,41.857977],[-87.618882,41.857922],[-87.618722,41.857644],[-87.617769,41.855568],[-87.617329,41.854084],[-87.617053,41.853013],[-87.617737,41.853022],[-87.620666,41.852983],[-87.620663,41.852829],[-87.622269,41.852808],[-87.622223,41.852109],[-87.622254,41.851524],[-87.622174,41.84839],[-87.622756,41.848467],[-87.623242,41.84847],[-87.623688,41.84842],[-87.623669,41.847468],[-87.62358,41.847384],[-87.623516,41.846707],[-87.623405,41.846083],[-87.623226,41.839172],[-87.623313,41.838346],[-87.621925,41.838365],[-87.621878,41.836497],[-87.621648,41.836541],[-87.619444,41.836568],[-87.619411,41.834741],[-87.620621,41.83472],[-87.620551,41.831071],[-87.618406,41.831091],[-87.618337,41.827455],[-87.617072,41.827474],[-87.616997,41.823834],[-87.612624,41.823891],[-87.613358,41.820568],[-87.614072,41.81689],[-87.61409,41.816683],[-87.612858,41.816706],[-87.612797,41.81489],[-87.608319,41.814967],[-87.608278,41.813149],[-87.609912,41.813123],[-87.609867,41.811306],[-87.611499,41.81128],[-87.611411,41.807643],[-87.612628,41.807625],[-87.612587,41.805803],[-87.615555,41.805756],[-87.615507,41.803937],[-87.616451,41.803923],[-87.616411,41.803194],[-87.616365,41.80298],[-87.616261,41.802687],[-87.616111,41.802103],[-87.616143,41.80191],[-87.616133,41.800902],[-87.615958,41.793922],[-87.620823,41.79383],[-87.620846,41.794723],[-87.62537,41.79464],[-87.626784,41.794632],[-87.626832,41.796356],[-87.626873,41.7964],[-87.627275,41.796477],[-87.627837,41.796469],[-87.627984,41.801912],[-87.628831,41.801892],[-87.628856,41.803816],[-87.628939,41.805018],[-87.628964,41.805975],[-87.628916,41.809185],[-87.629126,41.81645],[-87.633563,41.816384],[-87.63359,41.817737],[-87.635379,41.817711],[-87.635374,41.817459],[-87.635232,41.817264],[-87.635205,41.816358],[-87.634718,41.816365],[-87.634606,41.812498],[-87.633462,41.812516],[-87.633442,41.811739],[-87.632013,41.811762],[-87.631977,41.810316],[-87.632248,41.809872],[-87.633392,41.80985],[-87.633383,41.809476],[-87.634771,41.809448],[-87.634754,41.809068],[-87.635836,41.809046],[-87.635944,41.811722],[-87.635938,41.813946],[-87.63598,41.81478],[-87.635976,41.815525],[-87.636053,41.819052],[-87.636151,41.821833],[-87.636354,41.823583],[-87.633763,41.823616],[-87.633842,41.827265],[-87.632627,41.827281],[-87.632667,41.829035],[-87.632571,41.829052],[-87.631465,41.829063],[-87.631504,41.830939],[-87.629594,41.83097],[-87.629784,41.838256],[-87.62979,41.839504],[-87.629956,41.844275],[-87.629944,41.846683],[-87.630043,41.847179],[-87.630132,41.849259],[-87.630085,41.850491],[-87.630082,41.851132],[-87.630109,41.852112],[-87.630174,41.852636],[-87.630267,41.852939],[-87.630068,41.852941],[-87.630113,41.853508],[-87.630157,41.854962],[-87.630159,41.855502],[-87.630273,41.859537],[-87.630264,41.860121],[-87.631934,41.860148],[-87.633909,41.860136],[-87.634883,41.860105],[-87.635096,41.867258],[-87.635301,41.867249],[-87.635319,41.867361],[-87.632662,41.867407],[-87.632664,41.867264],[-87.631295,41.867294],[-87.627486,41.867338],[-87.627473,41.865742],[-87.623836,41.865788],[-87.622635,41.865824],[-87.622673,41.867562],[-87.620409,41.867587],[-87.620392,41.867435],[-87.620396,41.867179]]]}},{"type":"Feature","properties":{"ward":"04","label_lon":-87.614749,"label_lat":41.838816,"labels":{"names":[-87.614773,41.841376],"tenure":[-87.614773,41.842903],"absence":[-87.614773,41.842903]}},"geometry":{"type":"Polygon","coordinates":[[[-87.624291,41.877005],[-87.6242,41.873162],[-87.616228,41.873279],[-87.6162,41.87197],[-87.616281,41.871967],[-87.616273,41.871781],[-87.616234,41.871714],[-87.616234,41.871628],[-87.616268,41.871557],[-87.616212,41.868899],[-87.615944,41.868791],[-87.615705,41.868651],[-87.615502,41.868481],[-87.615352,41.868304],[-87.61474,41.868324],[-87.614491,41.868422],[-87.614313,41.868468],[-87.614139,41.868495],[-87.613805,41.868507],[-87.613471,41.868501],[-87.613214,41.868477],[-87.612982,41.86841],[-87.612773,41.868308],[-87.612598,41.868176],[-87.612464,41.868019],[-87.612366,41.867819],[-87.612333,41.867633],[-87.612353,41.867446],[-87.612425,41.867266],[-87.612534,41.867114],[-87.612689,41.866969],[-87.612688,41.866753],[-87.610656,41.86678],[-87.610602,41.866817],[-87.607749,41.866859],[-87.607526,41.867041],[-87.607319,41.867144],[-87.607007,41.867225],[-87.606759,41.867242],[-87.606433,41.867203],[-87.606134,41.867097],[-87.605942,41.866978],[-87.605835,41.866884],[-87.605679,41.866666],[-87.605634,41.866547],[-87.605609,41.866362],[-87.605657,41.866117],[-87.605795,41.865893],[-87.605894,41.865794],[-87.606051,41.865681],[-87.606045,41.864794],[-87.606293,41.864785],[-87.606297,41.864935],[-87.606313,41.864966],[-87.606586,41.865213],[-87.606674,41.865233],[-87.60687,41.865181],[-87.607092,41.865059],[-87.607244,41.864933],[-87.607358,41.864812],[-87.607451,41.864682],[-87.60751,41.864557],[-87.607573,41.86436],[-87.607579,41.864274],[-87.607575,41.864102],[-87.607525,41.863846],[-87.606955,41.862374],[-87.606919,41.862346],[-87.606807,41.862312],[-87.606765,41.862206],[-87.606737,41.862187],[-87.606624,41.862165],[-87.606532,41.862204],[-87.606413,41.86207],[-87.606086,41.862074],[-87.60608,41.862056],[-87.606042,41.862052],[-87.606021,41.862005],[-87.605967,41.86008],[-87.606838,41.860057],[-87.607072,41.859958],[-87.606597,41.853411],[-87.606513,41.853415],[-87.606511,41.853359],[-87.608394,41.853195],[-87.608758,41.85317],[-87.609004,41.853181],[-87.609317,41.853256],[-87.609588,41.853393],[-87.609775,41.853559],[-87.609897,41.85377],[-87.609923,41.85388],[-87.609914,41.854037],[-87.60945,41.856407],[-87.609342,41.85667],[-87.609335,41.856817],[-87.609407,41.857004],[-87.609464,41.857078],[-87.609662,41.85725],[-87.60977,41.857378],[-87.609925,41.857656],[-87.609974,41.857831],[-87.609994,41.858083],[-87.60998,41.858186],[-87.60988,41.858488],[-87.609885,41.858643],[-87.609942,41.858791],[-87.610008,41.858882],[-87.610221,41.85906],[-87.610393,41.859164],[-87.610476,41.859281],[-87.610476,41.85939],[-87.610364,41.859708],[-87.610363,41.859864],[-87.610426,41.860081],[-87.610461,41.860131],[-87.610547,41.860183],[-87.610668,41.860206],[-87.610675,41.860651],[-87.61053,41.860687],[-87.610455,41.860752],[-87.610425,41.860849],[-87.610348,41.860848],[-87.610361,41.861396],[-87.610285,41.861398],[-87.610036,41.861803],[-87.609898,41.862109],[-87.609776,41.862488],[-87.609799,41.862492],[-87.609713,41.862867],[-87.609674,41.863246],[-87.609657,41.863248],[-87.609655,41.863288],[-87.609628,41.86329],[-87.609628,41.863374],[-87.609652,41.863377],[-87.60965,41.863403],[-87.609605,41.863405],[-87.609611,41.863508],[-87.609645,41.863508],[-87.60974,41.864091],[-87.609885,41.864468],[-87.609969,41.864629],[-87.609955,41.864634],[-87.6101,41.864903],[-87.610371,41.865322],[-87.610448,41.865319],[-87.61048,41.865865],[-87.612669,41.865843],[-87.61265,41.865279],[-87.612741,41.865288],[-87.612847,41.865081],[-87.613131,41.864449],[-87.613286,41.864029],[-87.613424,41.863462],[-87.61345,41.863279],[-87.613454,41.863015],[-87.613394,41.862733],[-87.61326,41.862376],[-87.612953,41.8618],[-87.612648,41.861372],[-87.612561,41.861373],[-87.612548,41.860825],[-87.612471,41.860828],[-87.612463,41.860773],[-87.612418,41.860705],[-87.612358,41.860666],[-87.612286,41.860642],[-87.612205,41.860634],[-87.612206,41.860461],[-87.612391,41.860455],[-87.612393,41.860354],[-87.61215,41.860346],[-87.612152,41.860266],[-87.612187,41.860265],[-87.612183,41.860175],[-87.612316,41.860152],[-87.612409,41.860084],[-87.612443,41.859988],[-87.612403,41.859787],[-87.612201,41.859265],[-87.612165,41.858668],[-87.612187,41.858584],[-87.612265,41.858508],[-87.612403,41.85849],[-87.612539,41.858494],[-87.612726,41.858357],[-87.612835,41.858187],[-87.612968,41.857856],[-87.613042,41.857611],[-87.61307,41.857184],[-87.61304,41.856964],[-87.612899,41.856582],[-87.612853,41.856356],[-87.612734,41.856134],[-87.612628,41.855996],[-87.612503,41.855867],[-87.61232,41.855718],[-87.611426,41.85515],[-87.611306,41.855043],[-87.611162,41.854864],[-87.61109,41.854729],[-87.611022,41.854505],[-87.611,41.854093],[-87.610937,41.853708],[-87.610821,41.853325],[-87.610717,41.853078],[-87.61059,41.852836],[-87.610373,41.852505],[-87.609388,41.851283],[-87.609244,41.850986],[-87.609188,41.850687],[-87.609199,41.850448],[-87.609498,41.848981],[-87.609521,41.8487],[-87.609543,41.848696],[-87.60949,41.848074],[-87.609433,41.84785],[-87.609326,41.847636],[-87.608538,41.846576],[-87.608429,41.84629],[-87.608408,41.846066],[-87.60845,41.845808],[-87.608541,41.845606],[-87.609002,41.845006],[-87.609107,41.844803],[-87.609168,41.844517],[-87.60915,41.844239],[-87.609072,41.844195],[-87.608916,41.843955],[-87.608771,41.843365],[-87.608582,41.843075],[-87.608474,41.842948],[-87.608177,41.842507],[-87.60802,41.842306],[-87.608021,41.84218],[-87.607975,41.841791],[-87.607979,41.841395],[-87.607947,41.84127],[-87.607849,41.841031],[-87.607733,41.840886],[-87.607528,41.84056],[-87.606984,41.840667],[-87.606678,41.840561],[-87.606714,41.840503],[-87.606995,41.8406],[-87.607501,41.840503],[-87.607433,41.840394],[-87.60745,41.840348],[-87.607348,41.840105],[-87.607211,41.839652],[-87.607095,41.839512],[-87.606701,41.839303],[-87.606512,41.839144],[-87.606451,41.839085],[-87.606156,41.838635],[-87.60471,41.83896],[-87.604278,41.839582],[-87.604275,41.839827],[-87.604185,41.839829],[-87.604195,41.839554],[-87.604667,41.83888],[-87.606135,41.838551],[-87.606079,41.838024],[-87.606105,41.837843],[-87.606072,41.837293],[-87.605975,41.836866],[-87.605847,41.836444],[-87.605655,41.836121],[-87.605308,41.835681],[-87.605092,41.835463],[-87.604558,41.834992],[-87.604544,41.834811],[-87.604734,41.83459],[-87.605033,41.834422],[-87.604868,41.833796],[-87.604746,41.833602],[-87.604553,41.833349],[-87.604352,41.833196],[-87.604072,41.833077],[-87.603916,41.833035],[-87.603486,41.833009],[-87.603354,41.832968],[-87.603229,41.832914],[-87.603012,41.832732],[-87.602797,41.832473],[-87.602704,41.832332],[-87.602765,41.831771],[-87.602708,41.83135],[-87.602594,41.831022],[-87.602502,41.830846],[-87.602395,41.830693],[-87.602086,41.830382],[-87.601637,41.829975],[-87.600296,41.828266],[-87.600165,41.82816],[-87.599972,41.82793],[-87.599212,41.827394],[-87.5987,41.827057],[-87.598258,41.826797],[-87.597948,41.826555],[-87.597755,41.826344],[-87.597578,41.82605],[-87.597482,41.825641],[-87.597508,41.825354],[-87.597623,41.824934],[-87.597697,41.824566],[-87.597633,41.824034],[-87.597535,41.823706],[-87.597338,41.823208],[-87.597328,41.823112],[-87.597257,41.82292],[-87.597246,41.822797],[-87.597281,41.822803],[-87.597328,41.822845],[-87.597345,41.822842],[-87.597327,41.822737],[-87.597251,41.822682],[-87.597248,41.822652],[-87.597271,41.822618],[-87.597196,41.822614],[-87.597206,41.822571],[-87.597128,41.822539],[-87.597113,41.822518],[-87.597093,41.822411],[-87.597057,41.822367],[-87.59702,41.822229],[-87.596868,41.822048],[-87.59684,41.821965],[-87.596679,41.821826],[-87.59659,41.821694],[-87.596418,41.82151],[-87.596204,41.821333],[-87.596063,41.821142],[-87.595862,41.82084],[-87.595779,41.820655],[-87.59571,41.820562],[-87.595694,41.820489],[-87.59573,41.820434],[-87.595646,41.820323],[-87.595115,41.819814],[-87.594688,41.819735],[-87.594621,41.819696],[-87.594502,41.819574],[-87.594327,41.819433],[-87.593701,41.819039],[-87.593485,41.818812],[-87.593345,41.818729],[-87.592957,41.818575],[-87.592683,41.818401],[-87.592616,41.818343],[-87.59239,41.818045],[-87.592191,41.817681],[-87.592153,41.816929],[-87.592157,41.81658],[-87.591989,41.816289],[-87.591898,41.816231],[-87.59178,41.816122],[-87.591712,41.816034],[-87.591606,41.815982],[-87.591502,41.815982],[-87.591456,41.815958],[-87.591302,41.815691],[-87.591179,41.815406],[-87.591155,41.815378],[-87.59111,41.815362],[-87.590891,41.815004],[-87.590693,41.814827],[-87.590678,41.814782],[-87.590619,41.814715],[-87.590504,41.81468],[-87.590458,41.814649],[-87.590374,41.814498],[-87.590346,41.814376],[-87.590368,41.814346],[-87.590416,41.814346],[-87.590496,41.814372],[-87.590517,41.814349],[-87.590424,41.814212],[-87.590324,41.814145],[-87.590288,41.813938],[-87.590254,41.813893],[-87.590219,41.813748],[-87.590134,41.813621],[-87.59006,41.813564],[-87.590036,41.813516],[-87.589827,41.813296],[-87.589724,41.813222],[-87.589662,41.813132],[-87.589566,41.813058],[-87.589344,41.812969],[-87.58913,41.812817],[-87.588911,41.812546],[-87.588826,41.812361],[-87.588757,41.812276],[-87.588507,41.812123],[-87.5883,41.812041],[-87.587998,41.811997],[-87.587709,41.811981],[-87.587656,41.81197],[-87.587644,41.811944],[-87.587556,41.811935],[-87.587377,41.811875],[-87.587337,41.811837],[-87.587319,41.811725],[-87.587292,41.811673],[-87.587199,41.811605],[-87.587196,41.811559],[-87.587222,41.811509],[-87.587206,41.81149],[-87.587077,41.811436],[-87.588936,41.810892],[-87.590232,41.810381],[-87.590091,41.810099],[-87.590197,41.809758],[-87.590186,41.809649],[-87.589935,41.80926],[-87.588573,41.807289],[-87.58842,41.807106],[-87.588333,41.807022],[-87.588232,41.806954],[-87.587736,41.806788],[-87.589115,41.806364],[-87.588431,41.805013],[-87.588177,41.804386],[-87.587781,41.80328],[-87.587557,41.802478],[-87.587857,41.802475],[-87.587711,41.801978],[-87.587521,41.801139],[-87.587382,41.800293],[-87.587302,41.799564],[-87.596642,41.799457],[-87.596707,41.802366],[-87.604202,41.802281],[-87.604256,41.804094],[-87.605482,41.804084],[-87.605937,41.804097],[-87.606596,41.804075],[-87.612546,41.803983],[-87.612628,41.807625],[-87.611411,41.807643],[-87.611499,41.81128],[-87.609867,41.811306],[-87.609912,41.813123],[-87.608278,41.813149],[-87.608319,41.814967],[-87.612797,41.81489],[-87.612858,41.816706],[-87.61409,41.816683],[-87.614072,41.81689],[-87.613358,41.820568],[-87.612624,41.823891],[-87.616997,41.823834],[-87.617072,41.827474],[-87.618337,41.827455],[-87.618406,41.831091],[-87.620551,41.831071],[-87.620621,41.83472],[-87.619411,41.834741],[-87.619444,41.836568],[-87.621648,41.836541],[-87.621878,41.836497],[-87.621925,41.838365],[-87.623313,41.838346],[-87.623226,41.839172],[-87.623405,41.846083],[-87.623516,41.846707],[-87.62358,41.847384],[-87.623669,41.847468],[-87.623688,41.84842],[-87.623242,41.84847],[-87.622756,41.848467],[-87.622174,41.84839],[-87.622254,41.851524],[-87.622223,41.852109],[-87.622269,41.852808],[-87.620663,41.852829],[-87.620666,41.852983],[-87.617737,41.853022],[-87.617053,41.853013],[-87.617329,41.854084],[-87.617769,41.855568],[-87.618722,41.857644],[-87.618882,41.857922],[-87.617768,41.857977],[-87.616746,41.857979],[-87.617537,41.859632],[-87.618242,41.861299],[-87.618527,41.862077],[-87.618845,41.862644],[-87.61895,41.862915],[-87.619611,41.864816],[-87.620396,41.867179],[-87.620392,41.867435],[-87.620409,41.867587],[-87.624151,41.867537],[-87.625527,41.867494],[-87.626553,41.867497],[-87.630436,41.867432],[-87.630492,41.869648],[-87.630565,41.870576],[-87.630713,41.875693],[-87.629698,41.875704],[-87.629694,41.875546],[-87.628702,41.875555],[-87.628707,41.875936],[-87.62874,41.876907],[-87.630749,41.876884],[-87.630785,41.878148],[-87.627677,41.878176],[-87.627575,41.878219],[-87.626082,41.878246],[-87.626038,41.876172],[-87.625304,41.876203],[-87.625286,41.876992],[-87.624291,41.877005]]]}},{"type":"Feature","properties":{"ward":"05","label_lon":-87.58568,"label_lat":41.784937,"labels":{"names":[-87.585713,41.785018],"tenure":[-87.585713,41.785018],"absence":[-87.585713,41.785018]}},"geometry":{"type":"Polygon","coordinates":[[[-87.560303,41.766357],[-87.560834,41.766301],[-87.562576,41.766285],[-87.562815,41.766286],[-87.562919,41.766313],[-87.563028,41.766322],[-87.566056,41.766305],[-87.566484,41.766318],[-87.566509,41.765963],[-87.566487,41.764435],[-87.567699,41.764423],[-87.567665,41.762606],[-87.577583,41.762498],[-87.579286,41.762481],[-87.579317,41.763885],[-87.579342,41.764214],[-87.579372,41.766113],[-87.585337,41.766062],[-87.585276,41.764242],[-87.585873,41.764238],[-87.585897,41.765146],[-87.586303,41.765143],[-87.586327,41.766059],[-87.589365,41.766028],[-87.590428,41.766036],[-87.590986,41.766015],[-87.593826,41.766004],[-87.594048,41.765077],[-87.593356,41.765083],[-87.593385,41.765055],[-87.59339,41.764909],[-87.593278,41.760529],[-87.593836,41.760523],[-87.59513,41.760556],[-87.595523,41.758696],[-87.597336,41.758683],[-87.597706,41.758675],[-87.597777,41.758657],[-87.598001,41.758652],[-87.598223,41.758652],[-87.599726,41.759714],[-87.60822,41.76583],[-87.605587,41.765869],[-87.605609,41.766173],[-87.605603,41.766533],[-87.605624,41.766846],[-87.605768,41.773141],[-87.592221,41.773274],[-87.592056,41.7741],[-87.591814,41.775105],[-87.592115,41.775097],[-87.591449,41.77802],[-87.591456,41.778755],[-87.590988,41.778755],[-87.590377,41.781483],[-87.589941,41.783208],[-87.590126,41.783239],[-87.590169,41.783293],[-87.59029,41.783353],[-87.590403,41.783298],[-87.590506,41.783287],[-87.591407,41.783277],[-87.591436,41.784206],[-87.594656,41.784183],[-87.594682,41.78456],[-87.594711,41.786066],[-87.595636,41.786056],[-87.596332,41.786014],[-87.596288,41.784167],[-87.602769,41.784094],[-87.602796,41.785269],[-87.604417,41.785253],[-87.604431,41.785893],[-87.606037,41.785874],[-87.606215,41.794965],[-87.603752,41.794989],[-87.603827,41.795459],[-87.603798,41.7954],[-87.603683,41.795318],[-87.602733,41.795325],[-87.602885,41.802298],[-87.596707,41.802366],[-87.596642,41.799457],[-87.587302,41.799564],[-87.587382,41.800293],[-87.587521,41.801139],[-87.587711,41.801978],[-87.587857,41.802475],[-87.587557,41.802478],[-87.587781,41.80328],[-87.588177,41.804386],[-87.588431,41.805013],[-87.589115,41.806364],[-87.587736,41.806788],[-87.588232,41.806954],[-87.588333,41.807022],[-87.58842,41.807106],[-87.588573,41.807289],[-87.589935,41.80926],[-87.590127,41.809551],[-87.590202,41.809697],[-87.590197,41.809758],[-87.590091,41.810099],[-87.590232,41.810381],[-87.588936,41.810892],[-87.587077,41.811436],[-87.587065,41.811429],[-87.586992,41.811328],[-87.586986,41.811226],[-87.58694,41.811197],[-87.586934,41.811174],[-87.586952,41.811088],[-87.587008,41.811063],[-87.586989,41.810907],[-87.587037,41.810637],[-87.587017,41.810441],[-87.586925,41.810107],[-87.586747,41.809794],[-87.586642,41.809713],[-87.586451,41.809439],[-87.586441,41.80937],[-87.586484,41.809311],[-87.586388,41.809259],[-87.586339,41.809252],[-87.586273,41.809196],[-87.586291,41.809097],[-87.586224,41.809085],[-87.586105,41.808841],[-87.586105,41.808796],[-87.586148,41.808718],[-87.585705,41.808072],[-87.585683,41.808],[-87.585698,41.807977],[-87.585667,41.807902],[-87.585625,41.807848],[-87.585586,41.807846],[-87.585458,41.807617],[-87.585158,41.807215],[-87.584895,41.80694],[-87.584725,41.806812],[-87.584524,41.806624],[-87.584256,41.80644],[-87.583903,41.806239],[-87.583649,41.806032],[-87.583198,41.80576],[-87.582979,41.80559],[-87.582898,41.805583],[-87.582869,41.805542],[-87.582253,41.805117],[-87.581742,41.80474],[-87.581505,41.804545],[-87.581367,41.804377],[-87.581269,41.804311],[-87.58117,41.804255],[-87.581032,41.804211],[-87.580895,41.804194],[-87.580666,41.804206],[-87.580177,41.803974],[-87.580115,41.803927],[-87.580045,41.803836],[-87.580015,41.803651],[-87.58003,41.803546],[-87.58006,41.803502],[-87.58011,41.803472],[-87.580191,41.803355],[-87.580447,41.802931],[-87.580289,41.802865],[-87.580335,41.802739],[-87.580449,41.802132],[-87.580501,41.801578],[-87.580497,41.801104],[-87.580416,41.800382],[-87.580282,41.799626],[-87.58011,41.799118],[-87.579788,41.798441],[-87.579937,41.798369],[-87.579656,41.798075],[-87.579334,41.797783],[-87.579013,41.797541],[-87.578468,41.797182],[-87.578363,41.797095],[-87.578108,41.796976],[-87.577686,41.796881],[-87.577316,41.796857],[-87.576838,41.796972],[-87.57659,41.797015],[-87.576507,41.797046],[-87.576316,41.797048],[-87.576138,41.797031],[-87.575883,41.796977],[-87.575706,41.796915],[-87.575621,41.796869],[-87.57548,41.796741],[-87.575312,41.796646],[-87.575272,41.796608],[-87.575229,41.796513],[-87.575165,41.796182],[-87.5752,41.796045],[-87.575326,41.795809],[-87.575403,41.795537],[-87.575406,41.795469],[-87.575444,41.79544],[-87.575781,41.795337],[-87.576097,41.795109],[-87.576166,41.795086],[-87.576327,41.795075],[-87.576458,41.795096],[-87.576651,41.795046],[-87.576853,41.795104],[-87.576914,41.795105],[-87.577388,41.795039],[-87.577604,41.794992],[-87.57783,41.794921],[-87.578303,41.794729],[-87.578574,41.794561],[-87.578989,41.794223],[-87.579011,41.7942],[-87.579082,41.793946],[-87.57927,41.793637],[-87.579296,41.793552],[-87.579278,41.792946],[-87.579324,41.792572],[-87.579406,41.792432],[-87.57952,41.792308],[-87.579628,41.792036],[-87.579274,41.791431],[-87.578678,41.79067],[-87.578582,41.7905],[-87.578423,41.790102],[-87.578272,41.789936],[-87.577946,41.789675],[-87.577816,41.78955],[-87.577462,41.789289],[-87.576649,41.788747],[-87.57639,41.788591],[-87.57632,41.78857],[-87.576317,41.788506],[-87.576679,41.788472],[-87.576681,41.788422],[-87.57715,41.788396],[-87.577189,41.788356],[-87.57722,41.788352],[-87.577315,41.788363],[-87.577334,41.788384],[-87.577667,41.788362],[-87.57767,41.788313],[-87.577759,41.788298],[-87.577747,41.788204],[-87.577661,41.788202],[-87.577638,41.788153],[-87.577319,41.788166],[-87.5773,41.788204],[-87.577261,41.788211],[-87.577196,41.788211],[-87.57715,41.788183],[-87.577152,41.788104],[-87.577273,41.788082],[-87.57733,41.787572],[-87.577338,41.787191],[-87.577321,41.786933],[-87.577242,41.786484],[-87.576996,41.785689],[-87.576818,41.785212],[-87.576382,41.784221],[-87.576099,41.783651],[-87.576046,41.783598],[-87.575325,41.783245],[-87.57488,41.782986],[-87.574207,41.782628],[-87.573377,41.782245],[-87.572478,41.781896],[-87.57135,41.781557],[-87.570606,41.781392],[-87.569987,41.78129],[-87.569862,41.781279],[-87.569683,41.781297],[-87.568397,41.781608],[-87.567644,41.784622],[-87.567532,41.784597],[-87.568305,41.781539],[-87.569116,41.781358],[-87.571282,41.780839],[-87.573079,41.78025],[-87.572927,41.779895],[-87.572954,41.779824],[-87.573025,41.779792],[-87.573696,41.779639],[-87.57411,41.779528],[-87.574438,41.779371],[-87.574562,41.77928],[-87.574735,41.779111],[-87.574943,41.778812],[-87.57493,41.778724],[-87.575,41.77868],[-87.575053,41.778566],[-87.575279,41.777867],[-87.575302,41.777408],[-87.575245,41.777144],[-87.57519,41.777005],[-87.575071,41.776781],[-87.574922,41.776554],[-87.574694,41.776284],[-87.574607,41.776154],[-87.574605,41.776082],[-87.57464,41.776026],[-87.574697,41.775986],[-87.575079,41.775931],[-87.575043,41.775785],[-87.574809,41.775774],[-87.574585,41.775676],[-87.574234,41.775571],[-87.574216,41.775546],[-87.57386,41.775511],[-87.573475,41.775507],[-87.573395,41.775484],[-87.573367,41.775377],[-87.573312,41.775381],[-87.573315,41.775482],[-87.573296,41.775547],[-87.573216,41.775586],[-87.572842,41.775608],[-87.57269,41.775641],[-87.572166,41.775784],[-87.572087,41.775786],[-87.571998,41.775821],[-87.571936,41.775878],[-87.571841,41.776073],[-87.571756,41.776406],[-87.571745,41.776603],[-87.571772,41.776664],[-87.571823,41.776695],[-87.57193,41.776881],[-87.572159,41.777181],[-87.572314,41.777336],[-87.572372,41.777328],[-87.57245,41.777409],[-87.572621,41.777329],[-87.572646,41.777335],[-87.572868,41.77762],[-87.572791,41.777669],[-87.573156,41.778005],[-87.573271,41.778136],[-87.57336,41.778306],[-87.57332,41.778415],[-87.57338,41.778624],[-87.573364,41.778903],[-87.573298,41.779078],[-87.573214,41.779191],[-87.573125,41.779221],[-87.572923,41.779251],[-87.572746,41.779319],[-87.572665,41.779327],[-87.572477,41.779307],[-87.572238,41.779228],[-87.572151,41.779155],[-87.572126,41.779114],[-87.572095,41.779044],[-87.572098,41.778967],[-87.572077,41.778905],[-87.571823,41.77858],[-87.571671,41.77854],[-87.571566,41.778465],[-87.571142,41.778048],[-87.570325,41.777419],[-87.570149,41.777228],[-87.569898,41.776998],[-87.569811,41.776968],[-87.569693,41.776967],[-87.569502,41.776848],[-87.569416,41.776817],[-87.569188,41.776688],[-87.568812,41.776404],[-87.56807,41.775624],[-87.567819,41.775311],[-87.567201,41.774477],[-87.566862,41.774075],[-87.566826,41.77397],[-87.566584,41.773856],[-87.566549,41.773826],[-87.566429,41.773781],[-87.566358,41.773729],[-87.566287,41.773618],[-87.566278,41.773544],[-87.566294,41.77347],[-87.566186,41.773353],[-87.565937,41.773134],[-87.565652,41.772923],[-87.565356,41.772758],[-87.565,41.772531],[-87.564904,41.772517],[-87.564716,41.772408],[-87.564372,41.772273],[-87.564073,41.772115],[-87.563981,41.77209],[-87.563641,41.772084],[-87.56358,41.772026],[-87.563592,41.771838],[-87.56357,41.771772],[-87.56352,41.771709],[-87.563484,41.771351],[-87.563421,41.771175],[-87.563423,41.771101],[-87.563467,41.771062],[-87.563275,41.770443],[-87.563195,41.770278],[-87.562925,41.769973],[-87.562517,41.769426],[-87.562429,41.769257],[-87.562403,41.769118],[-87.562338,41.769001],[-87.561916,41.768785],[-87.56154,41.768634],[-87.560924,41.768438],[-87.560796,41.768415],[-87.560527,41.768397],[-87.560413,41.768407],[-87.560322,41.76844],[-87.56017,41.768553],[-87.559812,41.768971],[-87.559663,41.76911],[-87.559595,41.769161],[-87.559536,41.769179],[-87.559517,41.769109],[-87.55952,41.768936],[-87.559434,41.76872],[-87.559415,41.768623],[-87.559447,41.768057],[-87.55952,41.767977],[-87.55952,41.767918],[-87.559519,41.767854],[-87.559437,41.767748],[-87.559426,41.767653],[-87.559429,41.767187],[-87.559392,41.766783],[-87.559445,41.766749],[-87.559506,41.766747],[-87.559539,41.766713],[-87.559527,41.766598],[-87.559563,41.766566],[-87.560077,41.766472],[-87.560181,41.76644],[-87.560303,41.766357]]]}},{"type":"Feature","properties":{"ward":"06","label_lon":-87.615489,"label_lat":41.749582,"labels":{"names":[-87.615499,41.749921],"tenure":[-87.615499,41.749921],"absence":[-87.615499,41.749921]}},"geometry":{"type":"Polygon","coordinates":[[[-87.617943,41.772925],[-87.605768,41.773141],[-87.605624,41.766846],[-87.605603,41.766533],[-87.605609,41.766173],[-87.605587,41.765869],[-87.60822,41.76583],[-87.599726,41.759714],[-87.598223,41.758652],[-87.605391,41.75858],[-87.605208,41.751363],[-87.605221,41.751137],[-87.605237,41.751116],[-87.604823,41.736649],[-87.614528,41.736503],[-87.614387,41.731024],[-87.609535,41.7311],[-87.609525,41.730703],[-87.609491,41.729276],[-87.614339,41.729198],[-87.614143,41.721892],[-87.622198,41.721754],[-87.62373,41.721703],[-87.623788,41.723135],[-87.623776,41.723484],[-87.623947,41.729296],[-87.624044,41.73002],[-87.624057,41.730701],[-87.624007,41.731667],[-87.624059,41.733666],[-87.624108,41.73409],[-87.624181,41.73721],[-87.624194,41.738499],[-87.624284,41.74183],[-87.625143,41.741742],[-87.625349,41.741802],[-87.625582,41.741817],[-87.626412,41.741812],[-87.629025,41.741754],[-87.629076,41.74178],[-87.629092,41.741863],[-87.629112,41.743582],[-87.634167,41.743501],[-87.634366,41.743553],[-87.63464,41.743652],[-87.635946,41.744162],[-87.636081,41.743978],[-87.636491,41.743502],[-87.640452,41.743408],[-87.640812,41.743436],[-87.641296,41.743431],[-87.642016,41.743385],[-87.643831,41.743358],[-87.643989,41.748819],[-87.642767,41.748839],[-87.642822,41.75066],[-87.634403,41.750776],[-87.631878,41.750823],[-87.631784,41.747186],[-87.625719,41.747282],[-87.625824,41.750926],[-87.626523,41.750936],[-87.627035,41.750911],[-87.627113,41.754552],[-87.628556,41.754524],[-87.628568,41.754991],[-87.628584,41.755002],[-87.628728,41.755005],[-87.628737,41.755019],[-87.628751,41.755867],[-87.628859,41.755875],[-87.628924,41.755921],[-87.628956,41.75634],[-87.636965,41.756215],[-87.637863,41.756183],[-87.639405,41.756156],[-87.639236,41.757997],[-87.639273,41.759824],[-87.644275,41.759745],[-87.644552,41.770654],[-87.643208,41.770679],[-87.643257,41.772494],[-87.642613,41.772505],[-87.642691,41.775331],[-87.642695,41.776095],[-87.642633,41.776136],[-87.64247,41.776142],[-87.639594,41.776176],[-87.639642,41.778008],[-87.631543,41.778133],[-87.631149,41.778109],[-87.630299,41.776973],[-87.630154,41.776688],[-87.63007,41.776596],[-87.630053,41.777031],[-87.629888,41.776865],[-87.629597,41.776639],[-87.628619,41.775805],[-87.628108,41.775484],[-87.627601,41.775259],[-87.627311,41.775157],[-87.626711,41.775012],[-87.626249,41.77494],[-87.626028,41.774921],[-87.625519,41.774909],[-87.624532,41.774941],[-87.622439,41.774969],[-87.621884,41.774936],[-87.621174,41.774823],[-87.620714,41.774701],[-87.620497,41.774626],[-87.620003,41.774403],[-87.619738,41.774251],[-87.619409,41.774049],[-87.619151,41.773866],[-87.617943,41.772925]]]}},{"type":"Feature","properties":{"ward":"07","label_lon":-87.560721,"label_lat":41.734237,"labels":{"names":[-87.560707,41.728613],"tenure":[-87.560707,41.728613],"absence":[-87.560707,41.728613]}},"geometry":{"type":"Polygon","coordinates":[[[-87.544307,41.760638],[-87.54328,41.759701],[-87.543213,41.759707],[-87.543164,41.759695],[-87.543041,41.759601],[-87.542561,41.759128],[-87.542529,41.759057],[-87.542527,41.758958],[-87.542627,41.758739],[-87.541649,41.757824],[-87.541376,41.757836],[-87.541254,41.757823],[-87.541148,41.757794],[-87.540625,41.757325],[-87.540597,41.757269],[-87.540624,41.757228],[-87.540929,41.75703],[-87.540996,41.757035],[-87.541053,41.757003],[-87.541056,41.756985],[-87.541379,41.756805],[-87.5418,41.756536],[-87.542495,41.756148],[-87.543567,41.755503],[-87.543961,41.755235],[-87.543978,41.755151],[-87.543933,41.755047],[-87.543941,41.755025],[-87.543995,41.754966],[-87.544041,41.754961],[-87.544178,41.754797],[-87.544151,41.754616],[-87.544207,41.754584],[-87.544212,41.754516],[-87.544263,41.754403],[-87.544313,41.754322],[-87.544342,41.754321],[-87.544413,41.754132],[-87.544147,41.753445],[-87.54379,41.752683],[-87.543716,41.752534],[-87.543514,41.752246],[-87.543226,41.752013],[-87.543027,41.751915],[-87.542938,41.751928],[-87.542331,41.751918],[-87.541139,41.751932],[-87.541039,41.75191],[-87.540941,41.751917],[-87.540828,41.751902],[-87.54065,41.751855],[-87.540548,41.75187],[-87.540436,41.751847],[-87.540215,41.751769],[-87.540147,41.751724],[-87.539918,41.751634],[-87.53893,41.751315],[-87.538501,41.751118],[-87.537658,41.750824],[-87.537589,41.750766],[-87.537352,41.750711],[-87.537318,41.750674],[-87.537154,41.750616],[-87.537119,41.750572],[-87.537057,41.750564],[-87.53689,41.750496],[-87.536838,41.750446],[-87.536727,41.750445],[-87.536572,41.750366],[-87.536263,41.750252],[-87.536212,41.750201],[-87.536014,41.750164],[-87.535904,41.750094],[-87.535771,41.750046],[-87.535677,41.749974],[-87.535622,41.749957],[-87.535487,41.749877],[-87.535258,41.749794],[-87.535204,41.749802],[-87.535135,41.749746],[-87.535072,41.749737],[-87.534767,41.749593],[-87.534678,41.749574],[-87.534562,41.749515],[-87.534435,41.749486],[-87.534381,41.749446],[-87.534214,41.749411],[-87.533899,41.749311],[-87.533395,41.749087],[-87.533194,41.749022],[-87.532736,41.74882],[-87.532082,41.748592],[-87.531838,41.748466],[-87.531378,41.748284],[-87.531105,41.748131],[-87.530948,41.748026],[-87.530912,41.747958],[-87.53081,41.747513],[-87.530765,41.747285],[-87.530757,41.747112],[-87.530706,41.746913],[-87.530699,41.746722],[-87.530574,41.746039],[-87.530404,41.744749],[-87.54058,41.744778],[-87.541837,41.744759],[-87.542455,41.744774],[-87.550324,41.744674],[-87.550295,41.743315],[-87.550407,41.743423],[-87.550521,41.743471],[-87.550667,41.743479],[-87.551734,41.743467],[-87.551542,41.74254],[-87.551524,41.742088],[-87.551627,41.742187],[-87.551932,41.742408],[-87.552344,41.742673],[-87.552682,41.74287],[-87.552917,41.742825],[-87.553133,41.742817],[-87.555166,41.74279],[-87.555131,41.740972],[-87.555745,41.740963],[-87.55568,41.737798],[-87.555088,41.737808],[-87.55508,41.737336],[-87.555585,41.737329],[-87.555405,41.730014],[-87.555254,41.730026],[-87.552639,41.730057],[-87.552582,41.727747],[-87.553454,41.726876],[-87.553932,41.726432],[-87.553846,41.722733],[-87.559695,41.722659],[-87.559591,41.72256],[-87.559124,41.721949],[-87.558921,41.721359],[-87.558917,41.719954],[-87.558865,41.719075],[-87.558816,41.715396],[-87.558757,41.713349],[-87.559414,41.713361],[-87.559749,41.713419],[-87.559645,41.706399],[-87.562677,41.706396],[-87.562654,41.704585],[-87.565511,41.704568],[-87.565599,41.704578],[-87.565653,41.704621],[-87.565724,41.704559],[-87.565746,41.7045],[-87.565715,41.701783],[-87.565669,41.701671],[-87.565402,41.701251],[-87.567462,41.701109],[-87.571789,41.705852],[-87.573663,41.707966],[-87.579065,41.707882],[-87.582133,41.707857],[-87.584175,41.707801],[-87.586047,41.70777],[-87.585779,41.708174],[-87.585545,41.708589],[-87.585322,41.709059],[-87.58515,41.709534],[-87.585037,41.709932],[-87.58498,41.710212],[-87.584899,41.710722],[-87.584871,41.711134],[-87.584878,41.712048],[-87.584937,41.712905],[-87.584942,41.714],[-87.585037,41.715783],[-87.585057,41.717412],[-87.585045,41.717579],[-87.585181,41.721277],[-87.585143,41.721729],[-87.585101,41.721865],[-87.58511,41.722108],[-87.585132,41.722155],[-87.585127,41.722339],[-87.575355,41.722469],[-87.575535,41.729761],[-87.572497,41.729802],[-87.57259,41.733451],[-87.565914,41.733542],[-87.565956,41.735003],[-87.565886,41.73549],[-87.565997,41.737193],[-87.565701,41.737198],[-87.566028,41.737433],[-87.566097,41.742645],[-87.572176,41.742565],[-87.572197,41.742491],[-87.572609,41.742169],[-87.575628,41.74434],[-87.568557,41.74443],[-87.568639,41.749882],[-87.571077,41.749852],[-87.571142,41.753484],[-87.572361,41.753469],[-87.572477,41.758402],[-87.572482,41.758812],[-87.572461,41.75892],[-87.578536,41.75885],[-87.578559,41.760406],[-87.578589,41.760669],[-87.588416,41.760568],[-87.588509,41.764216],[-87.585276,41.764242],[-87.585337,41.766062],[-87.579372,41.766113],[-87.579342,41.764214],[-87.579317,41.763885],[-87.579286,41.762481],[-87.567665,41.762606],[-87.567699,41.764423],[-87.566487,41.764435],[-87.566509,41.765963],[-87.566484,41.766318],[-87.566056,41.766305],[-87.563028,41.766322],[-87.562919,41.766313],[-87.562815,41.766286],[-87.562576,41.766285],[-87.560834,41.766301],[-87.560303,41.766357],[-87.560443,41.76625],[-87.560516,41.766171],[-87.560552,41.766092],[-87.560623,41.765805],[-87.560612,41.765642],[-87.560586,41.765565],[-87.560514,41.76539],[-87.560434,41.76529],[-87.560358,41.765323],[-87.560145,41.76509],[-87.56022,41.765043],[-87.560122,41.764941],[-87.560001,41.764901],[-87.559919,41.764958],[-87.55984,41.764957],[-87.559602,41.76473],[-87.559588,41.76469],[-87.5596,41.764633],[-87.559517,41.764517],[-87.559742,41.764391],[-87.559609,41.764221],[-87.559439,41.76408],[-87.559343,41.764043],[-87.55928,41.764041],[-87.558979,41.763753],[-87.558456,41.764018],[-87.557572,41.763115],[-87.557701,41.763049],[-87.55765,41.762996],[-87.557641,41.762846],[-87.557602,41.76281],[-87.557166,41.762607],[-87.55687,41.76243],[-87.556649,41.762209],[-87.556318,41.762034],[-87.556079,41.761821],[-87.555734,41.761628],[-87.555593,41.761579],[-87.555454,41.761588],[-87.555351,41.761616],[-87.55527,41.761621],[-87.554876,41.761787],[-87.554802,41.761771],[-87.554767,41.76173],[-87.55467,41.761489],[-87.554383,41.761081],[-87.554347,41.761053],[-87.554279,41.761052],[-87.554251,41.761033],[-87.55407,41.760781],[-87.552868,41.760263],[-87.552252,41.759975],[-87.551797,41.759813],[-87.550504,41.75931],[-87.549545,41.758956],[-87.548709,41.758726],[-87.548401,41.758692],[-87.547974,41.758675],[-87.547643,41.758715],[-87.547246,41.758721],[-87.547088,41.758743],[-87.546937,41.758772],[-87.546851,41.75882],[-87.54659,41.758878],[-87.546364,41.758967],[-87.54551,41.759362],[-87.545282,41.759537],[-87.544935,41.759751],[-87.54456,41.760036],[-87.544319,41.760167],[-87.544173,41.760199],[-87.544011,41.760107],[-87.543936,41.760098],[-87.543853,41.760112],[-87.544344,41.760583],[-87.544417,41.760616],[-87.546444,41.760616],[-87.546493,41.76063],[-87.546492,41.760646],[-87.546379,41.760658],[-87.546083,41.760661],[-87.546002,41.760647],[-87.54441,41.760675],[-87.544307,41.760638]]]}},{"type":"Feature","properties":{"ward":"08","label_lon":-87.585403,"label_lat":41.736923,"labels":{"names":[-87.587452,41.740952],"tenure":[-87.587452,41.740952],"absence":[-87.587452,41.740952]}},"geometry":{"type":"Polygon","coordinates":[[[-87.585873,41.764238],[-87.588509,41.764216],[-87.588416,41.760568],[-87.578589,41.760669],[-87.578559,41.760406],[-87.578536,41.75885],[-87.572461,41.75892],[-87.572482,41.758812],[-87.572477,41.758402],[-87.572361,41.753469],[-87.571142,41.753484],[-87.571077,41.749852],[-87.568639,41.749882],[-87.568557,41.74443],[-87.575628,41.74434],[-87.572609,41.742169],[-87.572197,41.742491],[-87.572176,41.742565],[-87.566097,41.742645],[-87.566028,41.737433],[-87.565701,41.737198],[-87.565997,41.737193],[-87.565886,41.73549],[-87.565956,41.735003],[-87.565914,41.733542],[-87.57259,41.733451],[-87.572497,41.729802],[-87.575535,41.729761],[-87.575355,41.722469],[-87.585127,41.722339],[-87.585132,41.722155],[-87.58511,41.722108],[-87.585101,41.721865],[-87.585143,41.721729],[-87.585181,41.721277],[-87.585045,41.717579],[-87.585057,41.717412],[-87.585037,41.715783],[-87.584942,41.714],[-87.584937,41.712905],[-87.584878,41.712048],[-87.584871,41.711134],[-87.584899,41.710722],[-87.58498,41.710212],[-87.585037,41.709932],[-87.58515,41.709534],[-87.585322,41.709059],[-87.585545,41.708589],[-87.585779,41.708174],[-87.586047,41.70777],[-87.587463,41.707743],[-87.589024,41.707735],[-87.591507,41.707664],[-87.592535,41.707663],[-87.594286,41.707627],[-87.596254,41.707611],[-87.60519,41.707466],[-87.606518,41.707433],[-87.605124,41.713587],[-87.613953,41.713444],[-87.613978,41.714541],[-87.613965,41.715265],[-87.614339,41.729198],[-87.609491,41.729276],[-87.609525,41.730703],[-87.609535,41.7311],[-87.614387,41.731024],[-87.614528,41.736503],[-87.604823,41.736649],[-87.605237,41.751116],[-87.605221,41.751137],[-87.605208,41.751363],[-87.605391,41.75858],[-87.598001,41.758652],[-87.597777,41.758657],[-87.597706,41.758675],[-87.597336,41.758683],[-87.595523,41.758696],[-87.59513,41.760556],[-87.593836,41.760523],[-87.593278,41.760529],[-87.59339,41.764909],[-87.593385,41.765055],[-87.593356,41.765083],[-87.594048,41.765077],[-87.593826,41.766004],[-87.590986,41.766015],[-87.590428,41.766036],[-87.589365,41.766028],[-87.586327,41.766059],[-87.586303,41.765143],[-87.585897,41.765146],[-87.585873,41.764238]]]}},{"type":"Feature","properties":{"ward":"09","label_lon":-87.614835,"label_lat":41.690422,"labels":{"names":[-87.614865,41.690197],"tenure":[-87.614865,41.690197],"absence":[-87.614865,41.690197]}},"geometry":{"type":"Polygon","coordinates":[[[-87.614143,41.721892],[-87.613965,41.715265],[-87.613978,41.714541],[-87.613953,41.713444],[-87.605124,41.713587],[-87.606518,41.707433],[-87.60454,41.707477],[-87.592205,41.707665],[-87.592069,41.707293],[-87.591874,41.706514],[-87.591818,41.70614],[-87.591781,41.705351],[-87.591795,41.705008],[-87.591841,41.70457],[-87.591912,41.704124],[-87.592098,41.703432],[-87.592251,41.703002],[-87.592485,41.702489],[-87.592693,41.702102],[-87.594578,41.698931],[-87.59485,41.698762],[-87.595208,41.698074],[-87.596798,41.695176],[-87.598856,41.691309],[-87.599737,41.68974],[-87.600694,41.687961],[-87.601368,41.686667],[-87.60172,41.685837],[-87.6019,41.685062],[-87.601936,41.684742],[-87.60194,41.68417],[-87.601879,41.682626],[-87.601846,41.680687],[-87.601723,41.676727],[-87.601657,41.676196],[-87.601544,41.675667],[-87.601446,41.675338],[-87.601279,41.674886],[-87.601134,41.674562],[-87.600908,41.674128],[-87.600671,41.673744],[-87.600388,41.67334],[-87.600068,41.672941],[-87.590444,41.661763],[-87.58928,41.660391],[-87.590674,41.6604],[-87.591412,41.660364],[-87.592595,41.660255],[-87.593827,41.660074],[-87.594448,41.659953],[-87.59531,41.659825],[-87.595718,41.659746],[-87.597829,41.659435],[-87.598543,41.659336],[-87.59963,41.659259],[-87.601372,41.659174],[-87.603412,41.659152],[-87.603883,41.659133],[-87.604395,41.659147],[-87.606205,41.659145],[-87.606703,41.659159],[-87.607575,41.659139],[-87.607609,41.65897],[-87.60763,41.658653],[-87.607663,41.658568],[-87.607647,41.657611],[-87.607624,41.657405],[-87.609644,41.657404],[-87.60963,41.656873],[-87.609519,41.656309],[-87.609504,41.65444],[-87.609547,41.654288],[-87.609688,41.654129],[-87.609847,41.654032],[-87.610998,41.655195],[-87.61108,41.655254],[-87.611138,41.655283],[-87.611315,41.655326],[-87.611558,41.655345],[-87.611381,41.653169],[-87.611351,41.651854],[-87.617231,41.651818],[-87.61723,41.650276],[-87.618034,41.650374],[-87.620205,41.650847],[-87.620316,41.650888],[-87.619823,41.65183],[-87.619445,41.652658],[-87.619067,41.653612],[-87.618746,41.654578],[-87.618482,41.655553],[-87.61771,41.659105],[-87.618453,41.659107],[-87.618663,41.659085],[-87.619684,41.659062],[-87.619458,41.659537],[-87.619386,41.660061],[-87.619512,41.660787],[-87.619857,41.661141],[-87.620253,41.661366],[-87.622024,41.66213],[-87.622035,41.662414],[-87.623286,41.662397],[-87.623458,41.66236],[-87.623487,41.66233],[-87.623613,41.662322],[-87.62363,41.662302],[-87.623918,41.662261],[-87.623997,41.662237],[-87.624069,41.662239],[-87.624202,41.662275],[-87.62429,41.662274],[-87.624338,41.662255],[-87.624423,41.662259],[-87.624469,41.662216],[-87.62465,41.662151],[-87.624696,41.662109],[-87.624756,41.662086],[-87.625348,41.661943],[-87.625353,41.661929],[-87.625551,41.661887],[-87.625661,41.661843],[-87.625694,41.661841],[-87.625703,41.661854],[-87.625868,41.66181],[-87.625901,41.661814],[-87.626215,41.661674],[-87.626274,41.661662],[-87.626441,41.661486],[-87.626637,41.661355],[-87.626836,41.661245],[-87.626872,41.661242],[-87.626886,41.661215],[-87.627544,41.660757],[-87.627772,41.660572],[-87.628042,41.660295],[-87.628683,41.659699],[-87.629147,41.659317],[-87.629733,41.659011],[-87.630098,41.658725],[-87.63076,41.658274],[-87.630808,41.658212],[-87.63084,41.658111],[-87.63081,41.658038],[-87.630819,41.657958],[-87.6309,41.657907],[-87.631075,41.657833],[-87.631255,41.657819],[-87.63139,41.657997],[-87.631578,41.65792],[-87.631752,41.657921],[-87.632012,41.657898],[-87.632152,41.657866],[-87.632327,41.657876],[-87.632274,41.657803],[-87.632646,41.657735],[-87.632642,41.657622],[-87.632824,41.657585],[-87.633004,41.657527],[-87.633187,41.657521],[-87.633552,41.657482],[-87.633918,41.65747],[-87.635012,41.657366],[-87.63556,41.657345],[-87.635743,41.657348],[-87.636111,41.657391],[-87.636294,41.657394],[-87.638561,41.657712],[-87.639135,41.657752],[-87.64005,41.657764],[-87.640417,41.657786],[-87.64105,41.657774],[-87.641062,41.658096],[-87.641428,41.658094],[-87.641419,41.657771],[-87.643664,41.65775],[-87.643842,41.65772],[-87.644025,41.657717],[-87.644752,41.657725],[-87.645911,41.65778],[-87.646087,41.657747],[-87.646817,41.657664],[-87.646988,41.65763],[-87.647204,41.663159],[-87.641421,41.663245],[-87.641665,41.67054],[-87.632056,41.670636],[-87.632273,41.67792],[-87.629867,41.677947],[-87.63028,41.691103],[-87.630428,41.697054],[-87.628016,41.697083],[-87.628269,41.707041],[-87.628296,41.707101],[-87.639191,41.706965],[-87.639385,41.714249],[-87.636971,41.714274],[-87.63699,41.715185],[-87.637913,41.715173],[-87.639402,41.715189],[-87.63977,41.728816],[-87.638556,41.728833],[-87.638586,41.729962],[-87.633669,41.729994],[-87.630256,41.730058],[-87.6244,41.730112],[-87.624047,41.730138],[-87.623947,41.729296],[-87.623776,41.723484],[-87.623788,41.723135],[-87.62373,41.721703],[-87.622198,41.721754],[-87.614143,41.721892]]]}},{"type":"Feature","properties":{"ward":"10","label_lon":-87.561044,"label_lat":41.693734,"labels":{"names":[-87.560845,41.694693],"tenure":[-87.560845,41.694693],"absence":[-87.560845,41.694693]}},"geometry":{"type":"Polygon","coordinates":[[[-87.530404,41.744749],[-87.530076,41.742377],[-87.530052,41.742309],[-87.530071,41.742251],[-87.530037,41.742199],[-87.530075,41.742115],[-87.530045,41.742051],[-87.530061,41.742027],[-87.530018,41.742007],[-87.530011,41.741965],[-87.530042,41.741924],[-87.530022,41.741706],[-87.529979,41.741601],[-87.52992,41.741518],[-87.529847,41.741456],[-87.529771,41.741422],[-87.52973,41.74141],[-87.529577,41.741418],[-87.529496,41.741398],[-87.524483,41.741451],[-87.52448,41.741468],[-87.524462,41.741469],[-87.524463,41.741386],[-87.529887,41.741329],[-87.53011,41.741237],[-87.530167,41.741239],[-87.530189,41.741264],[-87.530687,41.741117],[-87.539855,41.741013],[-87.53985,41.740741],[-87.53983,41.740497],[-87.529857,41.740607],[-87.529816,41.740348],[-87.529834,41.740346],[-87.529774,41.739847],[-87.529779,41.739829],[-87.529814,41.739814],[-87.529767,41.739789],[-87.529731,41.739593],[-87.529725,41.739387],[-87.52968,41.739161],[-87.529588,41.738409],[-87.529558,41.738323],[-87.529572,41.738256],[-87.529485,41.737835],[-87.529485,41.737706],[-87.529431,41.737551],[-87.529453,41.737499],[-87.529425,41.73716],[-87.529335,41.736554],[-87.5293,41.736155],[-87.529277,41.736055],[-87.529242,41.736011],[-87.529281,41.735935],[-87.529277,41.735895],[-87.529249,41.735827],[-87.529231,41.735613],[-87.529122,41.734972],[-87.52915,41.734898],[-87.529125,41.734847],[-87.529124,41.734737],[-87.529065,41.734335],[-87.529082,41.734255],[-87.529019,41.733942],[-87.529021,41.7338],[-87.528961,41.733791],[-87.528955,41.733768],[-87.528961,41.733739],[-87.529001,41.733715],[-87.528992,41.7337],[-87.529495,41.732367],[-87.529463,41.732314],[-87.529373,41.732319],[-87.529269,41.732283],[-87.529181,41.73213],[-87.529116,41.732082],[-87.525222,41.73152],[-87.524949,41.731408],[-87.524734,41.731221],[-87.524688,41.731094],[-87.524531,41.723499],[-87.524554,41.723203],[-87.524471,41.7232],[-87.524467,41.721898],[-87.524502,41.721884],[-87.524503,41.721793],[-87.524691,41.721794],[-87.524839,41.72169],[-87.525003,41.721523],[-87.5247,41.721254],[-87.524818,41.721179],[-87.525093,41.721415],[-87.525236,41.721221],[-87.525408,41.72092],[-87.525082,41.720847],[-87.525136,41.72073],[-87.525454,41.720797],[-87.525485,41.720722],[-87.525556,41.72037],[-87.525609,41.719436],[-87.52559,41.719214],[-87.525545,41.718985],[-87.525452,41.718755],[-87.525294,41.718487],[-87.525103,41.718254],[-87.524905,41.71805],[-87.524506,41.717988],[-87.524505,41.717814],[-87.524472,41.717791],[-87.524468,41.717403],[-87.525346,41.717382],[-87.525813,41.717331],[-87.525805,41.717318],[-87.526421,41.717114],[-87.526517,41.717267],[-87.526605,41.717236],[-87.526519,41.717085],[-87.526797,41.716991],[-87.526769,41.716922],[-87.526804,41.716874],[-87.52686,41.716876],[-87.526915,41.716925],[-87.526989,41.71695],[-87.527301,41.716825],[-87.52729,41.716806],[-87.527641,41.71662],[-87.527902,41.716454],[-87.528194,41.716224],[-87.528567,41.715852],[-87.528565,41.715813],[-87.528641,41.715744],[-87.528669,41.715686],[-87.528704,41.715423],[-87.528618,41.715019],[-87.528563,41.714869],[-87.528484,41.714725],[-87.528133,41.714239],[-87.527974,41.713873],[-87.527712,41.713422],[-87.527423,41.713085],[-87.526433,41.712313],[-87.528408,41.710803],[-87.527203,41.710031],[-87.5269,41.709914],[-87.526648,41.709849],[-87.526243,41.70982],[-87.5259,41.710145],[-87.526021,41.710255],[-87.525997,41.71035],[-87.525864,41.710412],[-87.525784,41.710419],[-87.525715,41.710399],[-87.525628,41.710341],[-87.525594,41.710269],[-87.525538,41.710228],[-87.525471,41.710129],[-87.525419,41.710102],[-87.52537,41.710108],[-87.52535,41.710056],[-87.525281,41.710046],[-87.525159,41.71],[-87.525093,41.709953],[-87.52504,41.709945],[-87.524568,41.709573],[-87.524173,41.709416],[-87.524145,41.70938],[-87.524137,41.709326],[-87.524164,41.709307],[-87.524204,41.709321],[-87.524233,41.709282],[-87.524326,41.709281],[-87.524377,41.709259],[-87.524452,41.709253],[-87.524551,41.709271],[-87.524613,41.709315],[-87.524727,41.709354],[-87.52476,41.709334],[-87.524882,41.709405],[-87.524884,41.709441],[-87.525123,41.709735],[-87.525167,41.709708],[-87.52521,41.709741],[-87.525258,41.709713],[-87.52553,41.709937],[-87.525587,41.709938],[-87.52622,41.709539],[-87.525767,41.709158],[-87.525307,41.709461],[-87.525356,41.709496],[-87.525339,41.709513],[-87.525275,41.709464],[-87.525261,41.709473],[-87.52513,41.709344],[-87.52516,41.709321],[-87.525225,41.709368],[-87.525679,41.709085],[-87.525422,41.708837],[-87.525374,41.708827],[-87.524862,41.709153],[-87.524784,41.709081],[-87.525019,41.708915],[-87.524961,41.708817],[-87.524942,41.708727],[-87.524889,41.708667],[-87.524535,41.708482],[-87.524552,41.707952],[-87.52453,41.702062],[-87.524613,41.695421],[-87.524636,41.695289],[-87.524659,41.692275],[-87.52462,41.691801],[-87.524651,41.688183],[-87.524835,41.673646],[-87.525166,41.644543],[-87.529938,41.644574],[-87.53503,41.644558],[-87.549803,41.644573],[-87.562374,41.644664],[-87.574869,41.64468],[-87.577251,41.644709],[-87.578377,41.644695],[-87.585672,41.644704],[-87.586838,41.644688],[-87.587004,41.644913],[-87.58693,41.644953],[-87.587162,41.645259],[-87.587304,41.645428],[-87.58782,41.645947],[-87.588156,41.646321],[-87.588786,41.646856],[-87.588792,41.646814],[-87.58889,41.646746],[-87.589195,41.646981],[-87.589274,41.647084],[-87.58933,41.647211],[-87.589465,41.647286],[-87.589859,41.647661],[-87.589929,41.647672],[-87.589969,41.647718],[-87.590011,41.647733],[-87.590098,41.647807],[-87.590224,41.647937],[-87.590248,41.647994],[-87.590302,41.64804],[-87.590469,41.648277],[-87.590662,41.648402],[-87.590905,41.648483],[-87.591185,41.64862],[-87.591288,41.648635],[-87.591532,41.648735],[-87.592092,41.648909],[-87.59233,41.648934],[-87.592799,41.648922],[-87.593027,41.64893],[-87.59318,41.648904],[-87.593672,41.648924],[-87.594228,41.64886],[-87.594673,41.648778],[-87.59527,41.648621],[-87.59658,41.648315],[-87.596672,41.648304],[-87.59759,41.648061],[-87.597762,41.647958],[-87.59779,41.647962],[-87.597835,41.648014],[-87.597886,41.648025],[-87.597829,41.644606],[-87.613359,41.644608],[-87.617216,41.644584],[-87.617238,41.647486],[-87.617231,41.651818],[-87.611351,41.651854],[-87.611381,41.653169],[-87.611558,41.655345],[-87.611315,41.655326],[-87.611138,41.655283],[-87.61108,41.655254],[-87.610998,41.655195],[-87.609847,41.654032],[-87.609688,41.654129],[-87.609547,41.654288],[-87.609504,41.65444],[-87.609519,41.656309],[-87.60963,41.656873],[-87.609644,41.657404],[-87.607624,41.657405],[-87.607647,41.657611],[-87.607663,41.658568],[-87.60763,41.658653],[-87.607609,41.65897],[-87.607575,41.659139],[-87.606703,41.659159],[-87.606205,41.659145],[-87.604395,41.659147],[-87.603883,41.659133],[-87.603412,41.659152],[-87.601372,41.659174],[-87.59963,41.659259],[-87.598543,41.659336],[-87.597829,41.659435],[-87.595718,41.659746],[-87.59531,41.659825],[-87.594448,41.659953],[-87.593827,41.660074],[-87.592595,41.660255],[-87.591412,41.660364],[-87.590674,41.6604],[-87.58928,41.660391],[-87.590444,41.661763],[-87.600068,41.672941],[-87.600388,41.67334],[-87.600671,41.673744],[-87.600908,41.674128],[-87.601134,41.674562],[-87.601279,41.674886],[-87.601446,41.675338],[-87.601544,41.675667],[-87.601657,41.676196],[-87.601723,41.676727],[-87.601846,41.680687],[-87.601879,41.682626],[-87.60194,41.68417],[-87.601936,41.684742],[-87.6019,41.685062],[-87.60172,41.685837],[-87.601368,41.686667],[-87.600694,41.687961],[-87.599737,41.68974],[-87.598856,41.691309],[-87.596798,41.695176],[-87.595208,41.698074],[-87.59485,41.698762],[-87.594578,41.698931],[-87.592693,41.702102],[-87.592485,41.702489],[-87.592251,41.703002],[-87.592098,41.703432],[-87.591912,41.704124],[-87.591841,41.70457],[-87.591795,41.705008],[-87.591781,41.705351],[-87.591818,41.70614],[-87.591874,41.706514],[-87.592069,41.707293],[-87.592205,41.707665],[-87.591507,41.707664],[-87.589024,41.707735],[-87.587463,41.707743],[-87.584175,41.707801],[-87.582133,41.707857],[-87.579065,41.707882],[-87.573663,41.707966],[-87.571789,41.705852],[-87.567462,41.701109],[-87.565402,41.701251],[-87.565669,41.701671],[-87.565715,41.701783],[-87.565751,41.704189],[-87.565746,41.704509],[-87.565708,41.704576],[-87.565653,41.704621],[-87.565599,41.704578],[-87.565511,41.704568],[-87.562654,41.704585],[-87.562677,41.706396],[-87.559645,41.706399],[-87.559749,41.713419],[-87.559414,41.713361],[-87.558757,41.713349],[-87.558816,41.715396],[-87.558865,41.719075],[-87.558917,41.719954],[-87.558921,41.721359],[-87.559124,41.721949],[-87.559591,41.72256],[-87.559695,41.722659],[-87.553846,41.722733],[-87.553932,41.726432],[-87.553454,41.726876],[-87.552582,41.727747],[-87.552639,41.730057],[-87.555254,41.730026],[-87.555405,41.730014],[-87.555585,41.737329],[-87.55508,41.737336],[-87.555088,41.737808],[-87.55568,41.737798],[-87.555745,41.740963],[-87.555131,41.740972],[-87.555166,41.74279],[-87.553133,41.742817],[-87.552917,41.742825],[-87.552682,41.74287],[-87.552344,41.742673],[-87.551932,41.742408],[-87.551627,41.742187],[-87.551524,41.742088],[-87.551542,41.74254],[-87.551734,41.743467],[-87.550667,41.743479],[-87.550521,41.743471],[-87.550407,41.743423],[-87.550295,41.743315],[-87.550324,41.744674],[-87.543502,41.744764],[-87.542455,41.744774],[-87.541837,41.744759],[-87.54058,41.744778],[-87.530404,41.744749]]]}},{"type":"Feature","properties":{"ward":"11","label_lon":-87.646271,"label_lat":41.836415,"labels":{"names":[-87.646135,41.836206],"tenure":[-87.646135,41.836206],"absence":[-87.646135,41.836206]}},"geometry":{"type":"Polygon","coordinates":[[[-87.635996,41.81635],[-87.637516,41.816323],[-87.637472,41.814956],[-87.645692,41.814817],[-87.645634,41.812493],[-87.655246,41.81237],[-87.658564,41.812361],[-87.660392,41.812262],[-87.664919,41.812209],[-87.665064,41.812223],[-87.665248,41.820244],[-87.665345,41.822036],[-87.665428,41.822576],[-87.665463,41.822928],[-87.665462,41.82315],[-87.666356,41.823141],[-87.667987,41.82319],[-87.668992,41.823186],[-87.669035,41.82498],[-87.667816,41.824993],[-87.667809,41.824535],[-87.666006,41.824561],[-87.666018,41.825015],[-87.665464,41.825021],[-87.66548,41.825937],[-87.666086,41.825933],[-87.666099,41.826843],[-87.667257,41.82683],[-87.667301,41.828654],[-87.66791,41.828648],[-87.667953,41.830474],[-87.67528,41.83039],[-87.675314,41.831819],[-87.668098,41.836236],[-87.668075,41.835502],[-87.667972,41.835531],[-87.666356,41.835559],[-87.666328,41.834747],[-87.665668,41.834759],[-87.665653,41.834185],[-87.664391,41.8342],[-87.664344,41.832358],[-87.661431,41.832387],[-87.660595,41.832375],[-87.660459,41.832327],[-87.660328,41.83223],[-87.659455,41.831154],[-87.65938,41.831049],[-87.659351,41.830967],[-87.659303,41.830578],[-87.657385,41.8306],[-87.657366,41.830883],[-87.65743,41.831197],[-87.658659,41.832557],[-87.660354,41.83437],[-87.661287,41.834863],[-87.661671,41.835253],[-87.66199,41.835691],[-87.662487,41.836141],[-87.663078,41.836823],[-87.663173,41.836981],[-87.663361,41.837636],[-87.66344,41.837805],[-87.664268,41.839033],[-87.664538,41.839555],[-87.664566,41.839882],[-87.664528,41.84043],[-87.664542,41.84066],[-87.664574,41.840757],[-87.664843,41.841243],[-87.664969,41.841619],[-87.664952,41.841716],[-87.66431,41.842801],[-87.663888,41.844096],[-87.663778,41.844292],[-87.663451,41.844503],[-87.662524,41.84491],[-87.661638,41.845346],[-87.660418,41.846041],[-87.658901,41.84717],[-87.657595,41.847966],[-87.657354,41.848091],[-87.657046,41.848213],[-87.656673,41.84832],[-87.656301,41.848354],[-87.653409,41.847961],[-87.653053,41.847947],[-87.652583,41.848005],[-87.651578,41.848176],[-87.651003,41.848306],[-87.649637,41.848396],[-87.648644,41.848615],[-87.647593,41.848944],[-87.6468,41.849212],[-87.64585,41.849384],[-87.644889,41.849418],[-87.643973,41.849508],[-87.643316,41.849693],[-87.64264,41.850024],[-87.642182,41.850455],[-87.641148,41.851793],[-87.640342,41.852986],[-87.639872,41.853587],[-87.639648,41.85395],[-87.639394,41.854285],[-87.639044,41.854568],[-87.638707,41.854744],[-87.638858,41.855557],[-87.638842,41.855698],[-87.638878,41.855984],[-87.639014,41.860018],[-87.637799,41.860013],[-87.633909,41.860136],[-87.631934,41.860148],[-87.630264,41.860121],[-87.630273,41.859537],[-87.630159,41.855502],[-87.630157,41.854962],[-87.630113,41.853508],[-87.630068,41.852941],[-87.630267,41.852939],[-87.630174,41.852636],[-87.630109,41.852112],[-87.630082,41.851132],[-87.630085,41.850491],[-87.630132,41.849259],[-87.630043,41.847179],[-87.629944,41.846683],[-87.629956,41.844275],[-87.62979,41.839504],[-87.629784,41.838256],[-87.629594,41.83097],[-87.631504,41.830939],[-87.631465,41.829063],[-87.632571,41.829052],[-87.632667,41.829035],[-87.632627,41.827281],[-87.633842,41.827265],[-87.633763,41.823616],[-87.636354,41.823583],[-87.636151,41.821833],[-87.636053,41.819052],[-87.635996,41.81635]]]}},{"type":"Feature","properties":{"ward":"12","label_lon":-87.690211,"label_lat":41.82652,"labels":{"names":[-87.690205,41.826253],"tenure":[-87.690205,41.826253],"absence":[-87.690205,41.826253]}},"geometry":{"type":"Polygon","coordinates":[[[-87.666734,41.844942],[-87.665598,41.844929],[-87.665364,41.844898],[-87.665123,41.844818],[-87.664907,41.844708],[-87.663919,41.844001],[-87.66431,41.842801],[-87.664952,41.841716],[-87.664969,41.841619],[-87.664843,41.841243],[-87.664574,41.840757],[-87.664542,41.84066],[-87.664528,41.84043],[-87.664566,41.839882],[-87.664538,41.839555],[-87.664268,41.839033],[-87.66344,41.837805],[-87.663361,41.837636],[-87.663173,41.836981],[-87.663078,41.836823],[-87.662487,41.836141],[-87.66199,41.835691],[-87.661671,41.835253],[-87.661287,41.834863],[-87.660354,41.83437],[-87.658659,41.832557],[-87.65743,41.831197],[-87.657366,41.830883],[-87.657385,41.8306],[-87.659303,41.830578],[-87.659351,41.830967],[-87.65938,41.831049],[-87.659455,41.831154],[-87.660328,41.83223],[-87.660459,41.832327],[-87.660595,41.832375],[-87.661431,41.832387],[-87.664344,41.832358],[-87.664391,41.8342],[-87.665653,41.834185],[-87.665668,41.834759],[-87.666328,41.834747],[-87.666356,41.835559],[-87.667972,41.835531],[-87.668075,41.835502],[-87.668098,41.836236],[-87.675314,41.831819],[-87.67528,41.83039],[-87.667953,41.830474],[-87.66791,41.828648],[-87.667301,41.828654],[-87.667257,41.82683],[-87.666099,41.826843],[-87.666086,41.825933],[-87.66548,41.825937],[-87.665464,41.825021],[-87.666018,41.825015],[-87.666006,41.824561],[-87.667575,41.824537],[-87.667809,41.824535],[-87.667816,41.824993],[-87.669035,41.82498],[-87.668992,41.823186],[-87.667987,41.82319],[-87.666356,41.823141],[-87.665462,41.82315],[-87.665463,41.822928],[-87.665428,41.822576],[-87.665345,41.822036],[-87.665248,41.820244],[-87.665148,41.815871],[-87.67245,41.815807],[-87.672304,41.810357],[-87.674989,41.810322],[-87.674945,41.808508],[-87.67712,41.808503],[-87.677027,41.804848],[-87.679015,41.804825],[-87.67949,41.808459],[-87.683874,41.808417],[-87.684072,41.815704],[-87.687112,41.815657],[-87.687014,41.812031],[-87.689427,41.811993],[-87.689324,41.80836],[-87.701536,41.808166],[-87.701587,41.809978],[-87.703903,41.809943],[-87.704046,41.809939],[-87.703975,41.808116],[-87.71113,41.808036],[-87.713874,41.807989],[-87.714025,41.811775],[-87.714105,41.815322],[-87.714318,41.821451],[-87.714329,41.822435],[-87.714281,41.823404],[-87.714264,41.824195],[-87.714286,41.825663],[-87.714359,41.827336],[-87.714455,41.82784],[-87.71445,41.828083],[-87.714354,41.828139],[-87.714127,41.828167],[-87.711815,41.82892],[-87.711316,41.829101],[-87.710024,41.829431],[-87.706449,41.830617],[-87.705708,41.830826],[-87.70501,41.831051],[-87.704856,41.831172],[-87.704739,41.831227],[-87.700261,41.832661],[-87.700004,41.832804],[-87.699813,41.832803],[-87.695159,41.834259],[-87.695115,41.83433],[-87.694947,41.834382],[-87.694964,41.835086],[-87.688471,41.837191],[-87.688119,41.837312],[-87.68795,41.837449],[-87.687899,41.837554],[-87.687617,41.83761],[-87.687588,41.840259],[-87.687442,41.84364],[-87.687512,41.844325],[-87.687615,41.844794],[-87.685601,41.844821],[-87.685394,41.84485],[-87.678172,41.847609],[-87.678151,41.846826],[-87.678101,41.846041],[-87.678057,41.844556],[-87.678034,41.84253],[-87.676589,41.841856],[-87.675537,41.841889],[-87.67549,41.84159],[-87.675407,41.841621],[-87.674877,41.841743],[-87.674318,41.84201],[-87.672863,41.842834],[-87.669931,41.843983],[-87.667503,41.844822],[-87.667218,41.844903],[-87.667049,41.844926],[-87.666734,41.844942]]]}},{"type":"Feature","properties":{"ward":"13","label_lon":-87.761953,"label_lat":41.781244,"labels":{"names":[-87.761984,41.782146],"tenure":[-87.761984,41.782146],"absence":[-87.761984,41.782146]}},"geometry":{"type":"Polygon","coordinates":[[[-87.742055,41.771129],[-87.742165,41.77478],[-87.743076,41.77475],[-87.747038,41.774668],[-87.74704,41.774748],[-87.747156,41.774751],[-87.756612,41.774579],[-87.78112,41.774092],[-87.800809,41.773778],[-87.800821,41.774052],[-87.800777,41.774137],[-87.800775,41.774203],[-87.80085,41.776339],[-87.800886,41.776568],[-87.800872,41.776948],[-87.800924,41.77761],[-87.800956,41.778464],[-87.801011,41.779135],[-87.801024,41.780219],[-87.801528,41.791939],[-87.800473,41.791951],[-87.796672,41.792059],[-87.78396,41.7923],[-87.781651,41.792357],[-87.781522,41.792322],[-87.780498,41.792332],[-87.779724,41.792348],[-87.779629,41.792362],[-87.779561,41.79239],[-87.761903,41.792743],[-87.743618,41.79302],[-87.742662,41.793016],[-87.739211,41.793068],[-87.723159,41.793205],[-87.722961,41.785937],[-87.725407,41.785912],[-87.725405,41.785645],[-87.725305,41.782267],[-87.722863,41.782296],[-87.722576,41.771374],[-87.736685,41.77121],[-87.742055,41.771129]]]}},{"type":"Feature","properties":{"ward":"14","label_lon":-87.699481,"label_lat":41.799383,"labels":{"names":[-87.70974,41.804414],"tenure":[-87.70974,41.805432],"absence":[-87.70974,41.805432]}},"geometry":{"type":"Polygon","coordinates":[[[-87.694205,41.808281],[-87.694,41.80099],[-87.685467,41.801134],[-87.685448,41.800955],[-87.685303,41.795327],[-87.68528,41.795223],[-87.688962,41.795152],[-87.688931,41.793783],[-87.69624,41.793649],[-87.696136,41.790008],[-87.698577,41.789965],[-87.698471,41.786328],[-87.700911,41.786286],[-87.700805,41.782647],[-87.702024,41.782625],[-87.70172,41.771692],[-87.710238,41.771558],[-87.710323,41.775207],[-87.71264,41.77517],[-87.712703,41.778618],[-87.712745,41.779014],[-87.712766,41.779537],[-87.712937,41.785609],[-87.712897,41.786097],[-87.71312,41.786093],[-87.713134,41.786996],[-87.713199,41.787912],[-87.713236,41.788822],[-87.713315,41.789746],[-87.713399,41.793362],[-87.713467,41.795205],[-87.713527,41.798811],[-87.713614,41.800688],[-87.716006,41.800654],[-87.716005,41.800239],[-87.720816,41.800169],[-87.722085,41.800153],[-87.722096,41.800569],[-87.729432,41.800477],[-87.729552,41.800446],[-87.73072,41.800429],[-87.730724,41.800571],[-87.731942,41.800386],[-87.731948,41.800472],[-87.732423,41.800485],[-87.733111,41.800477],[-87.733231,41.800436],[-87.742959,41.800328],[-87.743061,41.803971],[-87.73939,41.80402],[-87.739489,41.80767],[-87.738207,41.807685],[-87.738314,41.811334],[-87.738452,41.813105],[-87.738533,41.818034],[-87.738536,41.819658],[-87.738582,41.82054],[-87.738147,41.820571],[-87.734881,41.821577],[-87.728937,41.823512],[-87.728262,41.823633],[-87.724387,41.824946],[-87.724285,41.824996],[-87.724248,41.825045],[-87.72416,41.825292],[-87.723918,41.825265],[-87.723859,41.8251],[-87.723807,41.825095],[-87.719609,41.826392],[-87.718075,41.826903],[-87.717555,41.827106],[-87.717151,41.827205],[-87.714934,41.827832],[-87.714626,41.82798],[-87.71445,41.828083],[-87.714455,41.82784],[-87.714359,41.827336],[-87.714286,41.825663],[-87.714264,41.824195],[-87.714281,41.823404],[-87.714329,41.822435],[-87.714318,41.821451],[-87.714105,41.815322],[-87.714025,41.811775],[-87.713874,41.807989],[-87.71113,41.808036],[-87.703975,41.808116],[-87.704046,41.809939],[-87.702917,41.809958],[-87.701587,41.809978],[-87.701536,41.808166],[-87.694205,41.808281]]]}},{"type":"Feature","properties":{"ward":"15","label_lon":-87.686222,"label_lat":41.794551,"labels":{"names":[-87.678688,41.796065],"tenure":[-87.678688,41.796065],"absence":[-87.678688,41.796065]}},"geometry":{"type":"Polygon","coordinates":[[[-87.635836,41.809046],[-87.640679,41.808952],[-87.640588,41.805513],[-87.640594,41.805414],[-87.640612,41.805383],[-87.640647,41.805374],[-87.640488,41.805294],[-87.640703,41.805183],[-87.641275,41.805025],[-87.642458,41.804997],[-87.642996,41.804926],[-87.645432,41.80494],[-87.645538,41.808864],[-87.665882,41.808585],[-87.666329,41.808594],[-87.667395,41.808582],[-87.667305,41.804941],[-87.669735,41.804918],[-87.669692,41.803098],[-87.67273,41.80307],[-87.672683,41.80125],[-87.679639,41.801168],[-87.679605,41.798857],[-87.680015,41.798874],[-87.683603,41.798827],[-87.683478,41.793853],[-87.683078,41.79382],[-87.67552,41.793905],[-87.675462,41.79208],[-87.666969,41.792182],[-87.66682,41.786718],[-87.665607,41.786733],[-87.66543,41.779557],[-87.665485,41.779328],[-87.665436,41.777636],[-87.66417,41.777655],[-87.66407,41.774013],[-87.671351,41.773922],[-87.671671,41.786657],[-87.681108,41.786542],[-87.681096,41.786856],[-87.681151,41.788365],[-87.682744,41.788356],[-87.683739,41.788332],[-87.684049,41.788388],[-87.684511,41.78838],[-87.684475,41.787011],[-87.685069,41.787001],[-87.685057,41.786545],[-87.693595,41.786407],[-87.693581,41.785955],[-87.694189,41.785948],[-87.694016,41.779581],[-87.693408,41.779592],[-87.693206,41.771824],[-87.70172,41.771692],[-87.702024,41.782625],[-87.700805,41.782647],[-87.700911,41.786286],[-87.698471,41.786328],[-87.698577,41.789965],[-87.696136,41.790008],[-87.69624,41.793649],[-87.688931,41.793783],[-87.688962,41.795152],[-87.68528,41.795223],[-87.685303,41.795327],[-87.685448,41.800955],[-87.685467,41.801134],[-87.694,41.80099],[-87.694205,41.808281],[-87.689324,41.80836],[-87.689427,41.811993],[-87.687014,41.812031],[-87.687112,41.815657],[-87.684072,41.815704],[-87.683874,41.808417],[-87.67949,41.808459],[-87.679015,41.804825],[-87.677027,41.804848],[-87.67712,41.808503],[-87.674945,41.808508],[-87.674989,41.810322],[-87.672304,41.810357],[-87.67245,41.815807],[-87.665148,41.815871],[-87.665064,41.812223],[-87.664919,41.812209],[-87.660392,41.812262],[-87.658564,41.812361],[-87.655246,41.81237],[-87.645634,41.812493],[-87.645692,41.814817],[-87.637472,41.814956],[-87.637516,41.816323],[-87.635996,41.81635],[-87.63598,41.81478],[-87.635938,41.813946],[-87.635944,41.811722],[-87.635836,41.809046]]]}},{"type":"Feature","properties":{"ward":"16","label_lon":-87.652784,"label_lat":41.782735,"labels":{"names":[-87.652799,41.781692],"tenure":[-87.652799,41.781692],"absence":[-87.652799,41.781692]}},"geometry":{"type":"Polygon","coordinates":[[[-87.640774,41.776162],[-87.64247,41.776142],[-87.642633,41.776136],[-87.642695,41.776095],[-87.642691,41.775331],[-87.642613,41.772505],[-87.643257,41.772494],[-87.643208,41.770679],[-87.644552,41.770654],[-87.644413,41.765203],[-87.654116,41.765057],[-87.654451,41.777792],[-87.659311,41.777722],[-87.659113,41.770442],[-87.665034,41.770357],[-87.672458,41.770272],[-87.672412,41.768457],[-87.682027,41.768349],[-87.681977,41.766536],[-87.688184,41.766438],[-87.688237,41.768257],[-87.69312,41.768177],[-87.693408,41.779592],[-87.694016,41.779581],[-87.694189,41.785948],[-87.693581,41.785955],[-87.693595,41.786407],[-87.685057,41.786545],[-87.685069,41.787001],[-87.684475,41.787011],[-87.684511,41.78838],[-87.684049,41.788388],[-87.683739,41.788332],[-87.682744,41.788356],[-87.681151,41.788365],[-87.681096,41.786856],[-87.681108,41.786542],[-87.671671,41.786657],[-87.671351,41.773922],[-87.66407,41.774013],[-87.66417,41.777655],[-87.665436,41.777636],[-87.665485,41.779328],[-87.66543,41.779557],[-87.665607,41.786733],[-87.66682,41.786718],[-87.666969,41.792182],[-87.675462,41.79208],[-87.67552,41.793905],[-87.683078,41.79382],[-87.683478,41.793853],[-87.683603,41.798827],[-87.680015,41.798874],[-87.679605,41.798857],[-87.679639,41.801168],[-87.674824,41.80123],[-87.665057,41.801314],[-87.659918,41.801383],[-87.659909,41.800929],[-87.660503,41.800925],[-87.660507,41.800896],[-87.660385,41.795912],[-87.660992,41.795904],[-87.660946,41.794087],[-87.654874,41.794172],[-87.654958,41.79781],[-87.650109,41.797876],[-87.650106,41.797772],[-87.645248,41.797842],[-87.64525,41.797942],[-87.642964,41.797987],[-87.642358,41.797984],[-87.641754,41.798011],[-87.640518,41.798026],[-87.640484,41.798003],[-87.640472,41.797964],[-87.640419,41.795303],[-87.64032,41.794388],[-87.640318,41.792156],[-87.640101,41.784429],[-87.640016,41.780889],[-87.640028,41.780745],[-87.642631,41.780691],[-87.642619,41.779783],[-87.644786,41.779751],[-87.64477,41.779062],[-87.640848,41.77908],[-87.640774,41.776162]]]}},{"type":"Feature","properties":{"ward":"17","label_lon":-87.656334,"label_lat":41.756914,"labels":{"names":[-87.656331,41.756844],"tenure":[-87.656331,41.756844],"absence":[-87.656331,41.756844]}},"geometry":{"type":"Polygon","coordinates":[[[-87.654451,41.777792],[-87.654116,41.765057],[-87.644413,41.765203],[-87.644275,41.759745],[-87.639273,41.759824],[-87.639236,41.757997],[-87.639405,41.756156],[-87.637863,41.756183],[-87.636965,41.756215],[-87.628956,41.75634],[-87.628924,41.755921],[-87.628859,41.755875],[-87.628751,41.755867],[-87.628737,41.755019],[-87.628728,41.755005],[-87.628584,41.755002],[-87.628568,41.754991],[-87.628556,41.754524],[-87.627113,41.754552],[-87.627035,41.750911],[-87.626523,41.750936],[-87.625824,41.750926],[-87.625719,41.747282],[-87.628381,41.747235],[-87.631784,41.747186],[-87.631878,41.750823],[-87.634403,41.750776],[-87.642822,41.75066],[-87.642767,41.748839],[-87.643989,41.748819],[-87.643648,41.737313],[-87.644972,41.736578],[-87.644826,41.736962],[-87.647291,41.736931],[-87.647281,41.73602],[-87.656987,41.735879],[-87.657087,41.739521],[-87.6583,41.739504],[-87.658398,41.743144],[-87.672964,41.742944],[-87.673113,41.749564],[-87.673339,41.757524],[-87.676468,41.757457],[-87.678466,41.757452],[-87.678517,41.759125],[-87.678511,41.761131],[-87.678561,41.76263],[-87.678583,41.764756],[-87.683243,41.764702],[-87.683192,41.762877],[-87.692979,41.762716],[-87.693029,41.76454],[-87.700632,41.764411],[-87.702813,41.764389],[-87.70271,41.760756],[-87.702798,41.760772],[-87.707141,41.760704],[-87.707536,41.760693],[-87.707588,41.76068],[-87.707531,41.760047],[-87.707486,41.758724],[-87.70749,41.758465],[-87.707554,41.758408],[-87.707628,41.758383],[-87.71205,41.758316],[-87.7121,41.758316],[-87.712162,41.758359],[-87.712163,41.758652],[-87.712219,41.758897],[-87.712244,41.759409],[-87.712241,41.760597],[-87.712403,41.760593],[-87.71254,41.764242],[-87.712629,41.766033],[-87.712654,41.768785],[-87.712718,41.770614],[-87.712724,41.771523],[-87.693206,41.771824],[-87.69312,41.768177],[-87.688237,41.768257],[-87.688184,41.766438],[-87.681977,41.766536],[-87.682027,41.768349],[-87.672412,41.768457],[-87.672458,41.770272],[-87.665034,41.770357],[-87.659113,41.770442],[-87.659311,41.777722],[-87.654451,41.777792]]]}},{"type":"Feature","properties":{"ward":"18","label_lon":-87.707187,"label_lat":41.747826,"labels":{"names":[-87.707181,41.747458],"tenure":[-87.707181,41.747458],"absence":[-87.707181,41.747458]}},"geometry":{"type":"Polygon","coordinates":[[[-87.6583,41.739504],[-87.663157,41.739432],[-87.663065,41.73579],[-87.661849,41.735808],[-87.661742,41.732091],[-87.662257,41.732079],[-87.662955,41.732008],[-87.662958,41.732101],[-87.664144,41.731823],[-87.66475,41.731562],[-87.665359,41.731208],[-87.665387,41.732086],[-87.666601,41.73207],[-87.66654,41.730223],[-87.666735,41.730221],[-87.670895,41.735173],[-87.670918,41.73522],[-87.670945,41.735686],[-87.672623,41.735651],[-87.673807,41.735654],[-87.674781,41.735631],[-87.682993,41.735521],[-87.700485,41.73522],[-87.701244,41.73521],[-87.701471,41.73522],[-87.702151,41.735187],[-87.702798,41.735175],[-87.709157,41.735084],[-87.713991,41.734987],[-87.725956,41.73478],[-87.72716,41.734734],[-87.738258,41.734549],[-87.738607,41.734566],[-87.739527,41.73456],[-87.741067,41.734524],[-87.740936,41.735807],[-87.740933,41.736865],[-87.741304,41.747646],[-87.741307,41.748369],[-87.74132,41.74872],[-87.741392,41.749524],[-87.741413,41.750668],[-87.741466,41.751781],[-87.741467,41.752278],[-87.741497,41.752671],[-87.741497,41.753445],[-87.741532,41.754674],[-87.74169,41.758937],[-87.741779,41.760463],[-87.741785,41.761284],[-87.741855,41.762589],[-87.741896,41.764105],[-87.73634,41.764162],[-87.7333,41.764064],[-87.732176,41.764085],[-87.731841,41.764117],[-87.730322,41.764097],[-87.727698,41.764129],[-87.724352,41.764132],[-87.723406,41.764217],[-87.722355,41.7641],[-87.722221,41.760415],[-87.722175,41.757223],[-87.722191,41.756838],[-87.718462,41.756893],[-87.716302,41.756869],[-87.712323,41.756907],[-87.712403,41.760593],[-87.712241,41.760597],[-87.712248,41.75957],[-87.712225,41.758995],[-87.712163,41.758652],[-87.712169,41.758387],[-87.712131,41.75833],[-87.71205,41.758316],[-87.710094,41.758343],[-87.707628,41.758383],[-87.707574,41.758398],[-87.70749,41.758465],[-87.707484,41.758569],[-87.707531,41.760047],[-87.707588,41.76068],[-87.707536,41.760693],[-87.707141,41.760704],[-87.702798,41.760772],[-87.70271,41.760756],[-87.702813,41.764389],[-87.700632,41.764411],[-87.693029,41.76454],[-87.692979,41.762716],[-87.683192,41.762877],[-87.683243,41.764702],[-87.678583,41.764756],[-87.678561,41.76263],[-87.678511,41.761131],[-87.678517,41.759125],[-87.678466,41.757452],[-87.676468,41.757457],[-87.673339,41.757524],[-87.673113,41.749564],[-87.672964,41.742944],[-87.658398,41.743144],[-87.6583,41.739504]]]}},{"type":"Feature","properties":{"ward":"19","label_lon":-87.678765,"label_lat":41.706485,"labels":{"names":[-87.685574,41.70644],"tenure":[-87.685574,41.70644],"absence":[-87.685574,41.70644]}},"geometry":{"type":"Polygon","coordinates":[[[-87.666735,41.730221],[-87.6681,41.73021],[-87.668216,41.730177],[-87.667436,41.728451],[-87.667149,41.72813],[-87.666506,41.726974],[-87.665717,41.725613],[-87.664409,41.722973],[-87.663452,41.721202],[-87.663029,41.718387],[-87.661234,41.71601],[-87.659766,41.714004],[-87.659642,41.714006],[-87.659045,41.712866],[-87.656073,41.707001],[-87.656019,41.706785],[-87.65726,41.703474],[-87.659322,41.697844],[-87.66318,41.692347],[-87.664072,41.691049],[-87.664782,41.689873],[-87.671257,41.678492],[-87.671772,41.677568],[-87.671878,41.677342],[-87.678499,41.677229],[-87.679555,41.677228],[-87.680383,41.677244],[-87.681688,41.677301],[-87.686205,41.677208],[-87.685782,41.678203],[-87.685652,41.678671],[-87.68558,41.679146],[-87.685566,41.679624],[-87.685722,41.684476],[-87.695625,41.684333],[-87.695765,41.688076],[-87.696054,41.688077],[-87.696148,41.688033],[-87.696606,41.687984],[-87.697986,41.687945],[-87.699473,41.687933],[-87.699398,41.686147],[-87.700624,41.686136],[-87.700553,41.684263],[-87.705417,41.684187],[-87.705299,41.681268],[-87.705287,41.680549],[-87.707713,41.680511],[-87.707718,41.680601],[-87.711361,41.680545],[-87.711393,41.681269],[-87.71158,41.681267],[-87.711597,41.681833],[-87.711414,41.681836],[-87.711507,41.684093],[-87.721828,41.683937],[-87.721832,41.684031],[-87.724893,41.683978],[-87.724894,41.683997],[-87.739274,41.683747],[-87.739487,41.689135],[-87.739664,41.689131],[-87.739735,41.690777],[-87.725171,41.691041],[-87.725177,41.691178],[-87.720316,41.691266],[-87.720373,41.692215],[-87.720537,41.696496],[-87.72063,41.69835],[-87.720764,41.70245],[-87.720885,41.705008],[-87.721072,41.71069],[-87.721125,41.71317],[-87.712578,41.713297],[-87.712525,41.711474],[-87.711298,41.711491],[-87.711123,41.706074],[-87.707918,41.706101],[-87.70261,41.706178],[-87.701325,41.706178],[-87.701376,41.707052],[-87.701202,41.707084],[-87.691519,41.707203],[-87.691729,41.713566],[-87.682724,41.713667],[-87.681842,41.713662],[-87.682514,41.735527],[-87.673807,41.735654],[-87.672623,41.735651],[-87.670945,41.735686],[-87.670918,41.73522],[-87.670895,41.735173],[-87.666735,41.730221]],[[-87.695895,41.691625],[-87.692087,41.691672],[-87.692105,41.692201],[-87.691768,41.692206],[-87.691708,41.692274],[-87.690968,41.692284],[-87.6912,41.698986],[-87.696152,41.69896],[-87.696066,41.69531],[-87.695953,41.692537],[-87.695895,41.691625]]]}},{"type":"Feature","properties":{"ward":"20","label_lon":-87.633612,"label_lat":41.795383,"labels":{"names":[-87.623365,41.792787],"tenure":[-87.623365,41.792787],"absence":[-87.623365,41.792787]}},"geometry":{"type":"Polygon","coordinates":[[[-87.620823,41.79383],[-87.615958,41.793922],[-87.616133,41.800902],[-87.616143,41.80191],[-87.616111,41.802103],[-87.616261,41.802687],[-87.616365,41.80298],[-87.616411,41.803194],[-87.616451,41.803923],[-87.615507,41.803937],[-87.615555,41.805756],[-87.612587,41.805803],[-87.612546,41.803983],[-87.606596,41.804075],[-87.605937,41.804097],[-87.605482,41.804084],[-87.604256,41.804094],[-87.604202,41.802281],[-87.602885,41.802298],[-87.602733,41.795325],[-87.603683,41.795318],[-87.603798,41.7954],[-87.603827,41.795459],[-87.603752,41.794989],[-87.606215,41.794965],[-87.606037,41.785874],[-87.604431,41.785893],[-87.604417,41.785253],[-87.602796,41.785269],[-87.602769,41.784094],[-87.596288,41.784167],[-87.596332,41.786014],[-87.595636,41.786056],[-87.594711,41.786066],[-87.594682,41.78456],[-87.594656,41.784183],[-87.591436,41.784206],[-87.591407,41.783277],[-87.590506,41.783287],[-87.590403,41.783298],[-87.59029,41.783353],[-87.590169,41.783293],[-87.590126,41.783239],[-87.589941,41.783208],[-87.590377,41.781483],[-87.590988,41.778755],[-87.591456,41.778755],[-87.591449,41.77802],[-87.592115,41.775097],[-87.591814,41.775105],[-87.592056,41.7741],[-87.592221,41.773274],[-87.605391,41.773146],[-87.617943,41.772925],[-87.619151,41.773866],[-87.619409,41.774049],[-87.619738,41.774251],[-87.620003,41.774403],[-87.620497,41.774626],[-87.620714,41.774701],[-87.621174,41.774823],[-87.621884,41.774936],[-87.622439,41.774969],[-87.624532,41.774941],[-87.625519,41.774909],[-87.626028,41.774921],[-87.626249,41.77494],[-87.626711,41.775012],[-87.627311,41.775157],[-87.627601,41.775259],[-87.628108,41.775484],[-87.628619,41.775805],[-87.629597,41.776639],[-87.629888,41.776865],[-87.630053,41.777031],[-87.63007,41.776596],[-87.630154,41.776688],[-87.630299,41.776973],[-87.631149,41.778109],[-87.631418,41.778131],[-87.639642,41.778008],[-87.639594,41.776176],[-87.640774,41.776162],[-87.640848,41.77908],[-87.64477,41.779062],[-87.644786,41.779751],[-87.642619,41.779783],[-87.642631,41.780691],[-87.640028,41.780745],[-87.640016,41.780889],[-87.640101,41.784429],[-87.640318,41.792156],[-87.64032,41.794388],[-87.640419,41.795303],[-87.640472,41.797964],[-87.640493,41.798014],[-87.640518,41.798026],[-87.640627,41.798029],[-87.641754,41.798011],[-87.642358,41.797984],[-87.642964,41.797987],[-87.64525,41.797942],[-87.645248,41.797842],[-87.650106,41.797772],[-87.650109,41.797876],[-87.654958,41.79781],[-87.654874,41.794172],[-87.660946,41.794087],[-87.660992,41.795904],[-87.660385,41.795912],[-87.660507,41.800896],[-87.660503,41.800925],[-87.659909,41.800929],[-87.659918,41.801383],[-87.665057,41.801314],[-87.672683,41.80125],[-87.67273,41.80307],[-87.669692,41.803098],[-87.669735,41.804918],[-87.667305,41.804941],[-87.667395,41.808582],[-87.666329,41.808594],[-87.665882,41.808585],[-87.645538,41.808864],[-87.645432,41.80494],[-87.642996,41.804926],[-87.642458,41.804997],[-87.641275,41.805025],[-87.640703,41.805183],[-87.640488,41.805294],[-87.640647,41.805374],[-87.640612,41.805383],[-87.640594,41.805414],[-87.640588,41.805513],[-87.640679,41.808952],[-87.634754,41.809068],[-87.634771,41.809448],[-87.633383,41.809476],[-87.633392,41.80985],[-87.632248,41.809872],[-87.631977,41.810316],[-87.632013,41.811762],[-87.633442,41.811739],[-87.633462,41.812516],[-87.634606,41.812498],[-87.634718,41.816365],[-87.635205,41.816358],[-87.635232,41.817264],[-87.635374,41.817459],[-87.635379,41.817711],[-87.63359,41.817737],[-87.633563,41.816384],[-87.629126,41.81645],[-87.628916,41.809185],[-87.628964,41.805975],[-87.628939,41.805018],[-87.628856,41.803816],[-87.628831,41.801892],[-87.627984,41.801912],[-87.627837,41.796469],[-87.627275,41.796477],[-87.626873,41.7964],[-87.626832,41.796356],[-87.626784,41.794632],[-87.62537,41.79464],[-87.620846,41.794723],[-87.620823,41.79383]]]}},{"type":"Feature","properties":{"ward":"21","label_lon":-87.648449,"label_lat":41.710013,"labels":{"names":[-87.647687,41.707202],"tenure":[-87.647687,41.707202],"absence":[-87.647687,41.707202]}},"geometry":{"type":"Polygon","coordinates":[[[-87.624047,41.730138],[-87.6244,41.730112],[-87.630256,41.730058],[-87.633669,41.729994],[-87.638586,41.729962],[-87.638556,41.728833],[-87.63977,41.728816],[-87.639402,41.715189],[-87.637913,41.715173],[-87.63699,41.715185],[-87.636971,41.714274],[-87.639385,41.714249],[-87.639191,41.706965],[-87.628296,41.707101],[-87.628269,41.707041],[-87.628016,41.697083],[-87.630428,41.697054],[-87.63028,41.691103],[-87.629867,41.677947],[-87.632273,41.67792],[-87.632056,41.670636],[-87.64192,41.670536],[-87.658287,41.670288],[-87.658652,41.670285],[-87.658795,41.670335],[-87.659364,41.670318],[-87.66115,41.670335],[-87.661384,41.677308],[-87.661365,41.677544],[-87.66677,41.677438],[-87.667316,41.675963],[-87.668404,41.676188],[-87.667952,41.677417],[-87.671878,41.677342],[-87.671772,41.677568],[-87.671257,41.678492],[-87.664782,41.689873],[-87.664072,41.691049],[-87.66318,41.692347],[-87.659322,41.697844],[-87.65726,41.703474],[-87.656019,41.706785],[-87.656073,41.707001],[-87.659045,41.712866],[-87.659642,41.714006],[-87.659766,41.714004],[-87.661234,41.71601],[-87.663029,41.718387],[-87.663452,41.721202],[-87.664409,41.722973],[-87.665717,41.725613],[-87.666506,41.726974],[-87.667149,41.72813],[-87.667436,41.728451],[-87.668216,41.730177],[-87.6681,41.73021],[-87.66654,41.730223],[-87.666601,41.73207],[-87.665387,41.732086],[-87.665359,41.731208],[-87.66475,41.731562],[-87.664144,41.731823],[-87.662958,41.732101],[-87.662955,41.732008],[-87.662257,41.732079],[-87.661742,41.732091],[-87.661849,41.735808],[-87.663065,41.73579],[-87.663157,41.739432],[-87.657087,41.739521],[-87.656987,41.735879],[-87.647281,41.73602],[-87.647291,41.736931],[-87.644826,41.736962],[-87.644972,41.736578],[-87.643648,41.737313],[-87.643831,41.743358],[-87.642016,41.743385],[-87.641296,41.743431],[-87.640812,41.743436],[-87.640452,41.743408],[-87.636491,41.743502],[-87.636081,41.743978],[-87.635946,41.744162],[-87.63464,41.743652],[-87.634366,41.743553],[-87.634167,41.743501],[-87.629112,41.743582],[-87.629092,41.741863],[-87.629083,41.741793],[-87.629045,41.74176],[-87.62898,41.74175],[-87.626412,41.741812],[-87.625582,41.741817],[-87.625349,41.741802],[-87.625143,41.741742],[-87.624284,41.74183],[-87.624194,41.738499],[-87.624181,41.73721],[-87.624108,41.73409],[-87.624059,41.733666],[-87.624007,41.731667],[-87.624057,41.730701],[-87.624047,41.730138]]]}},{"type":"Feature","properties":{"ward":"22","label_lon":-87.728206,"label_lat":41.82706,"labels":{"names":[-87.730294,41.829515],"tenure":[-87.730294,41.829515],"absence":[-87.730294,41.829515]}},"geometry":{"type":"Polygon","coordinates":[[[-87.707614,41.849945],[-87.707586,41.84811],[-87.710019,41.848077],[-87.709862,41.842623],[-87.704984,41.842697],[-87.704659,41.831253],[-87.704856,41.831172],[-87.70501,41.831051],[-87.705708,41.830826],[-87.706449,41.830617],[-87.710024,41.829431],[-87.711316,41.829101],[-87.711815,41.82892],[-87.714127,41.828167],[-87.714354,41.828139],[-87.714626,41.82798],[-87.714934,41.827832],[-87.717151,41.827205],[-87.717555,41.827106],[-87.718075,41.826903],[-87.719609,41.826392],[-87.723807,41.825095],[-87.723859,41.8251],[-87.723918,41.825265],[-87.72416,41.825292],[-87.724248,41.825045],[-87.724285,41.824996],[-87.724387,41.824946],[-87.728262,41.823633],[-87.728937,41.823512],[-87.734881,41.821577],[-87.738147,41.820571],[-87.738582,41.82054],[-87.738536,41.819658],[-87.738533,41.818034],[-87.738452,41.813105],[-87.738314,41.811334],[-87.738207,41.807685],[-87.739489,41.80767],[-87.73939,41.80402],[-87.743061,41.803971],[-87.743003,41.802149],[-87.752786,41.802015],[-87.753077,41.813311],[-87.744655,41.815963],[-87.744763,41.821984],[-87.744663,41.822025],[-87.744587,41.822035],[-87.738486,41.82212],[-87.738812,41.836726],[-87.738933,41.836724],[-87.738988,41.838549],[-87.739109,41.838548],[-87.739449,41.8496],[-87.739469,41.8496],[-87.739505,41.851349],[-87.738374,41.851366],[-87.738074,41.851449],[-87.737588,41.85148],[-87.735035,41.851522],[-87.734505,41.851517],[-87.731247,41.851577],[-87.729155,41.851588],[-87.728251,41.851617],[-87.724526,41.851653],[-87.7235,41.85168],[-87.723496,41.851566],[-87.712562,41.85169],[-87.712422,41.851707],[-87.711143,41.851991],[-87.711133,41.8519],[-87.71089,41.851645],[-87.710636,41.851691],[-87.710389,41.851705],[-87.707689,41.851736],[-87.707642,41.85005],[-87.707639,41.849982],[-87.707614,41.849945]]]}},{"type":"Feature","properties":{"ward":"23","label_lon":-87.71777,"label_lat":41.779303,"labels":{"names":[-87.717774,41.779487],"tenure":[-87.717774,41.779487],"absence":[-87.717774,41.779487]}},"geometry":{"type":"Polygon","coordinates":[[[-87.710238,41.771558],[-87.712724,41.771523],[-87.712718,41.770614],[-87.712654,41.768785],[-87.712629,41.766033],[-87.71254,41.764242],[-87.712403,41.760593],[-87.712323,41.756907],[-87.716302,41.756869],[-87.718462,41.756893],[-87.722191,41.756838],[-87.722175,41.757223],[-87.722221,41.760415],[-87.722355,41.7641],[-87.723406,41.764217],[-87.724352,41.764132],[-87.727698,41.764129],[-87.730322,41.764097],[-87.731841,41.764117],[-87.732176,41.764085],[-87.7333,41.764064],[-87.73634,41.764162],[-87.741896,41.764105],[-87.741896,41.764119],[-87.742055,41.771129],[-87.736685,41.77121],[-87.722576,41.771374],[-87.722863,41.782296],[-87.725305,41.782267],[-87.725405,41.785645],[-87.725407,41.785912],[-87.722961,41.785937],[-87.723159,41.793205],[-87.739211,41.793068],[-87.742662,41.793016],[-87.743618,41.79302],[-87.761903,41.792743],[-87.779561,41.79239],[-87.779629,41.792362],[-87.779724,41.792348],[-87.780498,41.792332],[-87.781522,41.792322],[-87.781651,41.792357],[-87.78396,41.7923],[-87.796672,41.792059],[-87.800473,41.791951],[-87.801528,41.791939],[-87.801615,41.794814],[-87.801606,41.79576],[-87.801626,41.797995],[-87.797042,41.799448],[-87.790524,41.79954],[-87.787939,41.799607],[-87.785875,41.799637],[-87.783109,41.799675],[-87.781787,41.79967],[-87.774845,41.799808],[-87.772077,41.79989],[-87.764281,41.800046],[-87.762873,41.800063],[-87.762226,41.800053],[-87.752736,41.800187],[-87.752786,41.802015],[-87.743003,41.802149],[-87.742959,41.800328],[-87.733231,41.800436],[-87.733111,41.800477],[-87.732423,41.800485],[-87.731948,41.800472],[-87.731942,41.800386],[-87.730724,41.800571],[-87.73072,41.800429],[-87.729552,41.800446],[-87.729432,41.800477],[-87.722096,41.800569],[-87.722085,41.800153],[-87.720816,41.800169],[-87.716005,41.800239],[-87.716006,41.800654],[-87.713614,41.800688],[-87.713527,41.798811],[-87.713467,41.795205],[-87.713399,41.793362],[-87.713315,41.789746],[-87.713236,41.788822],[-87.713199,41.787912],[-87.713134,41.786996],[-87.71312,41.786093],[-87.712897,41.786097],[-87.712937,41.785609],[-87.712766,41.779537],[-87.712745,41.779014],[-87.712703,41.778618],[-87.71264,41.77517],[-87.710323,41.775207],[-87.710238,41.771558]]]}},{"type":"Feature","properties":{"ward":"24","label_lon":-87.717672,"label_lat":41.857044,"labels":{"names":[-87.719706,41.858091],"tenure":[-87.719706,41.858091],"absence":[-87.719706,41.858091]}},"geometry":{"type":"Polygon","coordinates":[[[-87.690696,41.856354],[-87.69313,41.855782],[-87.69313,41.856444],[-87.693169,41.857428],[-87.695648,41.857388],[-87.695569,41.855552],[-87.699213,41.855505],[-87.699089,41.851853],[-87.695446,41.851902],[-87.695345,41.848264],[-87.692893,41.848297],[-87.692791,41.844722],[-87.691797,41.844737],[-87.69177,41.843575],[-87.691828,41.843441],[-87.691892,41.843383],[-87.692583,41.843119],[-87.692641,41.843083],[-87.692734,41.842975],[-87.69275,41.84291],[-87.692791,41.841718],[-87.692867,41.841565],[-87.692946,41.841486],[-87.693145,41.841387],[-87.69438,41.841231],[-87.694331,41.841033],[-87.694267,41.840582],[-87.694198,41.838217],[-87.694174,41.83816],[-87.694124,41.838117],[-87.69503,41.837412],[-87.699925,41.837324],[-87.700302,41.850016],[-87.707561,41.849924],[-87.707614,41.849945],[-87.707639,41.849982],[-87.707689,41.851736],[-87.710389,41.851705],[-87.710636,41.851691],[-87.71089,41.851645],[-87.711133,41.8519],[-87.711143,41.851991],[-87.712422,41.851707],[-87.712562,41.85169],[-87.723496,41.851566],[-87.7235,41.85168],[-87.724526,41.851653],[-87.728251,41.851617],[-87.729155,41.851588],[-87.731247,41.851577],[-87.734505,41.851517],[-87.735035,41.851522],[-87.737588,41.85148],[-87.738074,41.851449],[-87.738374,41.851366],[-87.739505,41.851349],[-87.739774,41.858744],[-87.739982,41.865959],[-87.754533,41.865752],[-87.754557,41.866072],[-87.75457,41.866891],[-87.754726,41.871044],[-87.749594,41.871113],[-87.746782,41.871124],[-87.746354,41.871155],[-87.744926,41.871184],[-87.744934,41.872203],[-87.744993,41.872958],[-87.745067,41.875],[-87.744979,41.875023],[-87.742634,41.875052],[-87.742665,41.875956],[-87.740224,41.875985],[-87.740078,41.871899],[-87.739721,41.871931],[-87.739044,41.872044],[-87.738501,41.872178],[-87.738171,41.872276],[-87.73785,41.872389],[-87.737368,41.872584],[-87.736119,41.873179],[-87.735826,41.873306],[-87.735504,41.873428],[-87.73487,41.873636],[-87.734287,41.873779],[-87.733734,41.873878],[-87.733425,41.873921],[-87.732733,41.873984],[-87.731696,41.874022],[-87.730476,41.874015],[-87.725049,41.874093],[-87.724332,41.874093],[-87.722895,41.87413],[-87.721921,41.874122],[-87.709348,41.874279],[-87.708874,41.874293],[-87.708106,41.874341],[-87.70691,41.874483],[-87.705942,41.874625],[-87.705917,41.873688],[-87.703466,41.873715],[-87.703237,41.86655],[-87.703199,41.86643],[-87.695907,41.866511],[-87.695692,41.859221],[-87.690764,41.859284],[-87.690714,41.857904],[-87.690753,41.856432],[-87.690696,41.856354]]]}},{"type":"Feature","properties":{"ward":"25","label_lon":-87.675507,"label_lat":41.847739,"labels":{"names":[-87.675426,41.847735],"tenure":[-87.675426,41.847735],"absence":[-87.675426,41.847735]}},"geometry":{"type":"Polygon","coordinates":[[[-87.639094,41.862468],[-87.638878,41.855984],[-87.638842,41.855698],[-87.638858,41.855557],[-87.638707,41.854744],[-87.639044,41.854568],[-87.639394,41.854285],[-87.639648,41.85395],[-87.639872,41.853587],[-87.640342,41.852986],[-87.641148,41.851793],[-87.642182,41.850455],[-87.64264,41.850024],[-87.643316,41.849693],[-87.643973,41.849508],[-87.644889,41.849418],[-87.64585,41.849384],[-87.6468,41.849212],[-87.647593,41.848944],[-87.648644,41.848615],[-87.649637,41.848396],[-87.651003,41.848306],[-87.651578,41.848176],[-87.652583,41.848005],[-87.653053,41.847947],[-87.653409,41.847961],[-87.656301,41.848354],[-87.656673,41.84832],[-87.657046,41.848213],[-87.657354,41.848091],[-87.657595,41.847966],[-87.658901,41.84717],[-87.660418,41.846041],[-87.661638,41.845346],[-87.662524,41.84491],[-87.663451,41.844503],[-87.663778,41.844292],[-87.663888,41.844096],[-87.663919,41.844001],[-87.664907,41.844708],[-87.665123,41.844818],[-87.665364,41.844898],[-87.665598,41.844929],[-87.666734,41.844942],[-87.667049,41.844926],[-87.667218,41.844903],[-87.667503,41.844822],[-87.669931,41.843983],[-87.672305,41.84306],[-87.672863,41.842834],[-87.674318,41.84201],[-87.674877,41.841743],[-87.675407,41.841621],[-87.67549,41.84159],[-87.675537,41.841889],[-87.676589,41.841856],[-87.678034,41.84253],[-87.678057,41.844556],[-87.678101,41.846041],[-87.678151,41.846826],[-87.678172,41.847609],[-87.685394,41.84485],[-87.685601,41.844821],[-87.687615,41.844794],[-87.687512,41.844325],[-87.687442,41.84364],[-87.687588,41.840259],[-87.687617,41.83761],[-87.687899,41.837554],[-87.68795,41.837449],[-87.688119,41.837312],[-87.688471,41.837191],[-87.694964,41.835086],[-87.694947,41.834382],[-87.695115,41.83433],[-87.695159,41.834259],[-87.699813,41.832803],[-87.700004,41.832804],[-87.700261,41.832661],[-87.704659,41.831253],[-87.704984,41.842697],[-87.709862,41.842623],[-87.710019,41.848077],[-87.707586,41.84811],[-87.707614,41.849945],[-87.70752,41.849921],[-87.700302,41.850016],[-87.699925,41.837324],[-87.69503,41.837412],[-87.694124,41.838117],[-87.694174,41.83816],[-87.694198,41.838217],[-87.694267,41.840582],[-87.694331,41.841033],[-87.69438,41.841231],[-87.693145,41.841387],[-87.692985,41.84146],[-87.692867,41.841565],[-87.692791,41.841718],[-87.692783,41.841793],[-87.69275,41.84291],[-87.692734,41.842975],[-87.692641,41.843083],[-87.692583,41.843119],[-87.691892,41.843383],[-87.691828,41.843441],[-87.691781,41.843535],[-87.69177,41.843661],[-87.691797,41.844737],[-87.692791,41.844722],[-87.692893,41.848297],[-87.695345,41.848264],[-87.695446,41.851902],[-87.699089,41.851853],[-87.699213,41.855505],[-87.695569,41.855552],[-87.695648,41.857388],[-87.693169,41.857428],[-87.69313,41.856444],[-87.69313,41.855782],[-87.690696,41.856354],[-87.688171,41.856915],[-87.688112,41.855162],[-87.688027,41.853856],[-87.690599,41.853821],[-87.690492,41.850145],[-87.685588,41.850214],[-87.685771,41.857116],[-87.685789,41.857238],[-87.681017,41.858282],[-87.680334,41.858419],[-87.678445,41.858708],[-87.678491,41.858942],[-87.676042,41.859286],[-87.673599,41.859517],[-87.671343,41.859534],[-87.669812,41.859566],[-87.665923,41.859611],[-87.659571,41.859717],[-87.657204,41.862501],[-87.656554,41.862513],[-87.656438,41.862469],[-87.651643,41.862544],[-87.650893,41.862281],[-87.647792,41.862332],[-87.647819,41.86266],[-87.647786,41.862967],[-87.647857,41.863227],[-87.647864,41.863881],[-87.646823,41.863866],[-87.646833,41.864173],[-87.645021,41.864196],[-87.64501,41.863716],[-87.644965,41.863481],[-87.644934,41.862371],[-87.644167,41.862382],[-87.643915,41.862408],[-87.643709,41.862511],[-87.643471,41.862562],[-87.643272,41.862569],[-87.643067,41.862569],[-87.642867,41.862543],[-87.642533,41.862479],[-87.642334,41.862411],[-87.639094,41.862468]]]}},{"type":"Feature","properties":{"ward":"26","label_lon":-87.713504,"label_lat":41.910403,"labels":{"names":[-87.7135,41.910315],"tenure":[-87.7135,41.910315],"absence":[-87.7135,41.910315]}},"geometry":{"type":"Polygon","coordinates":[[[-87.736495,41.922535],[-87.736328,41.917045],[-87.729,41.917135],[-87.729054,41.918966],[-87.70878,41.919207],[-87.707034,41.919225],[-87.706967,41.917402],[-87.697716,41.917485],[-87.697613,41.914003],[-87.697097,41.914004],[-87.697094,41.913907],[-87.692203,41.91395],[-87.692105,41.910446],[-87.692115,41.910124],[-87.692039,41.906621],[-87.687123,41.906667],[-87.687006,41.902087],[-87.687791,41.90208],[-87.687805,41.902516],[-87.696868,41.902431],[-87.696815,41.900199],[-87.694349,41.900219],[-87.694327,41.899303],[-87.696791,41.899283],[-87.696763,41.898073],[-87.700435,41.898036],[-87.700395,41.896337],[-87.701029,41.896617],[-87.701044,41.898032],[-87.701929,41.898022],[-87.701951,41.899238],[-87.708813,41.899171],[-87.711384,41.900196],[-87.711884,41.900053],[-87.71269,41.900691],[-87.712799,41.900752],[-87.716545,41.902241],[-87.716623,41.904562],[-87.719659,41.904533],[-87.719723,41.906341],[-87.725195,41.90629],[-87.725192,41.906213],[-87.725305,41.906227],[-87.725803,41.906414],[-87.725833,41.90808],[-87.728912,41.908041],[-87.728932,41.908653],[-87.73016,41.908634],[-87.730181,41.909334],[-87.731405,41.909317],[-87.731421,41.909817],[-87.733655,41.909789],[-87.73367,41.910294],[-87.73489,41.910277],[-87.734932,41.911596],[-87.736162,41.91158],[-87.736224,41.913522],[-87.737683,41.91355],[-87.738192,41.913574],[-87.739629,41.913707],[-87.741301,41.913906],[-87.741335,41.915142],[-87.741422,41.916985],[-87.746111,41.916933],[-87.746083,41.916474],[-87.749431,41.916441],[-87.749451,41.916889],[-87.753375,41.916844],[-87.753404,41.916893],[-87.753428,41.917297],[-87.753431,41.918045],[-87.753534,41.918663],[-87.755731,41.918635],[-87.756192,41.918665],[-87.757216,41.918651],[-87.757321,41.922266],[-87.751306,41.922347],[-87.750917,41.92237],[-87.74178,41.922466],[-87.741836,41.9243],[-87.741719,41.924302],[-87.741631,41.924303],[-87.741578,41.922532],[-87.740257,41.922531],[-87.738943,41.922507],[-87.736495,41.922535]]]}},{"type":"Feature","properties":{"ward":"27","label_lon":-87.684298,"label_lat":41.889495,"labels":{"names":[-87.68429,41.889197],"tenure":[-87.68429,41.889197],"absence":[-87.68429,41.889197]}},"geometry":{"type":"Polygon","coordinates":[[[-87.634203,41.896596],[-87.63521,41.896581],[-87.635438,41.896591],[-87.635923,41.896569],[-87.644222,41.896455],[-87.644117,41.894274],[-87.644075,41.894139],[-87.643977,41.894022],[-87.643777,41.893883],[-87.643553,41.893537],[-87.643215,41.893376],[-87.642943,41.893215],[-87.642716,41.893036],[-87.64245,41.892869],[-87.642131,41.892595],[-87.641927,41.892373],[-87.641574,41.892049],[-87.641267,41.891628],[-87.641178,41.891413],[-87.641778,41.891366],[-87.642702,41.891269],[-87.643123,41.891253],[-87.642863,41.890933],[-87.642812,41.890767],[-87.642812,41.890701],[-87.642952,41.890245],[-87.642913,41.890152],[-87.642874,41.889049],[-87.645349,41.889021],[-87.645788,41.889074],[-87.648265,41.889042],[-87.647553,41.888198],[-87.647506,41.886797],[-87.646446,41.886801],[-87.646441,41.886578],[-87.646211,41.885818],[-87.646154,41.885427],[-87.646078,41.884162],[-87.646046,41.883156],[-87.648567,41.883125],[-87.648531,41.881762],[-87.649697,41.881738],[-87.649736,41.883105],[-87.654398,41.883023],[-87.65441,41.883427],[-87.655579,41.883408],[-87.655567,41.883002],[-87.656702,41.882983],[-87.656724,41.882725],[-87.65671,41.882303],[-87.658776,41.882268],[-87.658757,41.881588],[-87.659617,41.881574],[-87.65956,41.881475],[-87.659531,41.88029],[-87.6571,41.88033],[-87.657057,41.879057],[-87.654613,41.879098],[-87.65457,41.877832],[-87.659451,41.87775],[-87.659416,41.876479],[-87.664288,41.876396],[-87.664418,41.881488],[-87.666084,41.881462],[-87.666711,41.880904],[-87.667612,41.880154],[-87.669228,41.878856],[-87.66915,41.876317],[-87.666665,41.876351],[-87.666384,41.866861],[-87.668903,41.866859],[-87.68359,41.866647],[-87.683347,41.866974],[-87.683195,41.867104],[-87.67405,41.874744],[-87.674067,41.875058],[-87.676487,41.875021],[-87.676456,41.874043],[-87.681345,41.873965],[-87.681371,41.874939],[-87.686258,41.874995],[-87.686246,41.875543],[-87.686269,41.876084],[-87.691371,41.876035],[-87.691433,41.878397],[-87.693785,41.87837],[-87.693814,41.878221],[-87.693799,41.8776],[-87.693758,41.877298],[-87.693714,41.876008],[-87.695455,41.875978],[-87.696153,41.875981],[-87.696101,41.873794],[-87.701013,41.873747],[-87.701037,41.875141],[-87.701089,41.876095],[-87.701077,41.876336],[-87.701208,41.881026],[-87.703661,41.881001],[-87.703686,41.881917],[-87.705862,41.881895],[-87.706148,41.881882],[-87.706398,41.890307],[-87.711279,41.890255],[-87.711219,41.888113],[-87.7161,41.888055],[-87.720982,41.888018],[-87.721035,41.889904],[-87.722259,41.889899],[-87.722406,41.895262],[-87.72266,41.903158],[-87.721446,41.903174],[-87.721431,41.902713],[-87.720215,41.902723],[-87.720199,41.902249],[-87.718981,41.902262],[-87.718937,41.90091],[-87.715278,41.90094],[-87.715214,41.899118],[-87.71021,41.899156],[-87.708942,41.898294],[-87.707736,41.897533],[-87.706601,41.896857],[-87.706646,41.898311],[-87.687389,41.890629],[-87.68604,41.890671],[-87.684539,41.890697],[-87.667795,41.890974],[-87.665516,41.890999],[-87.665483,41.889905],[-87.663645,41.88994],[-87.662233,41.889943],[-87.662211,41.889005],[-87.662143,41.888946],[-87.661941,41.888887],[-87.660845,41.888904],[-87.660676,41.888861],[-87.660835,41.889057],[-87.660878,41.88995],[-87.659932,41.889961],[-87.659891,41.890031],[-87.658292,41.891943],[-87.65743,41.89292],[-87.657444,41.893498],[-87.665578,41.893369],[-87.665658,41.896098],[-87.664905,41.896111],[-87.66495,41.89769],[-87.664947,41.897865],[-87.664897,41.897991],[-87.664909,41.898393],[-87.662466,41.898436],[-87.66253,41.900823],[-87.666485,41.903358],[-87.664288,41.90338],[-87.661292,41.903439],[-87.661151,41.904685],[-87.661136,41.904969],[-87.661206,41.905624],[-87.661291,41.905995],[-87.661402,41.906282],[-87.66154,41.906564],[-87.66178,41.906955],[-87.662083,41.907338],[-87.66245,41.90772],[-87.664003,41.909119],[-87.664283,41.909408],[-87.664752,41.909992],[-87.665192,41.910665],[-87.661333,41.910719],[-87.659865,41.910755],[-87.655821,41.910794],[-87.651106,41.910874],[-87.651039,41.908534],[-87.648211,41.908577],[-87.648251,41.910003],[-87.64775,41.909644],[-87.647255,41.910028],[-87.647022,41.910142],[-87.6469,41.910136],[-87.646153,41.910232],[-87.64625,41.91095],[-87.647076,41.910937],[-87.647072,41.911404],[-87.645863,41.911422],[-87.645845,41.910956],[-87.645356,41.910963],[-87.645347,41.910738],[-87.645453,41.910232],[-87.644253,41.910232],[-87.64408,41.910427],[-87.643413,41.910427],[-87.643378,41.909177],[-87.642167,41.909193],[-87.642061,41.90576],[-87.642114,41.905596],[-87.641108,41.904873],[-87.640857,41.905063],[-87.640837,41.905128],[-87.640956,41.90921],[-87.638534,41.909242],[-87.638594,41.911172],[-87.638039,41.911179],[-87.638055,41.911723],[-87.636684,41.91175],[-87.636662,41.911142],[-87.637624,41.911129],[-87.637602,41.910342],[-87.637491,41.910269],[-87.637424,41.910192],[-87.637309,41.909946],[-87.637278,41.90981],[-87.63718,41.908057],[-87.637185,41.907622],[-87.638484,41.907601],[-87.638421,41.905662],[-87.63712,41.905686],[-87.637097,41.904905],[-87.637016,41.903811],[-87.631445,41.903901],[-87.631424,41.903135],[-87.632983,41.903112],[-87.63293,41.901334],[-87.634382,41.901325],[-87.634262,41.898204],[-87.637232,41.898163],[-87.637262,41.898944],[-87.638769,41.898923],[-87.638691,41.897034],[-87.638131,41.897041],[-87.638037,41.89698],[-87.637185,41.89698],[-87.6372,41.897382],[-87.634233,41.897419],[-87.634203,41.896596]]]}},{"type":"Feature","properties":{"ward":"28","label_lon":-87.690067,"label_lat":41.872606,"labels":{"names":[-87.690004,41.872625],"tenure":[-87.690004,41.872625],"absence":[-87.690004,41.872625]}},"geometry":{"type":"Polygon","coordinates":[[[-87.720982,41.888018],[-87.7161,41.888055],[-87.711219,41.888113],[-87.711279,41.890255],[-87.706398,41.890307],[-87.706148,41.881882],[-87.705862,41.881895],[-87.703686,41.881917],[-87.703661,41.881001],[-87.701208,41.881026],[-87.701077,41.876336],[-87.701089,41.876095],[-87.701037,41.875141],[-87.701013,41.873747],[-87.696101,41.873794],[-87.696153,41.875981],[-87.695455,41.875978],[-87.693714,41.876008],[-87.693758,41.877298],[-87.693799,41.8776],[-87.693814,41.878221],[-87.693785,41.87837],[-87.691433,41.878397],[-87.691371,41.876035],[-87.686269,41.876084],[-87.686246,41.875543],[-87.686258,41.874995],[-87.681371,41.874939],[-87.681345,41.873965],[-87.676456,41.874043],[-87.676487,41.875021],[-87.674067,41.875058],[-87.67405,41.874744],[-87.683195,41.867104],[-87.683347,41.866974],[-87.68359,41.866647],[-87.668903,41.866859],[-87.666384,41.866861],[-87.666565,41.872632],[-87.666626,41.875177],[-87.661821,41.87526],[-87.661776,41.873761],[-87.661856,41.87377],[-87.664215,41.873733],[-87.66415,41.871662],[-87.662326,41.871693],[-87.661947,41.871714],[-87.661714,41.871752],[-87.661724,41.87211],[-87.661203,41.872119],[-87.661026,41.872169],[-87.660906,41.87218],[-87.656819,41.872255],[-87.656833,41.871706],[-87.656681,41.866997],[-87.653317,41.867052],[-87.651304,41.869416],[-87.651314,41.869498],[-87.650685,41.869539],[-87.646961,41.8696],[-87.647015,41.871745],[-87.647127,41.874339],[-87.646532,41.874323],[-87.640956,41.87439],[-87.641027,41.876752],[-87.637138,41.876802],[-87.637119,41.876724],[-87.63705,41.876608],[-87.636522,41.875839],[-87.636388,41.875696],[-87.636808,41.87569],[-87.636703,41.875561],[-87.636265,41.875567],[-87.635981,41.875265],[-87.635856,41.875103],[-87.635624,41.874691],[-87.635087,41.871964],[-87.634606,41.871974],[-87.634582,41.871562],[-87.634726,41.871487],[-87.634879,41.871362],[-87.634962,41.871224],[-87.63499,41.871089],[-87.634957,41.870853],[-87.634823,41.870548],[-87.634735,41.870173],[-87.634545,41.869802],[-87.634573,41.869224],[-87.634378,41.867371],[-87.635319,41.867361],[-87.635301,41.867249],[-87.635096,41.867258],[-87.634883,41.860105],[-87.637799,41.860013],[-87.639014,41.860018],[-87.639094,41.862468],[-87.642334,41.862411],[-87.642533,41.862479],[-87.642867,41.862543],[-87.643067,41.862569],[-87.643272,41.862569],[-87.643471,41.862562],[-87.643709,41.862511],[-87.643915,41.862408],[-87.644167,41.862382],[-87.644934,41.862371],[-87.644965,41.863481],[-87.64501,41.863716],[-87.645021,41.864196],[-87.646833,41.864173],[-87.646823,41.863866],[-87.647864,41.863881],[-87.647857,41.863227],[-87.647786,41.862967],[-87.647819,41.86266],[-87.647792,41.862332],[-87.650893,41.862281],[-87.651643,41.862544],[-87.656438,41.862469],[-87.656554,41.862513],[-87.657204,41.862501],[-87.659571,41.859717],[-87.665923,41.859611],[-87.669812,41.859566],[-87.671343,41.859534],[-87.673599,41.859517],[-87.676042,41.859286],[-87.678491,41.858942],[-87.678445,41.858708],[-87.680334,41.858419],[-87.681017,41.858282],[-87.685789,41.857238],[-87.685771,41.857116],[-87.685588,41.850214],[-87.690492,41.850145],[-87.690599,41.853821],[-87.688027,41.853856],[-87.688112,41.855162],[-87.688171,41.856915],[-87.690696,41.856354],[-87.690753,41.856432],[-87.690714,41.857904],[-87.690764,41.859284],[-87.695692,41.859221],[-87.695907,41.866511],[-87.703199,41.86643],[-87.703237,41.86655],[-87.703466,41.873715],[-87.705917,41.873688],[-87.705942,41.874625],[-87.70691,41.874483],[-87.708106,41.874341],[-87.708874,41.874293],[-87.709348,41.874279],[-87.721921,41.874122],[-87.722895,41.87413],[-87.724332,41.874093],[-87.725049,41.874093],[-87.730476,41.874015],[-87.731696,41.874022],[-87.732733,41.873984],[-87.733425,41.873921],[-87.733734,41.873878],[-87.734287,41.873779],[-87.73487,41.873636],[-87.735504,41.873428],[-87.735826,41.873306],[-87.736119,41.873179],[-87.737368,41.872584],[-87.73785,41.872389],[-87.738171,41.872276],[-87.738501,41.872178],[-87.739044,41.872044],[-87.739721,41.871931],[-87.740078,41.871899],[-87.740224,41.875985],[-87.742665,41.875956],[-87.742634,41.875052],[-87.744979,41.875023],[-87.745168,41.874974],[-87.745686,41.874968],[-87.745712,41.875772],[-87.745753,41.875962],[-87.745769,41.876774],[-87.749282,41.876731],[-87.749248,41.875828],[-87.753384,41.875774],[-87.753349,41.874869],[-87.754859,41.874848],[-87.75529,41.886766],[-87.755323,41.887024],[-87.755316,41.887314],[-87.755337,41.887809],[-87.75065,41.88787],[-87.748002,41.887885],[-87.74796,41.887757],[-87.745546,41.887781],[-87.745807,41.895004],[-87.742393,41.895065],[-87.741505,41.895095],[-87.740525,41.895102],[-87.740382,41.894955],[-87.740049,41.894684],[-87.739052,41.894144],[-87.73758,41.893391],[-87.737023,41.893161],[-87.73607,41.892885],[-87.734939,41.892469],[-87.734365,41.892323],[-87.732397,41.891943],[-87.731469,41.89183],[-87.729899,41.891695],[-87.729102,41.891651],[-87.728523,41.891575],[-87.728269,41.891489],[-87.727924,41.891266],[-87.727608,41.890916],[-87.727367,41.890512],[-87.727134,41.889707],[-87.726725,41.889053],[-87.72648,41.888768],[-87.726137,41.888505],[-87.725878,41.888334],[-87.725805,41.885467],[-87.724631,41.885414],[-87.72092,41.885204],[-87.720925,41.885987],[-87.720982,41.888018]]]}},{"type":"Feature","properties":{"ward":"29","label_lon":-87.770279,"label_lat":41.895484,"labels":{"names":[-87.778729,41.904301],"tenure":[-87.782827,41.902268],"absence":[-87.782827,41.902268]}},"geometry":{"type":"Polygon","coordinates":[[[-87.801289,41.939898],[-87.800825,41.926448],[-87.800676,41.921558],[-87.799515,41.921158],[-87.798826,41.9209],[-87.79881,41.921154],[-87.798772,41.921137],[-87.798708,41.921136],[-87.792335,41.921195],[-87.792408,41.923621],[-87.788573,41.923652],[-87.788085,41.923349],[-87.787883,41.923263],[-87.787691,41.917043],[-87.787671,41.917014],[-87.787615,41.916989],[-87.786949,41.916823],[-87.786321,41.916717],[-87.785842,41.916664],[-87.785232,41.916638],[-87.785277,41.918228],[-87.780401,41.918292],[-87.780389,41.917921],[-87.780373,41.917879],[-87.780325,41.917853],[-87.780259,41.917846],[-87.769529,41.917991],[-87.769244,41.918044],[-87.768201,41.918052],[-87.76816,41.916856],[-87.76694,41.916869],[-87.767018,41.91898],[-87.765806,41.918763],[-87.765728,41.916023],[-87.765749,41.914998],[-87.765739,41.914517],[-87.765636,41.912853],[-87.765533,41.910164],[-87.765549,41.90994],[-87.765666,41.909533],[-87.765835,41.909089],[-87.765888,41.908856],[-87.765885,41.908615],[-87.764926,41.882244],[-87.761609,41.882287],[-87.761543,41.88029],[-87.755067,41.880372],[-87.754859,41.874848],[-87.753349,41.874869],[-87.753384,41.875774],[-87.749248,41.875828],[-87.749282,41.876731],[-87.745769,41.876774],[-87.745753,41.875962],[-87.745712,41.875772],[-87.745686,41.874968],[-87.745168,41.874974],[-87.745067,41.875],[-87.744993,41.872958],[-87.744934,41.872203],[-87.744926,41.871184],[-87.746354,41.871155],[-87.746782,41.871124],[-87.749594,41.871113],[-87.754726,41.871044],[-87.75457,41.866891],[-87.754557,41.866072],[-87.754533,41.865752],[-87.763994,41.865611],[-87.7653,41.865582],[-87.774139,41.865459],[-87.77427,41.869254],[-87.774286,41.870023],[-87.774276,41.870567],[-87.774343,41.871364],[-87.774419,41.872997],[-87.775599,41.909254],[-87.781936,41.909174],[-87.786614,41.909132],[-87.800113,41.908953],[-87.802566,41.908932],[-87.805745,41.908839],[-87.805886,41.912373],[-87.806232,41.923464],[-87.806624,41.934511],[-87.81639,41.934313],[-87.816578,41.939619],[-87.807014,41.939809],[-87.801289,41.939898]]]}},{"type":"Feature","properties":{"ward":"30","label_lon":-87.771075,"label_lat":41.938718,"labels":{"names":[-87.767657,41.94375],"tenure":[-87.773122,41.94375],"absence":[-87.773122,41.94375]}},"geometry":{"type":"Polygon","coordinates":[[[-87.732473,41.953597],[-87.73242,41.951785],[-87.729137,41.951833],[-87.72801,41.951195],[-87.727532,41.950906],[-87.727588,41.952722],[-87.725081,41.952758],[-87.725058,41.951922],[-87.725084,41.951869],[-87.718654,41.951958],[-87.71776,41.951958],[-87.717639,41.947404],[-87.717559,41.946504],[-87.717532,41.945458],[-87.717545,41.945413],[-87.717496,41.944672],[-87.71752,41.944409],[-87.717526,41.943446],[-87.717399,41.939216],[-87.731419,41.939041],[-87.746873,41.938826],[-87.747065,41.946124],[-87.759376,41.945971],[-87.759233,41.941407],[-87.761687,41.941377],[-87.761626,41.93955],[-87.756722,41.939613],[-87.75666,41.937789],[-87.754208,41.93782],[-87.754172,41.936909],[-87.76153,41.936813],[-87.761596,41.938638],[-87.76893,41.938544],[-87.768738,41.933067],[-87.767524,41.933086],[-87.767462,41.93126],[-87.766246,41.931277],[-87.766119,41.927628],[-87.761311,41.927687],[-87.7612,41.927701],[-87.761132,41.925875],[-87.761331,41.925863],[-87.766055,41.925804],[-87.765991,41.923981],[-87.785443,41.923678],[-87.785583,41.927339],[-87.779489,41.927429],[-87.779612,41.931087],[-87.785689,41.931002],[-87.785906,41.937535],[-87.785923,41.937866],[-87.786031,41.938317],[-87.785446,41.938325],[-87.785462,41.938821],[-87.785601,41.942004],[-87.78621,41.941994],[-87.78635,41.945216],[-87.786346,41.945505],[-87.786307,41.945663],[-87.766756,41.945877],[-87.767,41.953185],[-87.759611,41.953272],[-87.759565,41.951873],[-87.757104,41.951902],[-87.75709,41.951452],[-87.752183,41.951512],[-87.752117,41.949253],[-87.749744,41.949285],[-87.74976,41.949738],[-87.748887,41.94975],[-87.746579,41.94978],[-87.746566,41.949321],[-87.742661,41.949377],[-87.742671,41.949838],[-87.74243,41.949838],[-87.742525,41.953007],[-87.742557,41.953103],[-87.742526,41.953474],[-87.732473,41.953597]]]}},{"type":"Feature","properties":{"ward":"31","label_lon":-87.745447,"label_lat":41.933687,"labels":{"names":[-87.745461,41.934177],"tenure":[-87.744095,41.931129],"absence":[-87.744095,41.931129]}},"geometry":{"type":"Polygon","coordinates":[[[-87.723919,41.939133],[-87.719661,41.936544],[-87.722006,41.934376],[-87.722085,41.934309],[-87.722149,41.934277],[-87.722088,41.931851],[-87.726979,41.93179],[-87.726769,41.924484],[-87.729221,41.924458],[-87.729204,41.92395],[-87.731651,41.923924],[-87.731611,41.922594],[-87.738943,41.922507],[-87.740257,41.922531],[-87.741578,41.922532],[-87.741631,41.924303],[-87.741719,41.924302],[-87.741836,41.9243],[-87.74178,41.922466],[-87.750917,41.92237],[-87.751306,41.922347],[-87.75855,41.922249],[-87.758607,41.924075],[-87.765991,41.923981],[-87.766055,41.925804],[-87.761331,41.925863],[-87.761132,41.925875],[-87.7612,41.927701],[-87.761311,41.927687],[-87.766119,41.927628],[-87.766246,41.931277],[-87.767462,41.93126],[-87.767524,41.933086],[-87.768738,41.933067],[-87.76893,41.938544],[-87.761596,41.938638],[-87.76153,41.936813],[-87.754172,41.936909],[-87.754208,41.93782],[-87.75666,41.937789],[-87.756722,41.939613],[-87.761626,41.93955],[-87.761687,41.941377],[-87.759233,41.941407],[-87.759376,41.945971],[-87.747065,41.946124],[-87.746873,41.938826],[-87.723919,41.939133]]]}},{"type":"Feature","properties":{"ward":"32","label_lon":-87.673151,"label_lat":41.928311,"labels":{"names":[-87.673168,41.928573],"tenure":[-87.673168,41.928573],"absence":[-87.673168,41.928573]}},"geometry":{"type":"Polygon","coordinates":[[[-87.680969,41.946365],[-87.679752,41.946377],[-87.679715,41.945025],[-87.67608,41.945063],[-87.676031,41.943247],[-87.66454,41.943408],[-87.664448,41.940212],[-87.663833,41.940219],[-87.663821,41.939765],[-87.660718,41.939802],[-87.658969,41.939838],[-87.658534,41.927993],[-87.658453,41.925292],[-87.668146,41.925152],[-87.668112,41.924278],[-87.663185,41.920741],[-87.663164,41.920584],[-87.663142,41.91945],[-87.663133,41.919407],[-87.663037,41.919292],[-87.660331,41.917314],[-87.660217,41.917211],[-87.660137,41.917095],[-87.659102,41.917118],[-87.657781,41.916165],[-87.654388,41.913052],[-87.654893,41.912766],[-87.655479,41.912499],[-87.65408,41.910824],[-87.658095,41.910766],[-87.659865,41.910755],[-87.661626,41.910714],[-87.676454,41.910503],[-87.677586,41.910473],[-87.678134,41.910474],[-87.682181,41.910395],[-87.687221,41.910321],[-87.687416,41.917795],[-87.687767,41.928627],[-87.687884,41.931524],[-87.687883,41.932179],[-87.687917,41.932577],[-87.68804,41.939028],[-87.688258,41.946731],[-87.680981,41.946831],[-87.680969,41.946365]]]}},{"type":"Feature","properties":{"ward":"33","label_lon":-87.708594,"label_lat":41.95763,"labels":{"names":[-87.71679,41.961554],"tenure":[-87.720889,41.961554],"absence":[-87.720889,41.961554]}},"geometry":{"type":"Polygon","coordinates":[[[-87.703569,41.971953],[-87.703219,41.971241],[-87.702648,41.97034],[-87.70224,41.969857],[-87.702021,41.969624],[-87.701883,41.969545],[-87.701545,41.969197],[-87.701453,41.969063],[-87.701439,41.968942],[-87.701076,41.968515],[-87.703605,41.968494],[-87.70358,41.968357],[-87.703466,41.964739],[-87.699634,41.964767],[-87.699431,41.964584],[-87.698458,41.963618],[-87.698516,41.963547],[-87.69853,41.963479],[-87.698481,41.961739],[-87.698507,41.961365],[-87.698483,41.961249],[-87.694746,41.961273],[-87.694713,41.961155],[-87.694673,41.960563],[-87.694665,41.960055],[-87.694586,41.959641],[-87.694598,41.959392],[-87.69458,41.959204],[-87.694456,41.958617],[-87.694402,41.958074],[-87.694343,41.957851],[-87.69434,41.957679],[-87.694376,41.957424],[-87.694376,41.95706],[-87.694267,41.95703],[-87.694274,41.95685],[-87.694367,41.956825],[-87.69437,41.956545],[-87.694392,41.956377],[-87.694393,41.95588],[-87.69443,41.955517],[-87.694465,41.95537],[-87.694473,41.955054],[-87.694445,41.955022],[-87.694438,41.95494],[-87.694443,41.954659],[-87.694484,41.954477],[-87.694543,41.953992],[-87.699463,41.953968],[-87.699358,41.950322],[-87.705474,41.950292],[-87.705369,41.946646],[-87.701967,41.946648],[-87.698031,41.946683],[-87.697823,41.939393],[-87.707698,41.939331],[-87.707709,41.939568],[-87.707647,41.939762],[-87.707625,41.939936],[-87.707652,41.940291],[-87.707804,41.945918],[-87.712791,41.94933],[-87.712805,41.950504],[-87.712905,41.953857],[-87.717813,41.953786],[-87.717867,41.955608],[-87.72154,41.95556],[-87.721595,41.95738],[-87.72282,41.957365],[-87.722875,41.959187],[-87.724105,41.959172],[-87.724158,41.960992],[-87.727828,41.960947],[-87.727928,41.964594],[-87.727319,41.964601],[-87.727393,41.967794],[-87.728014,41.967785],[-87.728042,41.968699],[-87.727131,41.968709],[-87.726647,41.968728],[-87.725616,41.968729],[-87.725615,41.968694],[-87.724416,41.968704],[-87.724454,41.970103],[-87.720747,41.970144],[-87.720797,41.971965],[-87.716443,41.972012],[-87.716521,41.97213],[-87.716048,41.971911],[-87.71582,41.971867],[-87.714927,41.971796],[-87.71398,41.971859],[-87.713645,41.971899],[-87.713463,41.971947],[-87.713462,41.971884],[-87.713324,41.971938],[-87.712987,41.972006],[-87.712807,41.972025],[-87.711195,41.972041],[-87.711021,41.972053],[-87.711065,41.973564],[-87.711043,41.973659],[-87.710912,41.973784],[-87.710835,41.973837],[-87.710709,41.973884],[-87.710633,41.973892],[-87.708629,41.973917],[-87.708681,41.975748],[-87.704725,41.975774],[-87.704714,41.975699],[-87.704629,41.975591],[-87.704585,41.975374],[-87.704492,41.9752],[-87.704487,41.975031],[-87.704456,41.974855],[-87.704391,41.97469],[-87.704295,41.974275],[-87.704026,41.973519],[-87.703931,41.973282],[-87.703858,41.973159],[-87.703825,41.973053],[-87.703761,41.972681],[-87.703569,41.971953]]]}},{"type":"Feature","properties":{"ward":"34","label_lon":-87.647086,"label_lat":41.87855,"labels":{"names":[-87.647085,41.87857],"tenure":[-87.647085,41.87857],"absence":[-87.647085,41.87857]}},"geometry":{"type":"Polygon","coordinates":[[[-87.639683,41.889057],[-87.63924,41.887113],[-87.639147,41.886844],[-87.638453,41.886113],[-87.638203,41.885807],[-87.638192,41.885721],[-87.639666,41.885722],[-87.641313,41.885699],[-87.641317,41.885518],[-87.641294,41.885207],[-87.641171,41.881197],[-87.639666,41.881217],[-87.639561,41.878045],[-87.632256,41.878134],[-87.632347,41.881314],[-87.635297,41.881279],[-87.63536,41.883829],[-87.635127,41.883875],[-87.633877,41.883882],[-87.632424,41.883863],[-87.632407,41.883209],[-87.629435,41.883215],[-87.629427,41.883422],[-87.629457,41.884482],[-87.626248,41.884496],[-87.626277,41.885737],[-87.626112,41.885726],[-87.625171,41.885735],[-87.623913,41.885766],[-87.6239,41.884439],[-87.624125,41.884437],[-87.624452,41.884471],[-87.624346,41.881425],[-87.624335,41.880784],[-87.624366,41.880092],[-87.624334,41.878854],[-87.624311,41.878612],[-87.624291,41.877005],[-87.625286,41.876992],[-87.625304,41.876203],[-87.626038,41.876172],[-87.626082,41.878246],[-87.627575,41.878219],[-87.627677,41.878176],[-87.630785,41.878148],[-87.630749,41.876884],[-87.62874,41.876907],[-87.628707,41.875936],[-87.628702,41.875555],[-87.629694,41.875546],[-87.629698,41.875704],[-87.630713,41.875693],[-87.630565,41.870576],[-87.630492,41.869648],[-87.630436,41.867432],[-87.626553,41.867497],[-87.625527,41.867494],[-87.624151,41.867537],[-87.624021,41.86753],[-87.622673,41.867562],[-87.622635,41.865824],[-87.623722,41.86579],[-87.627473,41.865742],[-87.627486,41.867338],[-87.631295,41.867294],[-87.632664,41.867264],[-87.632662,41.867407],[-87.634378,41.867371],[-87.634573,41.869224],[-87.634545,41.869802],[-87.634735,41.870173],[-87.634823,41.870548],[-87.634957,41.870853],[-87.63499,41.871089],[-87.634962,41.871224],[-87.634879,41.871362],[-87.634726,41.871487],[-87.634582,41.871562],[-87.634606,41.871974],[-87.635087,41.871964],[-87.635624,41.874691],[-87.635856,41.875103],[-87.635981,41.875265],[-87.636265,41.875567],[-87.636703,41.875561],[-87.636808,41.87569],[-87.636388,41.875696],[-87.636522,41.875839],[-87.63705,41.876608],[-87.637119,41.876724],[-87.637138,41.876802],[-87.641027,41.876752],[-87.640956,41.87439],[-87.646532,41.874323],[-87.647127,41.874339],[-87.647015,41.871745],[-87.646961,41.8696],[-87.650685,41.869539],[-87.651314,41.869498],[-87.651304,41.869416],[-87.653317,41.867052],[-87.656493,41.866999],[-87.656681,41.866997],[-87.656833,41.871706],[-87.656819,41.872255],[-87.660906,41.87218],[-87.661026,41.872169],[-87.661203,41.872119],[-87.661724,41.87211],[-87.661714,41.871752],[-87.661947,41.871714],[-87.662326,41.871693],[-87.66415,41.871662],[-87.664215,41.873733],[-87.661856,41.87377],[-87.661776,41.873761],[-87.661821,41.87526],[-87.666626,41.875177],[-87.666665,41.876351],[-87.66915,41.876317],[-87.669228,41.878856],[-87.667612,41.880154],[-87.666711,41.880904],[-87.666084,41.881462],[-87.664418,41.881488],[-87.664288,41.876396],[-87.659416,41.876479],[-87.659451,41.87775],[-87.65457,41.877832],[-87.654613,41.879098],[-87.657057,41.879057],[-87.6571,41.88033],[-87.659531,41.88029],[-87.65956,41.881475],[-87.659617,41.881574],[-87.658757,41.881588],[-87.658776,41.882268],[-87.65671,41.882303],[-87.656724,41.882725],[-87.656702,41.882983],[-87.655567,41.883002],[-87.655579,41.883408],[-87.65441,41.883427],[-87.654398,41.883023],[-87.649736,41.883105],[-87.649697,41.881738],[-87.648531,41.881762],[-87.648567,41.883125],[-87.646046,41.883156],[-87.646078,41.884162],[-87.646154,41.885427],[-87.646211,41.885818],[-87.646441,41.886578],[-87.646446,41.886801],[-87.647506,41.886797],[-87.647553,41.888198],[-87.648265,41.889042],[-87.645788,41.889074],[-87.645349,41.889021],[-87.642874,41.889049],[-87.642913,41.890152],[-87.642952,41.890245],[-87.642812,41.890701],[-87.642812,41.890767],[-87.642863,41.890933],[-87.643123,41.891253],[-87.642702,41.891269],[-87.641476,41.89139],[-87.641282,41.89108],[-87.641129,41.890751],[-87.640722,41.890186],[-87.640175,41.889631],[-87.639819,41.889353],[-87.63974,41.889237],[-87.639683,41.889057]]]}},{"type":"Feature","properties":{"ward":"35","label_lon":-87.704472,"label_lat":41.935238,"labels":{"names":[-87.711198,41.938067],"tenure":[-87.705051,41.942131],"absence":[-87.705051,41.942131]}},"geometry":{"type":"Polygon","coordinates":[[[-87.696221,41.947018],[-87.696188,41.946573],[-87.695481,41.943579],[-87.695428,41.943204],[-87.695279,41.942766],[-87.694591,41.941699],[-87.694311,41.941339],[-87.694176,41.941122],[-87.694082,41.941023],[-87.693947,41.940789],[-87.69387,41.940695],[-87.693832,41.940569],[-87.69367,41.940362],[-87.693633,41.940255],[-87.693529,41.940136],[-87.693467,41.940096],[-87.693377,41.939986],[-87.69306,41.939777],[-87.692794,41.939523],[-87.692662,41.939457],[-87.692439,41.939381],[-87.692443,41.939312],[-87.692343,41.939218],[-87.692234,41.939178],[-87.692079,41.939085],[-87.691935,41.93903],[-87.691903,41.939001],[-87.69167,41.938925],[-87.691486,41.938792],[-87.691057,41.93824],[-87.690872,41.937854],[-87.690781,41.937542],[-87.690717,41.937399],[-87.690413,41.936905],[-87.690149,41.936699],[-87.690072,41.936648],[-87.689934,41.936608],[-87.68981,41.936601],[-87.689248,41.936515],[-87.688912,41.936498],[-87.688527,41.936447],[-87.68815,41.936195],[-87.687987,41.936104],[-87.687917,41.932577],[-87.687883,41.932179],[-87.687884,41.931524],[-87.687766,41.928583],[-87.690632,41.930193],[-87.690955,41.930332],[-87.691603,41.930749],[-87.692738,41.931393],[-87.693964,41.932124],[-87.704981,41.932041],[-87.704875,41.928403],[-87.705249,41.928402],[-87.705545,41.928273],[-87.705752,41.928059],[-87.702347,41.925968],[-87.702302,41.9241],[-87.702233,41.922385],[-87.706792,41.922342],[-87.707142,41.922323],[-87.707113,41.921452],[-87.70727,41.921446],[-87.707367,41.921406],[-87.707536,41.921245],[-87.707606,41.921057],[-87.70757,41.920927],[-87.707457,41.92079],[-87.707284,41.920697],[-87.707075,41.920663],[-87.707034,41.919225],[-87.729054,41.918966],[-87.729,41.917135],[-87.736328,41.917045],[-87.736495,41.922535],[-87.731611,41.922594],[-87.731651,41.923924],[-87.729204,41.92395],[-87.729221,41.924458],[-87.726769,41.924484],[-87.726979,41.93179],[-87.722088,41.931851],[-87.722149,41.934277],[-87.722085,41.934309],[-87.722006,41.934376],[-87.719661,41.936544],[-87.723919,41.939133],[-87.717399,41.939216],[-87.717526,41.943446],[-87.71752,41.944409],[-87.717496,41.944672],[-87.717545,41.945413],[-87.717532,41.945458],[-87.717559,41.946504],[-87.717639,41.947404],[-87.717813,41.953786],[-87.712905,41.953857],[-87.712805,41.950504],[-87.712791,41.94933],[-87.707804,41.945918],[-87.707652,41.940291],[-87.707625,41.939936],[-87.707647,41.939762],[-87.707709,41.939568],[-87.707698,41.939331],[-87.697823,41.939393],[-87.698031,41.946683],[-87.701967,41.946648],[-87.705369,41.946646],[-87.705474,41.950292],[-87.699358,41.950322],[-87.699463,41.953968],[-87.694543,41.953992],[-87.694584,41.953809],[-87.694647,41.953681],[-87.695073,41.953107],[-87.695398,41.952712],[-87.695497,41.952614],[-87.695776,41.952182],[-87.696118,41.951558],[-87.69625,41.951269],[-87.6966,41.950744],[-87.696768,41.950435],[-87.69684,41.95024],[-87.696864,41.950006],[-87.696828,41.949693],[-87.696575,41.948391],[-87.696466,41.947949],[-87.696372,41.947736],[-87.696339,41.947611],[-87.696311,41.947384],[-87.696221,41.947018]]]}},{"type":"Feature","properties":{"ward":"36","label_lon":-87.748642,"label_lat":41.916054,"labels":{"names":[-87.750704,41.916332],"tenure":[-87.750704,41.916332],"absence":[-87.750704,41.916332]}},"geometry":{"type":"Polygon","coordinates":[[[-87.765991,41.923981],[-87.758607,41.924075],[-87.75855,41.922249],[-87.757321,41.922266],[-87.757216,41.918651],[-87.756192,41.918665],[-87.755731,41.918635],[-87.753534,41.918663],[-87.753431,41.918045],[-87.753428,41.917297],[-87.753404,41.916893],[-87.753375,41.916844],[-87.749451,41.916889],[-87.749431,41.916441],[-87.746083,41.916474],[-87.746111,41.916933],[-87.741422,41.916985],[-87.741335,41.915142],[-87.741301,41.913906],[-87.739629,41.913707],[-87.738192,41.913574],[-87.737683,41.91355],[-87.736224,41.913522],[-87.736162,41.91158],[-87.734932,41.911596],[-87.73489,41.910277],[-87.73367,41.910294],[-87.733655,41.909789],[-87.731421,41.909817],[-87.731405,41.909317],[-87.730181,41.909334],[-87.73016,41.908634],[-87.728932,41.908653],[-87.728912,41.908041],[-87.725833,41.90808],[-87.725803,41.906414],[-87.725305,41.906227],[-87.725192,41.906213],[-87.725195,41.90629],[-87.719723,41.906341],[-87.719659,41.904533],[-87.716623,41.904562],[-87.716545,41.902241],[-87.712799,41.900752],[-87.71269,41.900691],[-87.711884,41.900053],[-87.711384,41.900196],[-87.708813,41.899171],[-87.701951,41.899238],[-87.701929,41.898022],[-87.701044,41.898032],[-87.701029,41.896617],[-87.700395,41.896337],[-87.700435,41.898036],[-87.696763,41.898073],[-87.696791,41.899283],[-87.694327,41.899303],[-87.694349,41.900219],[-87.696815,41.900199],[-87.696868,41.902431],[-87.687805,41.902516],[-87.687791,41.90208],[-87.687006,41.902087],[-87.68696,41.900293],[-87.68451,41.900331],[-87.684486,41.899422],[-87.672282,41.899633],[-87.672022,41.890903],[-87.685743,41.890676],[-87.687389,41.890629],[-87.706646,41.898311],[-87.706601,41.896857],[-87.707736,41.897533],[-87.708942,41.898294],[-87.71021,41.899156],[-87.715214,41.899118],[-87.715278,41.90094],[-87.718937,41.90091],[-87.718981,41.902262],[-87.720199,41.902249],[-87.720215,41.902723],[-87.721431,41.902713],[-87.721446,41.903174],[-87.723878,41.903147],[-87.723923,41.904457],[-87.725745,41.904446],[-87.725764,41.905356],[-87.726234,41.905577],[-87.726393,41.905629],[-87.726386,41.905376],[-87.736215,41.905229],[-87.736329,41.9092],[-87.736315,41.90953],[-87.736263,41.909756],[-87.735559,41.909766],[-87.736198,41.910037],[-87.74599,41.913924],[-87.74601,41.914493],[-87.752858,41.915326],[-87.755895,41.915709],[-87.755938,41.916934],[-87.76519,41.918653],[-87.767018,41.91898],[-87.76694,41.916869],[-87.76816,41.916856],[-87.768201,41.918052],[-87.769244,41.918044],[-87.769529,41.917991],[-87.780259,41.917846],[-87.780325,41.917853],[-87.780373,41.917879],[-87.780389,41.917921],[-87.780401,41.918292],[-87.785277,41.918228],[-87.785232,41.916638],[-87.786004,41.916679],[-87.78657,41.916753],[-87.787002,41.916834],[-87.787615,41.916989],[-87.787671,41.917014],[-87.787691,41.917043],[-87.787883,41.923263],[-87.788085,41.923349],[-87.788573,41.923652],[-87.792408,41.923621],[-87.792335,41.921195],[-87.798708,41.921136],[-87.798772,41.921137],[-87.79881,41.921154],[-87.798826,41.9209],[-87.799515,41.921158],[-87.800676,41.921558],[-87.800825,41.926448],[-87.80127,41.939437],[-87.800024,41.939443],[-87.800047,41.93992],[-87.798188,41.939945],[-87.79812,41.938229],[-87.798132,41.938122],[-87.787273,41.938297],[-87.78742,41.941975],[-87.785601,41.942004],[-87.785446,41.938325],[-87.786031,41.938317],[-87.785923,41.937866],[-87.785906,41.937535],[-87.785689,41.931002],[-87.779612,41.931087],[-87.779489,41.927429],[-87.785583,41.927339],[-87.785443,41.923678],[-87.765991,41.923981]]]}},{"type":"Feature","properties":{"ward":"37","label_lon":-87.744042,"label_lat":41.899314,"labels":{"names":[-87.744052,41.89948],"tenure":[-87.744052,41.89948],"absence":[-87.744052,41.89948]}},"geometry":{"type":"Polygon","coordinates":[[[-87.72266,41.903158],[-87.722406,41.895262],[-87.722259,41.889899],[-87.721035,41.889904],[-87.720925,41.885987],[-87.72092,41.885204],[-87.724631,41.885414],[-87.725805,41.885467],[-87.725878,41.888334],[-87.726137,41.888505],[-87.72648,41.888768],[-87.726725,41.889053],[-87.727134,41.889707],[-87.727367,41.890512],[-87.727608,41.890916],[-87.727924,41.891266],[-87.728269,41.891489],[-87.728523,41.891575],[-87.729102,41.891651],[-87.729899,41.891695],[-87.731469,41.89183],[-87.732397,41.891943],[-87.734365,41.892323],[-87.734939,41.892469],[-87.73607,41.892885],[-87.737023,41.893161],[-87.73758,41.893391],[-87.739052,41.894144],[-87.740049,41.894684],[-87.740382,41.894955],[-87.740525,41.895102],[-87.741505,41.895095],[-87.742393,41.895065],[-87.745807,41.895004],[-87.745546,41.887781],[-87.74796,41.887757],[-87.748002,41.887885],[-87.75065,41.88787],[-87.755337,41.887809],[-87.755316,41.887314],[-87.755323,41.887024],[-87.75529,41.886766],[-87.755067,41.880372],[-87.761543,41.88029],[-87.761609,41.882287],[-87.764926,41.882244],[-87.765885,41.908615],[-87.765888,41.908856],[-87.765835,41.909089],[-87.765666,41.909533],[-87.765549,41.90994],[-87.765533,41.910164],[-87.765636,41.912853],[-87.765739,41.914517],[-87.765749,41.914998],[-87.765728,41.916023],[-87.765806,41.918763],[-87.755938,41.916934],[-87.755895,41.915709],[-87.752858,41.915326],[-87.74601,41.914493],[-87.74599,41.913924],[-87.736198,41.910037],[-87.735559,41.909766],[-87.736263,41.909756],[-87.736315,41.90953],[-87.736329,41.9092],[-87.736215,41.905229],[-87.726386,41.905376],[-87.726393,41.905629],[-87.726234,41.905577],[-87.725764,41.905356],[-87.725745,41.904446],[-87.723923,41.904457],[-87.723878,41.903147],[-87.72266,41.903158]]]}},{"type":"Feature","properties":{"ward":"38","label_lon":-87.806779,"label_lat":41.951758,"labels":{"names":[-87.806788,41.951872],"tenure":[-87.806788,41.951872],"absence":[-87.806788,41.951872]}},"geometry":{"type":"Polygon","coordinates":[[[-87.752239,41.95336],[-87.767,41.953185],[-87.766756,41.945877],[-87.786307,41.945663],[-87.786346,41.945505],[-87.78635,41.945216],[-87.78621,41.941994],[-87.78742,41.941975],[-87.787273,41.938297],[-87.798132,41.938122],[-87.79812,41.938229],[-87.798188,41.939945],[-87.799782,41.939927],[-87.800047,41.93992],[-87.800024,41.939443],[-87.80127,41.939437],[-87.801289,41.939898],[-87.807014,41.939809],[-87.816578,41.939619],[-87.816519,41.937939],[-87.849621,41.937285],[-87.849778,41.93743],[-87.850187,41.937751],[-87.85066,41.938079],[-87.851412,41.938705],[-87.851643,41.938952],[-87.851806,41.93917],[-87.852112,41.93979],[-87.852267,41.940413],[-87.852532,41.941258],[-87.852742,41.941821],[-87.852955,41.942268],[-87.853076,41.942601],[-87.853096,41.94288],[-87.853024,41.943107],[-87.853013,41.943351],[-87.853047,41.94344],[-87.853261,41.943763],[-87.853583,41.945044],[-87.853822,41.945843],[-87.854082,41.946557],[-87.854871,41.947795],[-87.854976,41.948034],[-87.855004,41.948199],[-87.855017,41.948464],[-87.855013,41.948942],[-87.854936,41.949484],[-87.854664,41.950085],[-87.854533,41.950301],[-87.854327,41.95073],[-87.854246,41.950921],[-87.854073,41.951447],[-87.846612,41.951639],[-87.846605,41.955687],[-87.858079,41.955445],[-87.85825,41.955579],[-87.858346,41.955706],[-87.858446,41.955858],[-87.858587,41.956143],[-87.858636,41.956386],[-87.858745,41.956759],[-87.858775,41.956933],[-87.858782,41.957244],[-87.858758,41.957416],[-87.858681,41.957609],[-87.858423,41.957928],[-87.858132,41.958342],[-87.857577,41.95919],[-87.857416,41.959559],[-87.85703,41.960196],[-87.856475,41.961227],[-87.856299,41.961591],[-87.85582,41.962415],[-87.855677,41.962844],[-87.855506,41.964456],[-87.855443,41.964709],[-87.855301,41.965119],[-87.854968,41.965949],[-87.854922,41.966136],[-87.846091,41.966421],[-87.836682,41.966597],[-87.836699,41.95936],[-87.832678,41.959438],[-87.832604,41.959076],[-87.832084,41.957018],[-87.831821,41.955701],[-87.831827,41.954041],[-87.831793,41.952164],[-87.819786,41.952475],[-87.810304,41.952692],[-87.807574,41.952767],[-87.807269,41.952765],[-87.807297,41.95368],[-87.800123,41.95711],[-87.800128,41.957284],[-87.799992,41.957351],[-87.794727,41.959866],[-87.794328,41.96003],[-87.794197,41.960058],[-87.79171,41.960121],[-87.788303,41.960175],[-87.786805,41.960217],[-87.78689,41.962691],[-87.786963,41.963143],[-87.787048,41.963304],[-87.786804,41.963448],[-87.786779,41.963471],[-87.786769,41.96355],[-87.786742,41.966539],[-87.781966,41.966601],[-87.781976,41.964711],[-87.777161,41.964779],[-87.777165,41.964916],[-87.767392,41.965045],[-87.767184,41.958656],[-87.757326,41.958776],[-87.757284,41.957405],[-87.752466,41.957465],[-87.752072,41.957013],[-87.752788,41.957004],[-87.752335,41.956472],[-87.752366,41.956183],[-87.752361,41.955832],[-87.752297,41.955466],[-87.752193,41.955186],[-87.752302,41.955185],[-87.752239,41.95336]]]}},{"type":"Feature","properties":{"ward":"39","label_lon":-87.730608,"label_lat":41.975627,"labels":{"names":[-87.732478,41.977042],"tenure":[-87.732478,41.977042],"absence":[-87.732478,41.977042]}},"geometry":{"type":"Polygon","coordinates":[[[-87.699157,41.983121],[-87.698923,41.975818],[-87.708681,41.975748],[-87.708629,41.973917],[-87.710633,41.973892],[-87.710709,41.973884],[-87.710835,41.973837],[-87.710912,41.973784],[-87.711043,41.973659],[-87.711065,41.973564],[-87.711021,41.972053],[-87.711195,41.972041],[-87.712807,41.972025],[-87.712987,41.972006],[-87.713324,41.971938],[-87.713462,41.971884],[-87.713463,41.971947],[-87.713645,41.971899],[-87.71398,41.971859],[-87.714927,41.971796],[-87.71582,41.971867],[-87.716048,41.971911],[-87.716521,41.97213],[-87.716443,41.972012],[-87.720797,41.971965],[-87.720747,41.970144],[-87.724454,41.970103],[-87.724416,41.968704],[-87.725615,41.968694],[-87.725616,41.968729],[-87.726647,41.968728],[-87.727131,41.968709],[-87.728042,41.968699],[-87.728014,41.967785],[-87.727393,41.967794],[-87.727319,41.964601],[-87.727928,41.964594],[-87.727828,41.960947],[-87.724158,41.960992],[-87.724105,41.959172],[-87.722875,41.959187],[-87.72282,41.957365],[-87.721595,41.95738],[-87.721525,41.955036],[-87.722051,41.955029],[-87.722739,41.95551],[-87.722812,41.955541],[-87.727669,41.955477],[-87.727617,41.953648],[-87.730939,41.953618],[-87.733961,41.955321],[-87.734775,41.955756],[-87.735272,41.955967],[-87.737504,41.95722],[-87.738763,41.957949],[-87.739414,41.958302],[-87.74167,41.959643],[-87.743317,41.960655],[-87.743534,41.960768],[-87.744568,41.960755],[-87.746715,41.962023],[-87.747376,41.96243],[-87.74701,41.962793],[-87.746963,41.9629],[-87.746981,41.962995],[-87.747062,41.96317],[-87.747415,41.963833],[-87.747595,41.96424],[-87.747636,41.964517],[-87.747725,41.967083],[-87.747722,41.968029],[-87.747559,41.968535],[-87.747565,41.968618],[-87.74778,41.969154],[-87.747826,41.969398],[-87.747886,41.970598],[-87.747912,41.972881],[-87.75215,41.975501],[-87.763963,41.982746],[-87.769588,41.985672],[-87.777895,41.989961],[-87.777891,41.990202],[-87.778733,41.990207],[-87.785774,41.990139],[-87.786436,41.990118],[-87.787477,41.99013],[-87.7876,41.990166],[-87.78748,41.996694],[-87.787448,41.997042],[-87.787443,41.997356],[-87.783302,41.997398],[-87.782417,41.99739],[-87.776619,41.997443],[-87.775484,41.997442],[-87.774045,41.997389],[-87.771699,41.997189],[-87.771011,41.997153],[-87.77033,41.99714],[-87.769494,41.997155],[-87.768041,41.997243],[-87.767103,41.997272],[-87.766325,41.997329],[-87.76547,41.997351],[-87.764803,41.99733],[-87.757675,41.997322],[-87.740938,41.997252],[-87.729032,41.997239],[-87.722788,41.997262],[-87.722756,41.997156],[-87.722746,41.99679],[-87.722859,41.996804],[-87.723356,41.996806],[-87.723297,41.993721],[-87.722059,41.993722],[-87.72199,41.990679],[-87.721971,41.990659],[-87.72194,41.990656],[-87.721368,41.990664],[-87.721357,41.99023],[-87.709093,41.990385],[-87.709001,41.990158],[-87.708976,41.989958],[-87.708914,41.989754],[-87.708863,41.989455],[-87.708827,41.989437],[-87.708772,41.989281],[-87.708688,41.988896],[-87.708591,41.988673],[-87.708481,41.988492],[-87.708508,41.988471],[-87.708518,41.988423],[-87.708471,41.988188],[-87.708315,41.987733],[-87.708307,41.987631],[-87.708266,41.987538],[-87.708283,41.98748],[-87.708248,41.987448],[-87.708216,41.987354],[-87.708156,41.987039],[-87.707944,41.986523],[-87.707848,41.986471],[-87.70777,41.986487],[-87.707767,41.986403],[-87.707876,41.986346],[-87.707828,41.98614],[-87.707822,41.986028],[-87.707719,41.985685],[-87.707507,41.985168],[-87.707509,41.984953],[-87.70744,41.984796],[-87.707393,41.984595],[-87.707261,41.984284],[-87.707186,41.983979],[-87.707073,41.983634],[-87.707025,41.983535],[-87.707011,41.983423],[-87.706902,41.98308],[-87.699157,41.983121]]]}},{"type":"Feature","properties":{"ward":"40","label_lon":-87.68403,"label_lat":41.984075,"labels":{"names":[-87.688946,41.975454],"tenure":[-87.688946,41.975454],"absence":[-87.688946,41.975454]}},"geometry":{"type":"Polygon","coordinates":[[[-87.681891,42.008961],[-87.67976,42.004306],[-87.675559,42.004386],[-87.675196,42.004368],[-87.675118,42.001646],[-87.671857,42.001704],[-87.671252,42.000007],[-87.670967,41.999078],[-87.670592,41.998081],[-87.670361,41.997219],[-87.67025,41.996652],[-87.670203,41.995956],[-87.670142,41.993803],[-87.670078,41.992464],[-87.669976,41.989524],[-87.66995,41.989224],[-87.669847,41.988423],[-87.669826,41.988374],[-87.669707,41.987533],[-87.669572,41.986783],[-87.6692,41.985519],[-87.669145,41.985283],[-87.668589,41.982693],[-87.668414,41.981527],[-87.668272,41.979732],[-87.668424,41.976285],[-87.668208,41.974366],[-87.669577,41.974339],[-87.66956,41.973436],[-87.674747,41.973364],[-87.674957,41.973346],[-87.676323,41.973314],[-87.676309,41.972445],[-87.679296,41.972398],[-87.679239,41.970574],[-87.685408,41.970486],[-87.688965,41.970412],[-87.688848,41.966758],[-87.689029,41.966782],[-87.697984,41.96671],[-87.697666,41.966404],[-87.697472,41.96627],[-87.697463,41.96621],[-87.698596,41.9662],[-87.698312,41.965885],[-87.697573,41.965175],[-87.697292,41.96491],[-87.697038,41.964721],[-87.69693,41.964574],[-87.696673,41.964288],[-87.696051,41.963682],[-87.695972,41.963561],[-87.695624,41.963179],[-87.695406,41.962788],[-87.69518,41.962214],[-87.695088,41.96209],[-87.695072,41.96199],[-87.695013,41.961902],[-87.694845,41.961475],[-87.694746,41.961273],[-87.698483,41.961249],[-87.698507,41.961365],[-87.698481,41.961739],[-87.69853,41.963479],[-87.698516,41.963547],[-87.698458,41.963618],[-87.699431,41.964584],[-87.699634,41.964767],[-87.703466,41.964739],[-87.70358,41.968357],[-87.703605,41.968494],[-87.701076,41.968515],[-87.701439,41.968942],[-87.701453,41.969063],[-87.701545,41.969197],[-87.701883,41.969545],[-87.702021,41.969624],[-87.70224,41.969857],[-87.702648,41.97034],[-87.703219,41.971241],[-87.703532,41.971864],[-87.703569,41.971953],[-87.703761,41.972681],[-87.703825,41.973053],[-87.703858,41.973159],[-87.703931,41.973282],[-87.704026,41.973519],[-87.704295,41.974275],[-87.704391,41.97469],[-87.704456,41.974855],[-87.704487,41.975031],[-87.704492,41.9752],[-87.704585,41.975374],[-87.704629,41.975591],[-87.704714,41.975699],[-87.704725,41.975774],[-87.698923,41.975818],[-87.699238,41.985545],[-87.703312,41.987967],[-87.702991,41.988265],[-87.702973,41.988341],[-87.70304,41.990423],[-87.698181,41.99045],[-87.6983,41.993993],[-87.689475,41.994097],[-87.682389,41.994219],[-87.682573,41.997854],[-87.676837,41.997959],[-87.677938,42.000357],[-87.680215,42.000315],[-87.68021,42.000144],[-87.68281,42.000121],[-87.687508,42.000035],[-87.687496,41.999586],[-87.689931,41.999544],[-87.690092,42.005928],[-87.690703,42.005919],[-87.690679,42.005023],[-87.694947,42.004947],[-87.694966,42.008559],[-87.690372,42.008652],[-87.690162,42.00863],[-87.690147,42.008051],[-87.68242,42.008379],[-87.68266,42.008928],[-87.681891,42.008961]]]}},{"type":"Feature","properties":{"ward":"41","label_lon":-87.907827,"label_lat":41.985044,"labels":{"names":[-87.907828,41.984783],"tenure":[-87.907828,41.984783],"absence":[-87.907828,41.984783]}},"geometry":{"type":"Polygon","coordinates":[[[-87.791166,42.00098],[-87.789582,41.999229],[-87.790216,41.998903],[-87.790872,41.998888],[-87.790888,41.997331],[-87.79231,41.997324],[-87.792298,41.997193],[-87.791652,41.993764],[-87.7917,41.993712],[-87.794727,41.993695],[-87.79482,41.993674],[-87.795378,41.993106],[-87.787626,41.988775],[-87.787752,41.982061],[-87.786534,41.982069],[-87.786663,41.975655],[-87.785896,41.975656],[-87.785446,41.975506],[-87.78559,41.968442],[-87.778234,41.968533],[-87.777268,41.967649],[-87.777231,41.966668],[-87.786742,41.966539],[-87.786752,41.968326],[-87.786772,41.968427],[-87.788014,41.968411],[-87.788009,41.968888],[-87.795154,41.968825],[-87.795277,41.968876],[-87.795278,41.968824],[-87.802525,41.968773],[-87.802542,41.968297],[-87.807156,41.96827],[-87.80706,41.973196],[-87.807067,41.974538],[-87.816917,41.974289],[-87.816953,41.97066],[-87.818987,41.970608],[-87.818968,41.973219],[-87.819433,41.97322],[-87.819426,41.974031],[-87.819398,41.974223],[-87.826735,41.974034],[-87.826743,41.973142],[-87.831729,41.973056],[-87.831723,41.973949],[-87.833419,41.97392],[-87.833414,41.974917],[-87.83363,41.974913],[-87.833627,41.975368],[-87.836627,41.97531],[-87.836631,41.974771],[-87.841555,41.97469],[-87.84155,41.973788],[-87.837934,41.973844],[-87.837951,41.971347],[-87.836649,41.971366],[-87.83665,41.970232],[-87.841589,41.970143],[-87.841575,41.971975],[-87.846534,41.97189],[-87.846561,41.96955],[-87.846539,41.968198],[-87.84657,41.966407],[-87.854922,41.966136],[-87.854772,41.966913],[-87.854777,41.9672],[-87.85498,41.96793],[-87.855037,41.968329],[-87.855029,41.968708],[-87.854777,41.96943],[-87.854323,41.970298],[-87.854173,41.970785],[-87.854136,41.971001],[-87.854135,41.971168],[-87.854188,41.971432],[-87.854271,41.971621],[-87.854467,41.971895],[-87.854598,41.972039],[-87.854979,41.972341],[-87.855158,41.972458],[-87.855362,41.972517],[-87.855841,41.972586],[-87.856063,41.972578],[-87.856592,41.97246],[-87.857043,41.972314],[-87.857464,41.972149],[-87.857833,41.971974],[-87.858387,41.971614],[-87.858537,41.971532],[-87.858676,41.971466],[-87.858795,41.971432],[-87.858922,41.971422],[-87.859405,41.971495],[-87.859746,41.971597],[-87.860106,41.971756],[-87.860426,41.971929],[-87.860852,41.972224],[-87.861338,41.972609],[-87.861701,41.972988],[-87.861803,41.973126],[-87.861902,41.973321],[-87.868482,41.973155],[-87.868826,41.97317],[-87.869887,41.973124],[-87.880773,41.972855],[-87.880835,41.965504],[-87.880788,41.9572],[-87.881633,41.957111],[-87.883828,41.957362],[-87.883846,41.9573],[-87.885629,41.95754],[-87.885629,41.957486],[-87.890266,41.958096],[-87.892899,41.958051],[-87.892877,41.950794],[-87.903776,41.950618],[-87.914747,41.952875],[-87.914773,41.954341],[-87.914798,41.954713],[-87.914892,41.955456],[-87.915044,41.956194],[-87.915228,41.956845],[-87.915849,41.957159],[-87.916327,41.955092],[-87.915964,41.955091],[-87.91594,41.952272],[-87.922147,41.953832],[-87.922148,41.953779],[-87.925558,41.954614],[-87.926345,41.954654],[-87.934205,41.955971],[-87.939472,41.956794],[-87.93947,41.95839],[-87.939122,41.95839],[-87.939243,41.958717],[-87.939314,41.95899],[-87.939358,41.959269],[-87.939376,41.959534],[-87.93936,41.964284],[-87.939718,41.964285],[-87.939713,41.978636],[-87.939858,41.990153],[-87.939878,41.990488],[-87.93993,41.993491],[-87.938801,41.993533],[-87.938571,41.994559],[-87.938284,41.995487],[-87.937915,41.996403],[-87.937615,41.997031],[-87.937392,41.997447],[-87.937081,41.997967],[-87.936668,41.998593],[-87.936122,41.999328],[-87.935409,42.000166],[-87.934655,42.000902],[-87.935144,42.000889],[-87.935095,42.000938],[-87.935288,42.008151],[-87.93358,42.008174],[-87.933563,42.008019],[-87.933506,42.005565],[-87.933484,42.005424],[-87.930326,42.004995],[-87.930333,42.005158],[-87.929251,42.004996],[-87.925453,42.007715],[-87.922559,42.005866],[-87.920857,42.003883],[-87.920595,42.003885],[-87.920612,42.004952],[-87.913771,42.005075],[-87.91377,42.008703],[-87.913751,42.008706],[-87.91331,42.008719],[-87.913306,42.006258],[-87.91303,42.006268],[-87.913027,42.005088],[-87.911335,42.005118],[-87.911334,42.005095],[-87.908274,42.005208],[-87.908274,42.005227],[-87.907674,42.005249],[-87.90768,42.008921],[-87.905748,42.00899],[-87.902383,42.008091],[-87.902384,42.007916],[-87.899162,42.00705],[-87.898354,42.006793],[-87.897564,42.006495],[-87.895983,42.005785],[-87.895983,42.005647],[-87.895763,42.005654],[-87.895763,42.005877],[-87.895309,42.005669],[-87.894295,42.005701],[-87.894346,42.002708],[-87.893547,42.002737],[-87.893578,42.003332],[-87.893229,42.003344],[-87.893265,42.003942],[-87.89189,42.003987],[-87.889997,42.003227],[-87.890265,42.002853],[-87.890382,42.00285],[-87.890385,42.0023],[-87.894355,42.00217],[-87.894357,42.00206],[-87.899236,42.001899],[-87.902406,42.003615],[-87.902404,42.004027],[-87.90406,42.003973],[-87.904062,42.00356],[-87.903115,42.00342],[-87.899543,42.001477],[-87.897441,42.001546],[-87.897458,42.000532],[-87.89297,41.999913],[-87.890811,41.999572],[-87.890753,41.99961],[-87.889828,41.999447],[-87.889398,41.999388],[-87.886751,41.998866],[-87.88496,41.998463],[-87.884955,41.998297],[-87.884533,41.998195],[-87.884543,41.995099],[-87.880355,41.99523],[-87.876911,41.985669],[-87.875857,41.985701],[-87.875863,41.982939],[-87.874894,41.980247],[-87.875022,41.980244],[-87.873731,41.976657],[-87.875883,41.976603],[-87.875893,41.973881],[-87.873008,41.973953],[-87.872976,41.973863],[-87.872576,41.973873],[-87.872646,41.973962],[-87.868605,41.974054],[-87.868607,41.973799],[-87.867837,41.973815],[-87.867839,41.973983],[-87.867492,41.973991],[-87.867493,41.973728],[-87.862009,41.973865],[-87.862008,41.97431],[-87.861758,41.975168],[-87.861684,41.975349],[-87.861245,41.976001],[-87.861021,41.976229],[-87.860675,41.976539],[-87.859964,41.976993],[-87.859379,41.977566],[-87.858456,41.978664],[-87.856274,41.980462],[-87.85604,41.980807],[-87.855877,41.981099],[-87.855784,41.981697],[-87.85578,41.982163],[-87.855971,41.982802],[-87.856234,41.983482],[-87.856572,41.984146],[-87.85664,41.98432],[-87.856648,41.984432],[-87.856645,41.984663],[-87.856571,41.985022],[-87.856471,41.985363],[-87.85636,41.985994],[-87.856306,41.986154],[-87.856088,41.986617],[-87.855874,41.987153],[-87.855582,41.987737],[-87.855537,41.987943],[-87.855568,41.988189],[-87.855681,41.988663],[-87.855766,41.988927],[-87.855882,41.989134],[-87.855378,41.988979],[-87.854893,41.988872],[-87.85425,41.988754],[-87.853923,41.988712],[-87.853265,41.988659],[-87.851842,41.988608],[-87.851288,41.988574],[-87.850193,41.988475],[-87.849248,41.988354],[-87.846726,41.987976],[-87.846709,41.987868],[-87.845053,41.987621],[-87.844734,41.987558],[-87.843836,41.987444],[-87.841742,41.987123],[-87.838925,41.986715],[-87.837657,41.986507],[-87.836581,41.986384],[-87.836581,41.986282],[-87.836382,41.986267],[-87.835027,41.986074],[-87.835028,41.986027],[-87.823347,41.984355],[-87.822164,41.993112],[-87.82177,41.995428],[-87.821404,41.996922],[-87.821318,42.007481],[-87.821253,42.011357],[-87.819729,42.011386],[-87.819731,42.011933],[-87.820098,42.011926],[-87.820069,42.01557],[-87.821231,42.015541],[-87.82121,42.018641],[-87.806547,42.018965],[-87.806759,42.000837],[-87.805388,42.000859],[-87.805355,42.000878],[-87.805346,42.001516],[-87.801078,42.001568],[-87.801086,42.000872],[-87.799632,42.00087],[-87.799455,42.00003],[-87.797171,42.000042],[-87.79717,42.000889],[-87.797124,42.000889],[-87.797124,42.00094],[-87.791166,42.00098]],[[-87.824426,41.976075],[-87.823528,41.983026],[-87.825297,41.982999],[-87.825271,41.981963],[-87.828136,41.98192],[-87.828113,41.983871],[-87.833081,41.98379],[-87.833128,41.983773],[-87.833194,41.983714],[-87.833211,41.983568],[-87.833583,41.983571],[-87.833596,41.982668],[-87.83421,41.982656],[-87.835072,41.982675],[-87.835092,41.981149],[-87.83435,41.981156],[-87.834351,41.981],[-87.834355,41.980846],[-87.835096,41.980835],[-87.8351,41.980495],[-87.828859,41.9806],[-87.828861,41.980325],[-87.828691,41.980328],[-87.828696,41.979286],[-87.828082,41.979291],[-87.828082,41.979125],[-87.828696,41.97912],[-87.828695,41.978839],[-87.82864,41.97884],[-87.828639,41.97844],[-87.829717,41.978423],[-87.829711,41.978131],[-87.830023,41.978126],[-87.830019,41.978059],[-87.830054,41.978058],[-87.83004,41.977329],[-87.829607,41.977336],[-87.829604,41.976959],[-87.833619,41.976891],[-87.833622,41.975918],[-87.824426,41.976075]]]}},{"type":"Feature","properties":{"ward":"42","label_lon":-87.624621,"label_lat":41.887563,"labels":{"names":[-87.624637,41.887802],"tenure":[-87.621905,41.890853],"absence":[-87.621905,41.890853]}},"geometry":{"type":"Polygon","coordinates":[[[-87.62685,41.896695],[-87.626826,41.895699],[-87.628175,41.895679],[-87.628153,41.894876],[-87.622758,41.894969],[-87.622649,41.890938],[-87.62163,41.890956],[-87.621503,41.89098],[-87.614395,41.891111],[-87.613894,41.89111],[-87.613962,41.892583],[-87.613985,41.892753],[-87.614066,41.892962],[-87.613524,41.893189],[-87.612671,41.893403],[-87.612555,41.893413],[-87.61203,41.893327],[-87.611851,41.893582],[-87.610271,41.896098],[-87.610178,41.896214],[-87.610027,41.896244],[-87.608194,41.896276],[-87.607976,41.896273],[-87.607934,41.896267],[-87.607904,41.896244],[-87.607871,41.896255],[-87.607609,41.896246],[-87.606749,41.896268],[-87.606689,41.896235],[-87.606553,41.896237],[-87.606554,41.896283],[-87.605865,41.896296],[-87.605863,41.89625],[-87.605727,41.896249],[-87.605667,41.896285],[-87.605187,41.89629],[-87.604961,41.896331],[-87.604217,41.896327],[-87.602494,41.896373],[-87.602426,41.896371],[-87.60237,41.896343],[-87.602343,41.896224],[-87.602293,41.893314],[-87.602351,41.893265],[-87.609822,41.893146],[-87.609796,41.892221],[-87.600911,41.892365],[-87.600911,41.892408],[-87.600749,41.892445],[-87.600592,41.892415],[-87.600582,41.89224],[-87.598549,41.892274],[-87.598524,41.89145],[-87.600567,41.891415],[-87.600561,41.891112],[-87.600685,41.891078],[-87.600753,41.891077],[-87.600846,41.891107],[-87.600887,41.891107],[-87.60089,41.891151],[-87.609535,41.891013],[-87.609486,41.88939],[-87.607665,41.889369],[-87.607642,41.889351],[-87.607637,41.889283],[-87.607664,41.889258],[-87.607707,41.889257],[-87.607671,41.889226],[-87.607653,41.888674],[-87.607566,41.888675],[-87.607514,41.88864],[-87.605669,41.888666],[-87.605438,41.888673],[-87.605433,41.888709],[-87.605199,41.888715],[-87.605146,41.888677],[-87.604738,41.888681],[-87.6047,41.888669],[-87.604673,41.888627],[-87.604695,41.888584],[-87.604733,41.888569],[-87.605134,41.88856],[-87.605214,41.888454],[-87.60513,41.888347],[-87.602524,41.888386],[-87.602466,41.888359],[-87.602459,41.888314],[-87.602522,41.888275],[-87.605136,41.888229],[-87.605184,41.888192],[-87.605413,41.888189],[-87.605411,41.888223],[-87.605987,41.888217],[-87.607506,41.88819],[-87.607558,41.888155],[-87.607807,41.888149],[-87.60781,41.888185],[-87.609846,41.88797],[-87.609879,41.88779],[-87.609879,41.887153],[-87.6099,41.887118],[-87.609936,41.887107],[-87.609938,41.887088],[-87.609986,41.88408],[-87.612736,41.884059],[-87.612739,41.883808],[-87.612759,41.883675],[-87.612805,41.88353],[-87.612878,41.883391],[-87.612983,41.883261],[-87.613138,41.883114],[-87.613313,41.88298],[-87.613506,41.88286],[-87.613861,41.882697],[-87.614338,41.882566],[-87.614668,41.882516],[-87.615545,41.882483],[-87.61579,41.882436],[-87.615995,41.882361],[-87.616124,41.882291],[-87.616335,41.882112],[-87.616432,41.881964],[-87.616497,41.881779],[-87.616498,41.881414],[-87.615754,41.881417],[-87.615722,41.880567],[-87.616478,41.880557],[-87.616458,41.879777],[-87.616372,41.87978],[-87.616336,41.877826],[-87.616306,41.87782],[-87.61627,41.87742],[-87.616192,41.876015],[-87.616191,41.874626],[-87.616224,41.87395],[-87.616245,41.873948],[-87.616228,41.873279],[-87.6242,41.873162],[-87.624313,41.877966],[-87.624311,41.878612],[-87.624334,41.878854],[-87.624366,41.880092],[-87.624335,41.880784],[-87.624346,41.881425],[-87.624452,41.884471],[-87.624125,41.884437],[-87.6239,41.884439],[-87.623913,41.885766],[-87.625171,41.885735],[-87.626112,41.885726],[-87.626277,41.885737],[-87.626248,41.884496],[-87.629457,41.884482],[-87.629427,41.883422],[-87.629435,41.883215],[-87.632407,41.883209],[-87.632424,41.883863],[-87.633877,41.883882],[-87.635127,41.883875],[-87.63536,41.883829],[-87.635297,41.881279],[-87.632347,41.881314],[-87.632256,41.878134],[-87.639561,41.878045],[-87.639666,41.881217],[-87.641171,41.881197],[-87.641313,41.885699],[-87.639666,41.885722],[-87.638192,41.885721],[-87.638203,41.885807],[-87.638453,41.886113],[-87.639147,41.886844],[-87.63924,41.887113],[-87.639683,41.889057],[-87.63974,41.889237],[-87.639819,41.889353],[-87.640175,41.889631],[-87.640722,41.890186],[-87.641129,41.890751],[-87.641282,41.89108],[-87.641476,41.89139],[-87.641178,41.891413],[-87.641267,41.891628],[-87.641457,41.891904],[-87.641574,41.892049],[-87.641927,41.892373],[-87.642131,41.892595],[-87.64245,41.892869],[-87.642716,41.893036],[-87.642943,41.893215],[-87.643215,41.893376],[-87.643553,41.893537],[-87.643777,41.893883],[-87.643977,41.894022],[-87.644075,41.894139],[-87.644117,41.894274],[-87.644222,41.896455],[-87.635923,41.896569],[-87.635438,41.896591],[-87.63521,41.896581],[-87.630517,41.896646],[-87.63055,41.897978],[-87.629815,41.897989],[-87.629865,41.899912],[-87.62829,41.899937],[-87.628356,41.90218],[-87.62835,41.902323],[-87.628321,41.902373],[-87.624507,41.902438],[-87.624449,41.902178],[-87.624313,41.90177],[-87.624234,41.901615],[-87.624208,41.901339],[-87.624228,41.900946],[-87.62419,41.900875],[-87.624118,41.90082],[-87.624177,41.900599],[-87.624193,41.90045],[-87.624142,41.899726],[-87.624095,41.89785],[-87.624243,41.896734],[-87.62685,41.896695]]]}},{"type":"Feature","properties":{"ward":"43","label_lon":-87.642996,"label_lat":41.91851,"labels":{"names":[-87.636225,41.922577],"tenure":[-87.634858,41.922069],"absence":[-87.634858,41.922069]}},"geometry":{"type":"Polygon","coordinates":[[[-87.63183,41.933054],[-87.63183,41.932963],[-87.631384,41.93297],[-87.63138,41.9328],[-87.6314,41.93269],[-87.631474,41.932615],[-87.6316,41.932579],[-87.631818,41.932582],[-87.631821,41.932444],[-87.631397,41.932433],[-87.631255,41.932394],[-87.631281,41.932419],[-87.631152,41.932576],[-87.631072,41.932592],[-87.631054,41.932558],[-87.63111,41.932539],[-87.631239,41.932386],[-87.631032,41.932292],[-87.63085,41.932167],[-87.630687,41.931869],[-87.630674,41.931772],[-87.630697,41.931599],[-87.630786,41.931389],[-87.630952,41.930812],[-87.631,41.930407],[-87.630998,41.9299],[-87.63091,41.929322],[-87.630834,41.929013],[-87.630749,41.928818],[-87.630694,41.928602],[-87.630396,41.928082],[-87.630611,41.927996],[-87.630521,41.927858],[-87.630327,41.927627],[-87.629981,41.927291],[-87.629791,41.927079],[-87.629639,41.9268],[-87.629618,41.926719],[-87.629598,41.92658],[-87.629603,41.92635],[-87.629629,41.926223],[-87.629663,41.926154],[-87.629706,41.926092],[-87.629876,41.92616],[-87.630177,41.925886],[-87.630259,41.92579],[-87.630275,41.925748],[-87.630259,41.925282],[-87.630192,41.924678],[-87.630084,41.924154],[-87.63008,41.924037],[-87.629938,41.923547],[-87.629903,41.923482],[-87.629706,41.923297],[-87.629581,41.923199],[-87.629273,41.922997],[-87.629003,41.92275],[-87.628383,41.923118],[-87.628336,41.923074],[-87.629268,41.922521],[-87.629304,41.922551],[-87.629486,41.922441],[-87.62948,41.922397],[-87.629427,41.922286],[-87.629258,41.922042],[-87.628988,41.921692],[-87.6289,41.921601],[-87.628852,41.921483],[-87.62868,41.921294],[-87.628536,41.921033],[-87.627757,41.921405],[-87.627728,41.921397],[-87.627705,41.921368],[-87.628761,41.920857],[-87.628795,41.92089],[-87.628934,41.920821],[-87.628917,41.920729],[-87.628681,41.920288],[-87.628559,41.920121],[-87.628427,41.919978],[-87.628175,41.919783],[-87.627956,41.919505],[-87.62735,41.9198],[-87.627325,41.919747],[-87.628365,41.919239],[-87.628397,41.919272],[-87.628419,41.919259],[-87.628436,41.919239],[-87.628425,41.919172],[-87.628294,41.919025],[-87.628152,41.918804],[-87.627893,41.918528],[-87.627494,41.918219],[-87.627354,41.918003],[-87.626832,41.918301],[-87.6268,41.918251],[-87.627856,41.917643],[-87.627891,41.917673],[-87.627915,41.917654],[-87.627909,41.9176],[-87.627582,41.917215],[-87.627354,41.917057],[-87.627085,41.916838],[-87.626935,41.916691],[-87.626846,41.916562],[-87.626771,41.91651],[-87.626705,41.916435],[-87.626093,41.916836],[-87.626044,41.916794],[-87.626813,41.916286],[-87.626632,41.916134],[-87.626288,41.915758],[-87.626085,41.915632],[-87.625921,41.915586],[-87.6258,41.91553],[-87.625644,41.915367],[-87.625451,41.915225],[-87.625093,41.914899],[-87.624867,41.914725],[-87.624547,41.914547],[-87.624339,41.914385],[-87.624025,41.914176],[-87.623194,41.913776],[-87.622906,41.913681],[-87.622427,41.913573],[-87.621732,41.913528],[-87.621164,41.913588],[-87.621012,41.913641],[-87.620773,41.913771],[-87.620617,41.913793],[-87.620553,41.91376],[-87.62052,41.913715],[-87.620486,41.91361],[-87.620494,41.913562],[-87.620565,41.913432],[-87.620572,41.91337],[-87.620442,41.913489],[-87.620374,41.913575],[-87.620292,41.913709],[-87.620212,41.913907],[-87.62019,41.914085],[-87.620208,41.914556],[-87.62024,41.914626],[-87.620305,41.914703],[-87.620467,41.914794],[-87.620615,41.914822],[-87.620742,41.91482],[-87.620841,41.914798],[-87.620955,41.914749],[-87.620989,41.914785],[-87.620879,41.914835],[-87.620773,41.914862],[-87.620662,41.914871],[-87.620497,41.914852],[-87.620378,41.914809],[-87.620292,41.914757],[-87.620195,41.914656],[-87.620156,41.914579],[-87.62014,41.914497],[-87.620132,41.914058],[-87.620166,41.913857],[-87.620294,41.913589],[-87.620501,41.913359],[-87.620779,41.913176],[-87.621156,41.913027],[-87.621587,41.912934],[-87.622208,41.912882],[-87.622529,41.912817],[-87.622934,41.912674],[-87.62329,41.91247],[-87.624663,41.911416],[-87.624687,41.910852],[-87.624703,41.910796],[-87.624802,41.910622],[-87.625017,41.910427],[-87.625095,41.910265],[-87.625145,41.909819],[-87.62509,41.909111],[-87.625019,41.90854],[-87.624809,41.907527],[-87.624596,41.906999],[-87.623572,41.904077],[-87.623723,41.904049],[-87.625004,41.904001],[-87.625848,41.903988],[-87.625841,41.904902],[-87.62871,41.904854],[-87.628773,41.906599],[-87.628787,41.908004],[-87.628886,41.911223],[-87.631006,41.911189],[-87.631382,41.911198],[-87.631682,41.911181],[-87.631712,41.911292],[-87.631861,41.911553],[-87.632815,41.913108],[-87.632913,41.91307],[-87.633069,41.91298],[-87.633115,41.912911],[-87.638382,41.912823],[-87.638778,41.912876],[-87.639775,41.912865],[-87.639861,41.912875],[-87.639806,41.911097],[-87.643064,41.911043],[-87.643615,41.911005],[-87.644356,41.910987],[-87.644449,41.913886],[-87.648361,41.913827],[-87.648272,41.91092],[-87.649501,41.9109],[-87.653205,41.91356],[-87.653212,41.913735],[-87.653396,41.913695],[-87.65828,41.917194],[-87.658214,41.91728],[-87.658203,41.917343],[-87.658279,41.919847],[-87.657067,41.919867],[-87.657126,41.92168],[-87.658335,41.921661],[-87.658394,41.923477],[-87.657187,41.923495],[-87.657228,41.924812],[-87.657249,41.925312],[-87.658453,41.925292],[-87.658534,41.927993],[-87.65871,41.932556],[-87.64987,41.9327],[-87.638089,41.932932],[-87.637346,41.932931],[-87.63624,41.932854],[-87.63619,41.932971],[-87.63183,41.933054]]]}},{"type":"Feature","properties":{"ward":"44","label_lon":-87.649517,"label_lat":41.943503,"labels":{"names":[-87.646151,41.943493],"tenure":[-87.646151,41.943493],"absence":[-87.646151,41.943493]}},"geometry":{"type":"Polygon","coordinates":[[[-87.65684,41.952572],[-87.656806,41.951087],[-87.653235,41.951144],[-87.653173,41.949062],[-87.649542,41.949115],[-87.64943,41.945461],[-87.649219,41.94544],[-87.646313,41.945466],[-87.646148,41.945502],[-87.64574,41.944841],[-87.642,41.946109],[-87.641797,41.94616],[-87.642207,41.946872],[-87.642062,41.947025],[-87.641618,41.947177],[-87.640986,41.94737],[-87.640743,41.947618],[-87.638239,41.948207],[-87.638036,41.948267],[-87.637906,41.948013],[-87.637546,41.947433],[-87.636885,41.946556],[-87.63649,41.946078],[-87.636253,41.945764],[-87.634995,41.944407],[-87.633164,41.942743],[-87.633051,41.94262],[-87.63301,41.942548],[-87.632996,41.94248],[-87.633028,41.942335],[-87.633082,41.942267],[-87.633155,41.942213],[-87.633254,41.942177],[-87.633421,41.942146],[-87.63387,41.941404],[-87.633853,41.941344],[-87.633856,41.941099],[-87.633882,41.940725],[-87.633856,41.940385],[-87.633733,41.940016],[-87.633554,41.939357],[-87.633306,41.938747],[-87.633051,41.938194],[-87.632985,41.938076],[-87.632365,41.937381],[-87.632292,41.937235],[-87.632426,41.937182],[-87.632294,41.93691],[-87.632236,41.936697],[-87.632188,41.936476],[-87.632206,41.936387],[-87.63217,41.936137],[-87.632101,41.93584],[-87.632043,41.935752],[-87.632028,41.935687],[-87.63196,41.935595],[-87.63192,41.935482],[-87.631875,41.935447],[-87.631721,41.935188],[-87.631592,41.935047],[-87.631448,41.934812],[-87.630707,41.933914],[-87.630504,41.933747],[-87.630443,41.933666],[-87.630424,41.933504],[-87.630472,41.933328],[-87.63053,41.933215],[-87.630612,41.933164],[-87.630713,41.933062],[-87.630705,41.932707],[-87.630692,41.932584],[-87.630662,41.932555],[-87.630664,41.932534],[-87.630709,41.932522],[-87.630762,41.932568],[-87.630773,41.933026],[-87.630731,41.933036],[-87.630731,41.933063],[-87.630898,41.932994],[-87.6311,41.93297],[-87.63183,41.932963],[-87.63183,41.933054],[-87.63619,41.932971],[-87.63624,41.932854],[-87.637346,41.932931],[-87.638089,41.932932],[-87.64987,41.9327],[-87.65871,41.932556],[-87.658969,41.939838],[-87.660718,41.939802],[-87.663821,41.939765],[-87.663833,41.940219],[-87.664448,41.940212],[-87.66454,41.943408],[-87.665132,41.943399],[-87.665143,41.943787],[-87.665747,41.943781],[-87.665818,41.946542],[-87.666426,41.94653],[-87.66653,41.950674],[-87.664118,41.950711],[-87.664169,41.952533],[-87.660827,41.952581],[-87.66225,41.954378],[-87.656792,41.954452],[-87.656848,41.953972],[-87.656811,41.952706],[-87.65684,41.952572]]]}},{"type":"Feature","properties":{"ward":"45","label_lon":-87.77553,"label_lat":41.982409,"labels":{"names":[-87.775517,41.982337],"tenure":[-87.775517,41.982337],"absence":[-87.775517,41.982337]}},"geometry":{"type":"Polygon","coordinates":[[[-87.773345,42.011949],[-87.770359,42.006194],[-87.769949,42.006376],[-87.769198,42.004914],[-87.765795,42.003325],[-87.765467,42.003735],[-87.767543,42.004706],[-87.767462,42.008322],[-87.761664,42.008272],[-87.761858,42.003543],[-87.761885,42.00324],[-87.761953,42.002657],[-87.761993,42.002489],[-87.76227,42.001687],[-87.761433,42.001316],[-87.758653,42.000018],[-87.75662,41.999048],[-87.756367,41.998944],[-87.755465,41.998524],[-87.754443,41.99804],[-87.754348,41.997977],[-87.752906,41.997301],[-87.759756,41.997329],[-87.764803,41.99733],[-87.765768,41.997349],[-87.766325,41.997329],[-87.767103,41.997272],[-87.768041,41.997243],[-87.769494,41.997155],[-87.77033,41.99714],[-87.771011,41.997153],[-87.771699,41.997189],[-87.774045,41.997389],[-87.775484,41.997442],[-87.776619,41.997443],[-87.782417,41.99739],[-87.783302,41.997398],[-87.787443,41.997356],[-87.787448,41.997042],[-87.78748,41.996694],[-87.7876,41.990166],[-87.787477,41.99013],[-87.786436,41.990118],[-87.785774,41.990139],[-87.778733,41.990207],[-87.777891,41.990202],[-87.777895,41.989961],[-87.769588,41.985672],[-87.763963,41.982746],[-87.75215,41.975501],[-87.747912,41.972881],[-87.747886,41.970598],[-87.747826,41.969398],[-87.74778,41.969154],[-87.747565,41.968618],[-87.747559,41.968535],[-87.747722,41.968029],[-87.747725,41.967083],[-87.747636,41.964517],[-87.747595,41.96424],[-87.747415,41.963833],[-87.747062,41.96317],[-87.746981,41.962995],[-87.746963,41.9629],[-87.74701,41.962793],[-87.747376,41.96243],[-87.746715,41.962023],[-87.744568,41.960755],[-87.743534,41.960768],[-87.743317,41.960655],[-87.74167,41.959643],[-87.739414,41.958302],[-87.738763,41.957949],[-87.737504,41.95722],[-87.735272,41.955967],[-87.734775,41.955756],[-87.733961,41.955321],[-87.730939,41.953618],[-87.727617,41.953648],[-87.727669,41.955477],[-87.722812,41.955541],[-87.722739,41.95551],[-87.722051,41.955029],[-87.721901,41.955031],[-87.721525,41.955036],[-87.72154,41.95556],[-87.717867,41.955608],[-87.71776,41.951958],[-87.718654,41.951958],[-87.725084,41.951869],[-87.725058,41.951922],[-87.725081,41.952758],[-87.727588,41.952722],[-87.727532,41.950906],[-87.72801,41.951195],[-87.729137,41.951833],[-87.73242,41.951785],[-87.732473,41.953597],[-87.742526,41.953474],[-87.742557,41.953103],[-87.742525,41.953007],[-87.74243,41.949838],[-87.742671,41.949838],[-87.742661,41.949377],[-87.746566,41.949321],[-87.746579,41.94978],[-87.748887,41.94975],[-87.74976,41.949738],[-87.749744,41.949285],[-87.752117,41.949253],[-87.752183,41.951512],[-87.75709,41.951452],[-87.757104,41.951902],[-87.759565,41.951873],[-87.759611,41.953272],[-87.752239,41.95336],[-87.752302,41.955185],[-87.752193,41.955186],[-87.752297,41.955466],[-87.752361,41.955832],[-87.752366,41.956183],[-87.752335,41.956472],[-87.752788,41.957004],[-87.752072,41.957013],[-87.752466,41.957465],[-87.757284,41.957405],[-87.757326,41.958776],[-87.767184,41.958656],[-87.767392,41.965045],[-87.777165,41.964916],[-87.777161,41.964779],[-87.781976,41.964711],[-87.781966,41.966601],[-87.777231,41.966668],[-87.777268,41.967649],[-87.778234,41.968533],[-87.78559,41.968442],[-87.785446,41.975506],[-87.785896,41.975656],[-87.786663,41.975655],[-87.786534,41.982069],[-87.787752,41.982061],[-87.787626,41.988775],[-87.795378,41.993106],[-87.79482,41.993674],[-87.794727,41.993695],[-87.7917,41.993712],[-87.791652,41.993764],[-87.792298,41.997193],[-87.79231,41.997324],[-87.790888,41.997331],[-87.790872,41.998888],[-87.790216,41.998903],[-87.789582,41.999229],[-87.790648,42.000399],[-87.782003,42.004498],[-87.782236,42.00465],[-87.782551,42.004894],[-87.782769,42.005085],[-87.783103,42.005423],[-87.787523,42.010591],[-87.787603,42.010558],[-87.788822,42.011995],[-87.787786,42.012008],[-87.786618,42.011992],[-87.782071,42.011998],[-87.781538,42.012009],[-87.779266,42.011992],[-87.779148,42.013565],[-87.779104,42.015442],[-87.776972,42.015386],[-87.777053,42.011982],[-87.773345,42.011949]]]}},{"type":"Feature","properties":{"ward":"46","label_lon":-87.653137,"label_lat":41.958161,"labels":{"names":[-87.649745,41.958226],"tenure":[-87.645647,41.958226],"absence":[-87.645647,41.958226]}},"geometry":{"type":"Polygon","coordinates":[[[-87.645213,41.969735],[-87.644298,41.969897],[-87.643672,41.96924],[-87.643146,41.968773],[-87.642628,41.968354],[-87.642744,41.968272],[-87.643013,41.968494],[-87.643272,41.968306],[-87.642965,41.968055],[-87.6429,41.968035],[-87.642802,41.968046],[-87.642616,41.968165],[-87.642669,41.968215],[-87.642558,41.968296],[-87.641973,41.96783],[-87.641679,41.967623],[-87.640486,41.966925],[-87.639,41.966568],[-87.637426,41.966035],[-87.63644,41.965782],[-87.63587,41.965668],[-87.635094,41.96554],[-87.634529,41.965485],[-87.634096,41.965482],[-87.633552,41.965432],[-87.63298,41.965359],[-87.632579,41.965256],[-87.631995,41.965068],[-87.632017,41.965622],[-87.631996,41.965931],[-87.631921,41.966391],[-87.631841,41.966695],[-87.631695,41.967106],[-87.631554,41.967415],[-87.631301,41.967866],[-87.631,41.968302],[-87.630962,41.968421],[-87.630972,41.968504],[-87.631029,41.968622],[-87.631098,41.96869],[-87.631184,41.968739],[-87.631388,41.96879],[-87.631535,41.968785],[-87.631632,41.96876],[-87.631792,41.968664],[-87.631846,41.968599],[-87.631888,41.968507],[-87.631882,41.968352],[-87.631844,41.96828],[-87.631751,41.968187],[-87.63182,41.968146],[-87.631914,41.96824],[-87.631964,41.968329],[-87.631984,41.968413],[-87.631969,41.968541],[-87.631904,41.96866],[-87.631775,41.968769],[-87.631625,41.968832],[-87.631399,41.968858],[-87.63123,41.968832],[-87.63108,41.968769],[-87.630946,41.968657],[-87.630882,41.96854],[-87.630869,41.968414],[-87.630909,41.968288],[-87.631169,41.967927],[-87.631347,41.96763],[-87.631638,41.967015],[-87.631798,41.966531],[-87.631907,41.965923],[-87.631927,41.965458],[-87.631891,41.96495],[-87.631806,41.964494],[-87.631674,41.964038],[-87.631414,41.963869],[-87.63122,41.963685],[-87.631067,41.963461],[-87.630996,41.963232],[-87.631015,41.962984],[-87.631074,41.962835],[-87.631314,41.962547],[-87.631454,41.962453],[-87.631726,41.962317],[-87.632208,41.96219],[-87.632889,41.961914],[-87.633463,41.961746],[-87.633685,41.961635],[-87.633854,41.961531],[-87.634224,41.961384],[-87.634574,41.961146],[-87.634851,41.960913],[-87.635291,41.960456],[-87.635588,41.960198],[-87.635993,41.959896],[-87.636316,41.959698],[-87.636639,41.959541],[-87.636901,41.959462],[-87.637458,41.959366],[-87.63794,41.959344],[-87.638167,41.95935],[-87.638729,41.959398],[-87.638949,41.959425],[-87.63933,41.959497],[-87.63977,41.959609],[-87.640099,41.95967],[-87.6403,41.959192],[-87.640369,41.959207],[-87.640161,41.959689],[-87.640472,41.959782],[-87.640667,41.959883],[-87.640803,41.959977],[-87.640938,41.960227],[-87.640967,41.960371],[-87.640947,41.96049],[-87.640861,41.96065],[-87.640735,41.960786],[-87.640657,41.96083],[-87.640509,41.96088],[-87.640378,41.960904],[-87.640264,41.960894],[-87.640122,41.960832],[-87.639683,41.960584],[-87.639324,41.960403],[-87.639075,41.960328],[-87.638822,41.960287],[-87.638472,41.960276],[-87.638165,41.960308],[-87.637862,41.96036],[-87.637643,41.960403],[-87.637319,41.960493],[-87.637031,41.960602],[-87.636769,41.960726],[-87.636391,41.960936],[-87.636066,41.961171],[-87.63583,41.961384],[-87.635565,41.961695],[-87.635396,41.961944],[-87.635347,41.962038],[-87.635326,41.962134],[-87.63533,41.962307],[-87.635374,41.962429],[-87.63551,41.962615],[-87.635625,41.96271],[-87.635726,41.962768],[-87.635923,41.962845],[-87.636129,41.962875],[-87.63631,41.962888],[-87.636846,41.962876],[-87.637907,41.962754],[-87.637892,41.962694],[-87.638364,41.962642],[-87.638375,41.962696],[-87.64125,41.962338],[-87.641639,41.962224],[-87.641851,41.962099],[-87.642064,41.96191],[-87.64217,41.96176],[-87.64224,41.961621],[-87.642276,41.961516],[-87.642296,41.961371],[-87.642282,41.961185],[-87.642233,41.961033],[-87.642196,41.960957],[-87.641949,41.960678],[-87.641673,41.960444],[-87.641596,41.960347],[-87.641525,41.960183],[-87.641522,41.960091],[-87.641613,41.959396],[-87.641022,41.959351],[-87.641026,41.959297],[-87.641629,41.959331],[-87.641745,41.958364],[-87.641582,41.957664],[-87.641527,41.957152],[-87.641424,41.956592],[-87.641347,41.956291],[-87.641288,41.955856],[-87.641013,41.954761],[-87.640845,41.95425],[-87.640782,41.954177],[-87.640668,41.953892],[-87.640592,41.953612],[-87.640487,41.953601],[-87.640224,41.952888],[-87.639792,41.9519],[-87.638637,41.949429],[-87.638036,41.948267],[-87.638239,41.948207],[-87.640743,41.947618],[-87.640986,41.94737],[-87.641618,41.947177],[-87.642062,41.947025],[-87.642207,41.946872],[-87.641797,41.94616],[-87.642,41.946109],[-87.64574,41.944841],[-87.646148,41.945502],[-87.646313,41.945466],[-87.649219,41.94544],[-87.64943,41.945461],[-87.649542,41.949115],[-87.653173,41.949062],[-87.653235,41.951144],[-87.656806,41.951087],[-87.65684,41.952572],[-87.656811,41.952706],[-87.656848,41.953972],[-87.656792,41.954452],[-87.66225,41.954378],[-87.660827,41.952581],[-87.664169,41.952533],[-87.664118,41.950711],[-87.665752,41.950686],[-87.665763,41.951138],[-87.668971,41.951097],[-87.669049,41.95429],[-87.664215,41.954355],[-87.664297,41.957278],[-87.664258,41.957621],[-87.664471,41.957956],[-87.664845,41.958803],[-87.665186,41.959628],[-87.665906,41.961473],[-87.665986,41.961746],[-87.667497,41.9689],[-87.661267,41.969001],[-87.661046,41.969019],[-87.661075,41.969128],[-87.661041,41.969244],[-87.661107,41.971439],[-87.659736,41.971458],[-87.659458,41.971514],[-87.654877,41.971581],[-87.654051,41.971649],[-87.654035,41.971625],[-87.653953,41.971593],[-87.650419,41.97164],[-87.649937,41.97021],[-87.649636,41.969175],[-87.645213,41.969735]]]}},{"type":"Feature","properties":{"ward":"47","label_lon":-87.679326,"label_lat":41.956044,"labels":{"names":[-87.673864,41.954697],"tenure":[-87.673864,41.954697],"absence":[-87.673864,41.954697]}},"geometry":{"type":"Polygon","coordinates":[[[-87.659866,41.976323],[-87.659768,41.972676],[-87.66114,41.972652],[-87.661041,41.969244],[-87.661075,41.969128],[-87.661046,41.969019],[-87.661267,41.969001],[-87.667497,41.9689],[-87.665986,41.961746],[-87.665906,41.961473],[-87.665186,41.959628],[-87.664845,41.958803],[-87.664471,41.957956],[-87.664258,41.957621],[-87.664297,41.957278],[-87.664215,41.954355],[-87.669049,41.95429],[-87.668971,41.951097],[-87.665763,41.951138],[-87.665752,41.950686],[-87.66653,41.950674],[-87.666426,41.94653],[-87.665818,41.946542],[-87.665747,41.943781],[-87.665143,41.943787],[-87.665132,41.943399],[-87.676031,41.943247],[-87.67608,41.945063],[-87.679715,41.945025],[-87.679752,41.946377],[-87.680969,41.946358],[-87.680981,41.946831],[-87.688258,41.946731],[-87.68808,41.940605],[-87.687987,41.936104],[-87.68815,41.936195],[-87.688527,41.936447],[-87.688912,41.936498],[-87.689315,41.936523],[-87.689431,41.93655],[-87.689934,41.936608],[-87.690072,41.936648],[-87.690413,41.936905],[-87.690717,41.937399],[-87.690781,41.937542],[-87.690872,41.937854],[-87.691057,41.93824],[-87.691486,41.938792],[-87.69167,41.938925],[-87.691903,41.939001],[-87.691935,41.93903],[-87.692079,41.939085],[-87.692234,41.939178],[-87.692343,41.939218],[-87.692443,41.939312],[-87.692439,41.939381],[-87.692662,41.939457],[-87.692794,41.939523],[-87.69306,41.939777],[-87.693377,41.939986],[-87.693467,41.940096],[-87.693529,41.940136],[-87.693633,41.940255],[-87.69367,41.940362],[-87.693832,41.940569],[-87.69387,41.940695],[-87.693947,41.940789],[-87.694082,41.941023],[-87.694176,41.941122],[-87.694311,41.941339],[-87.694591,41.941699],[-87.695279,41.942766],[-87.695428,41.943204],[-87.695481,41.943579],[-87.696188,41.946573],[-87.696221,41.947018],[-87.696311,41.947384],[-87.696339,41.947611],[-87.696372,41.947736],[-87.696466,41.947949],[-87.696602,41.948518],[-87.696828,41.949693],[-87.696864,41.950006],[-87.69684,41.95024],[-87.696768,41.950435],[-87.696538,41.95085],[-87.696402,41.951025],[-87.69625,41.951269],[-87.696118,41.951558],[-87.69579,41.952158],[-87.695497,41.952614],[-87.695398,41.952712],[-87.695073,41.953107],[-87.694647,41.953681],[-87.694584,41.953809],[-87.694555,41.953922],[-87.694484,41.954477],[-87.694443,41.954659],[-87.694438,41.95494],[-87.694445,41.955022],[-87.694473,41.955054],[-87.694465,41.95537],[-87.69443,41.955517],[-87.694393,41.95588],[-87.694392,41.956377],[-87.69437,41.956545],[-87.694367,41.956825],[-87.694274,41.95685],[-87.694267,41.95703],[-87.694376,41.95706],[-87.694376,41.957424],[-87.69434,41.957679],[-87.694343,41.957851],[-87.694402,41.958074],[-87.694456,41.958617],[-87.69458,41.959204],[-87.694598,41.959392],[-87.694586,41.959641],[-87.694665,41.960055],[-87.694703,41.961102],[-87.694759,41.961314],[-87.694845,41.961475],[-87.695013,41.961902],[-87.695072,41.96199],[-87.695088,41.96209],[-87.69518,41.962214],[-87.695406,41.962788],[-87.695624,41.963179],[-87.695972,41.963561],[-87.696051,41.963682],[-87.696673,41.964288],[-87.69693,41.964574],[-87.697038,41.964721],[-87.697292,41.96491],[-87.697573,41.965175],[-87.698312,41.965885],[-87.698596,41.9662],[-87.697463,41.96621],[-87.697472,41.96627],[-87.697666,41.966404],[-87.697984,41.96671],[-87.689029,41.966782],[-87.688848,41.966758],[-87.688965,41.970412],[-87.685408,41.970486],[-87.679239,41.970574],[-87.679296,41.972398],[-87.676309,41.972445],[-87.676323,41.973314],[-87.674957,41.973346],[-87.674747,41.973364],[-87.66956,41.973436],[-87.669577,41.974339],[-87.668208,41.974366],[-87.668417,41.976191],[-87.659866,41.976323]]]}},{"type":"Feature","properties":{"ward":"48","label_lon":-87.659699,"label_lat":41.983567,"labels":{"names":[-87.640562,41.987823],"tenure":[-87.650125,41.987823],"absence":[-87.650125,41.987823]}},"geometry":{"type":"Polygon","coordinates":[[[-87.644298,41.969897],[-87.645163,41.969742],[-87.645508,41.969695],[-87.649636,41.969175],[-87.649937,41.97021],[-87.650419,41.97164],[-87.653953,41.971593],[-87.654035,41.971625],[-87.654051,41.971649],[-87.654877,41.971581],[-87.659458,41.971514],[-87.659736,41.971458],[-87.661107,41.971439],[-87.66114,41.972652],[-87.659768,41.972676],[-87.659866,41.976323],[-87.668417,41.976191],[-87.668272,41.979732],[-87.668414,41.981527],[-87.668538,41.982407],[-87.668649,41.98299],[-87.6692,41.985519],[-87.669572,41.986783],[-87.669707,41.987533],[-87.669826,41.988374],[-87.669847,41.988423],[-87.669976,41.989524],[-87.670227,41.996455],[-87.670319,41.99704],[-87.670591,41.998076],[-87.6569,41.99823],[-87.655126,41.998233],[-87.655129,41.998301],[-87.654997,41.998296],[-87.655,41.998317],[-87.654682,41.998329],[-87.654596,41.998241],[-87.654528,41.998113],[-87.654444,41.997683],[-87.654423,41.997368],[-87.654438,41.997277],[-87.654285,41.996364],[-87.654262,41.995993],[-87.654271,41.995958],[-87.654295,41.995951],[-87.654315,41.995967],[-87.654354,41.996075],[-87.654451,41.996086],[-87.654595,41.996063],[-87.654638,41.996041],[-87.654644,41.995946],[-87.654664,41.995943],[-87.654639,41.995684],[-87.65458,41.99553],[-87.654485,41.99537],[-87.654498,41.995272],[-87.654485,41.995128],[-87.654559,41.994956],[-87.654557,41.994763],[-87.6546,41.994531],[-87.654391,41.994533],[-87.654361,41.994295],[-87.6543,41.994265],[-87.654266,41.994108],[-87.654259,41.993966],[-87.65428,41.993881],[-87.654433,41.993861],[-87.654505,41.993668],[-87.654506,41.993657],[-87.654449,41.993654],[-87.654471,41.993626],[-87.654472,41.993572],[-87.654466,41.99348],[-87.654451,41.993478],[-87.654455,41.993464],[-87.654511,41.99346],[-87.654527,41.993392],[-87.654286,41.99308],[-87.654257,41.993064],[-87.6541,41.993051],[-87.654093,41.993006],[-87.654149,41.992584],[-87.65421,41.992371],[-87.6543,41.991814],[-87.654325,41.990996],[-87.654413,41.990993],[-87.654382,41.990925],[-87.654238,41.990867],[-87.654189,41.990292],[-87.654187,41.990216],[-87.654209,41.990167],[-87.654306,41.990122],[-87.654289,41.990068],[-87.654202,41.989964],[-87.654193,41.989924],[-87.654233,41.989689],[-87.654227,41.989532],[-87.654198,41.989464],[-87.654196,41.989376],[-87.654238,41.988659],[-87.654231,41.988541],[-87.654244,41.98852],[-87.654304,41.988502],[-87.654308,41.988406],[-87.653931,41.987976],[-87.653543,41.98757],[-87.653388,41.987458],[-87.653092,41.987297],[-87.652664,41.986968],[-87.652262,41.986692],[-87.651926,41.986429],[-87.65159,41.986137],[-87.651405,41.986026],[-87.651056,41.985764],[-87.650977,41.985723],[-87.650665,41.985608],[-87.65028,41.985545],[-87.650138,41.985509],[-87.650048,41.985467],[-87.649894,41.985422],[-87.649396,41.986404],[-87.649352,41.986393],[-87.650221,41.984669],[-87.650365,41.984339],[-87.650539,41.983834],[-87.650683,41.983192],[-87.650724,41.982859],[-87.650741,41.982481],[-87.650705,41.9811],[-87.650669,41.980661],[-87.650608,41.980411],[-87.650555,41.980277],[-87.650223,41.979722],[-87.650384,41.979616],[-87.650439,41.979545],[-87.650475,41.979457],[-87.650281,41.979392],[-87.650233,41.979358],[-87.649765,41.978906],[-87.648774,41.978153],[-87.648651,41.977997],[-87.648604,41.97784],[-87.647543,41.977783],[-87.647369,41.977763],[-87.64712,41.977701],[-87.646965,41.97764],[-87.646693,41.977472],[-87.646145,41.977837],[-87.646115,41.97781],[-87.646662,41.977443],[-87.646477,41.977227],[-87.646393,41.977045],[-87.646366,41.976919],[-87.646258,41.973468],[-87.646207,41.973098],[-87.646143,41.972855],[-87.646005,41.972499],[-87.645689,41.97187],[-87.64545,41.971456],[-87.645027,41.970799],[-87.644298,41.969897]]]}},{"type":"Feature","properties":{"ward":"49","label_lon":-87.671099,"label_lat":42.010677,"labels":{"names":[-87.671017,42.01155],"tenure":[-87.671017,42.012057],"absence":[-87.671017,42.012057]}},"geometry":{"type":"Polygon","coordinates":[[[-87.657287,42.004212],[-87.657289,42.003925],[-87.657238,42.003711],[-87.657114,42.003563],[-87.656975,42.003201],[-87.657005,42.003129],[-87.656919,42.002949],[-87.656875,42.002753],[-87.656897,42.0026],[-87.656865,42.002521],[-87.65659,42.002151],[-87.656445,42.002064],[-87.655993,42.001096],[-87.655965,42.000933],[-87.656038,42.000795],[-87.656007,42.00066],[-87.655651,41.999611],[-87.655308,41.99911],[-87.655214,41.99906],[-87.654826,41.998503],[-87.654682,41.998329],[-87.655,41.998317],[-87.654997,41.998296],[-87.655129,41.998301],[-87.655126,41.998233],[-87.6569,41.99823],[-87.670591,41.998076],[-87.670967,41.999078],[-87.671252,42.000007],[-87.671857,42.001704],[-87.675118,42.001646],[-87.675196,42.004368],[-87.675559,42.004386],[-87.67976,42.004306],[-87.681761,42.00865],[-87.681931,42.009055],[-87.683053,42.01222],[-87.683523,42.012209],[-87.687557,42.012253],[-87.68751,42.017374],[-87.687547,42.017413],[-87.687637,42.017418],[-87.690197,42.017437],[-87.690174,42.019528],[-87.686294,42.019508],[-87.682676,42.019465],[-87.67728,42.019427],[-87.677079,42.019408],[-87.67607,42.019395],[-87.673121,42.019386],[-87.676241,42.021928],[-87.676646,42.02246],[-87.677056,42.023039],[-87.665126,42.022948],[-87.665267,42.022747],[-87.665284,42.022696],[-87.665267,42.022618],[-87.665165,42.022472],[-87.665051,42.022362],[-87.664939,42.022291],[-87.664846,42.022266],[-87.664794,42.022223],[-87.664749,42.022089],[-87.664699,42.022025],[-87.664632,42.021872],[-87.664649,42.021785],[-87.664718,42.021734],[-87.664645,42.02161],[-87.664449,42.021428],[-87.664186,42.021252],[-87.664009,42.021332],[-87.663858,42.020728],[-87.663884,42.020719],[-87.663809,42.02045],[-87.663739,42.02039],[-87.663729,42.020361],[-87.663754,42.020346],[-87.663927,42.020317],[-87.663885,42.020181],[-87.664008,42.020177],[-87.663855,42.019659],[-87.663878,42.019642],[-87.663927,42.019642],[-87.663928,42.019603],[-87.663879,42.019515],[-87.663642,42.019504],[-87.663638,42.019373],[-87.663834,42.019364],[-87.663856,42.019348],[-87.663869,42.019204],[-87.663986,42.019185],[-87.66398,42.019076],[-87.663715,42.018741],[-87.663566,42.018628],[-87.663418,42.018621],[-87.663355,42.018583],[-87.663282,42.018434],[-87.663282,42.018322],[-87.663327,42.018301],[-87.663333,42.018151],[-87.663412,42.018149],[-87.663344,42.017968],[-87.663288,42.017922],[-87.663269,42.017852],[-87.663302,42.01782],[-87.663273,42.017765],[-87.663143,42.017723],[-87.66313,42.017294],[-87.663195,42.01729],[-87.663184,42.017211],[-87.663153,42.017172],[-87.662999,42.017139],[-87.662995,42.017093],[-87.663059,42.016882],[-87.663094,42.016855],[-87.663005,42.016742],[-87.662878,42.016699],[-87.662841,42.016649],[-87.662805,42.016648],[-87.662766,42.016536],[-87.66275,42.016265],[-87.662725,42.016191],[-87.662625,42.016122],[-87.662554,42.016045],[-87.662539,42.015948],[-87.662583,42.015857],[-87.662547,42.015804],[-87.662527,42.015606],[-87.662465,42.015427],[-87.662291,42.015215],[-87.662219,42.015105],[-87.662171,42.014981],[-87.662086,42.014963],[-87.661999,42.014584],[-87.661895,42.014426],[-87.661784,42.014043],[-87.661699,42.013973],[-87.661572,42.013731],[-87.661504,42.013473],[-87.661515,42.013409],[-87.661605,42.01336],[-87.661621,42.01332],[-87.6615,42.013124],[-87.661326,42.01295],[-87.661249,42.012773],[-87.661191,42.01277],[-87.661197,42.012693],[-87.661176,42.012588],[-87.661132,42.012499],[-87.660934,42.012227],[-87.660939,42.012209],[-87.661074,42.012168],[-87.661026,42.012046],[-87.660788,42.011753],[-87.660643,42.01162],[-87.660384,42.011447],[-87.660147,42.01124],[-87.660139,42.011219],[-87.660278,42.011155],[-87.66012,42.010981],[-87.659217,42.01024],[-87.658897,42.009849],[-87.65889,42.009783],[-87.658953,42.00976],[-87.658841,42.009749],[-87.65879,42.00971],[-87.658661,42.00954],[-87.658116,42.009051],[-87.657519,42.008454],[-87.657338,42.008316],[-87.65698,42.008001],[-87.65684,42.007844],[-87.656745,42.00768],[-87.65646,42.007422],[-87.655348,42.006689],[-87.655844,42.006307],[-87.657394,42.006279],[-87.657412,42.006201],[-87.657421,42.005616],[-87.657312,42.005072],[-87.657071,42.004622],[-87.657046,42.004596],[-87.657022,42.004595],[-87.657026,42.004531],[-87.656968,42.004418],[-87.656823,42.00425],[-87.656825,42.004215],[-87.657287,42.004212]]]}},{"type":"Feature","properties":{"ward":"50","label_lon":-87.699744,"label_lat":42.002792,"labels":{"names":[-87.699726,41.999745],"tenure":[-87.699726,41.999237],"absence":[-87.699726,41.999237]}},"geometry":{"type":"Polygon","coordinates":[[[-87.681891,42.008961],[-87.68266,42.008928],[-87.68242,42.008379],[-87.690147,42.008051],[-87.690162,42.00863],[-87.690372,42.008652],[-87.694966,42.008559],[-87.694947,42.004947],[-87.690679,42.005023],[-87.690703,42.005919],[-87.690092,42.005928],[-87.689931,41.999544],[-87.687496,41.999586],[-87.687508,42.000035],[-87.68281,42.000121],[-87.68021,42.000144],[-87.680215,42.000315],[-87.677938,42.000357],[-87.676837,41.997959],[-87.682573,41.997854],[-87.682389,41.994219],[-87.689475,41.994097],[-87.6983,41.993993],[-87.698181,41.99045],[-87.70304,41.990423],[-87.702973,41.988341],[-87.702991,41.988265],[-87.703312,41.987967],[-87.699238,41.985545],[-87.699157,41.983121],[-87.706902,41.98308],[-87.707011,41.983423],[-87.707025,41.983535],[-87.707073,41.983634],[-87.707186,41.983979],[-87.707261,41.984284],[-87.707393,41.984595],[-87.70744,41.984796],[-87.707509,41.984953],[-87.707507,41.985168],[-87.707719,41.985685],[-87.707822,41.986028],[-87.707828,41.98614],[-87.707876,41.986346],[-87.707767,41.986403],[-87.70777,41.986487],[-87.707848,41.986471],[-87.707944,41.986523],[-87.708156,41.987039],[-87.708216,41.987354],[-87.708248,41.987448],[-87.708283,41.98748],[-87.708266,41.987538],[-87.708307,41.987631],[-87.708315,41.987733],[-87.708471,41.988188],[-87.708518,41.988423],[-87.708508,41.988471],[-87.708481,41.988492],[-87.708591,41.988673],[-87.708688,41.988896],[-87.708772,41.989281],[-87.708827,41.989437],[-87.708863,41.989455],[-87.708914,41.989754],[-87.708976,41.989958],[-87.709001,41.990158],[-87.709093,41.990385],[-87.721357,41.99023],[-87.721368,41.990664],[-87.72194,41.990656],[-87.721971,41.990659],[-87.72199,41.990679],[-87.722059,41.993722],[-87.723297,41.993721],[-87.723356,41.996806],[-87.722859,41.996804],[-87.722746,41.99679],[-87.722756,41.997156],[-87.722788,41.997262],[-87.714287,41.997309],[-87.709454,41.997388],[-87.709477,42.001172],[-87.709475,42.004519],[-87.709316,42.01054],[-87.70919,42.011668],[-87.709014,42.019131],[-87.690174,42.019528],[-87.690197,42.017437],[-87.687637,42.017418],[-87.687547,42.017413],[-87.68751,42.017374],[-87.687557,42.012253],[-87.683523,42.012209],[-87.683053,42.01222],[-87.681891,42.008961]]]}}]}